,rrr_factor,alb_ice,alb_snow,alb_firn,albedo_aging,albedo_depth,center_snow_transfer,spread_snow_transfer,roughness_fresh_snow,roughness_ice,roughness_firn,aging_factor_roughness,mb,sim1,sim2,sim3,sim4,sim5,sim6,sim7,sim8,sim9,sim10,sim11,sim12,sim13,sim14,sim15,sim16,sim17,sim18,sim19,sim20,sim21,sim22,sim23,sim24,sim25,sim26,sim27,sim28,sim29,sim30,sim31,sim32,sim33,sim34,sim35,sim36,sim37,sim38,sim39,sim40,sim41,sim42,sim43,sim44,sim45,sim46,sim47,sim48,sim49,sim50,sim51,sim52,sim53,sim54,sim55,sim56,sim57,sim58,sim59,sim60,sim61,sim62,sim63,sim64,sim65,sim66,sim67,sim68,sim69,sim70,sim71,sim72,sim73,sim74,sim75,sim76,sim77,sim78,sim79
0,1.303812150122659,0.2199943765184912,0.9119403049292616,0.5755125421835232,18.044380413304623,12.415981729157032,1.0,1.0,0.24,12.419856209189977,4.0,0.0026,0.6716820601392623,0.0,0.0,0.0,0.2301587301587301,0.0,0.0,0.0,0.0,0.0,0.0,0.0,0.0,0.0,0.0,0.0,0.0,0.0,0.0,0.0,0.0873015873015873,0.1349206349206349,0.0873015873015873,0.246031746031746,0.0,0.0,0.0,0.0,0.0,0.0,0.1507936507936507,0.2142857142857142,0.2142857142857142,0.0,0.0,0.0,0.0,0.0,0.0,0.2619047619047619,0.0,0.0,0.0,0.0,0.0,0.0,0.0,0.0,0.1031746031746031,0.2777777777777778,0.2777777777777778,0.2777777777777778,0.1507936507936507,0.2619047619047619,0.0,0.0,0.1984126984126984,0.2777777777777778,0.0,0.0,0.0,0.2777777777777778,0.2936507936507936,0.0,0.0,0.0,0.0,0.0,0.0,0.0,0.0,0.0,0.0,0.0,0.0,0.0,0.2619047619047619,0.2936507936507936,0.0,0.0
1,1.583056733510854,0.163430444362611,0.9214380257427404,0.5673277843688944,22.872382242507783,14.75467064047132,1.0,1.0,0.24,18.137691150823823,4.0,0.0026,1.7086606692904982,0.0,0.0,0.0,0.119047619047619,0.0,0.0,0.0,0.0,0.0,0.0,0.0,0.0,0.0,0.0,0.0,0.0,0.0,0.0,0.0,0.0,0.0,0.0396825396825396,0.1031746031746031,0.0,0.0,0.0,0.0,0.0,0.0,0.0,0.0079365079365079,0.0714285714285714,0.0,0.0,0.0,0.0,0.0,0.0,0.119047619047619,0.0,0.0,0.0,0.0,0.0,0.0,0.0,0.0,0.0,0.1349206349206349,0.1349206349206349,0.1507936507936507,0.1349206349206349,0.1507936507936507,0.0,0.0,0.0873015873015873,0.1666666666666666,0.0,0.0,0.0,0.119047619047619,0.1825396825396825,0.0,0.0,0.0,0.0,0.0,0.0,0.0,0.0,0.0,0.0,0.0,0.0,0.0,0.0,0.1825396825396825,0.0,0.0
2,0.6696708965657581,0.1492699843764843,0.918497906135528,0.6026951724886136,22.4446563791828,12.106251074910716,1.0,1.0,0.24,19.83324944362701,4.0,0.0026,-1.7774695700357483,0.0,0.0,0.0,0.4682539682539682,0.0,0.0,0.0,0.0,0.2777777777777778,0.0,0.0,0.0,0.0,0.1349206349206349,0.2936507936507936,0.0,0.0,0.0,0.0,0.373015873015873,0.4206349206349206,0.4047619047619047,0.5,0.0,0.0,0.0,0.0,0.0,0.1666666666666666,0.4365079365079365,0.5,0.5,0.0,0.0,0.0,0.0,0.0,0.0714285714285714,0.5,0.0,0.0,0.0,0.0,0.0,0.0,0.0,0.0,0.5,0.5158730158730159,0.5158730158730159,0.5158730158730159,0.5158730158730159,0.4047619047619047,0.0,0.0,0.4365079365079365,0.5158730158730159,0.0,0.0,0.1984126984126984,0.5317460317460317,0.4523809523809524,0.0,0.0,0.0,0.0,0.0,0.0,0.0,0.0,0.0,0.0,0.0,0.1984126984126984,0.4047619047619047,0.5317460317460317,0.4206349206349206,0.0,0.0
3,0.7384126723217119,0.1702795081192202,0.9191356740513812,0.667640680283165,21.63177141520401,7.8060865490719635,1.0,1.0,0.24,8.123304530436666,4.0,0.0026,-0.929480635841958,0.0,0.0,0.0,0.4206349206349206,0.0,0.0,0.0,0.0,0.1666666666666666,0.0,0.0,0.0,0.0,0.0079365079365079,0.2142857142857142,0.0,0.0,0.0,0.0,0.2936507936507936,0.3571428571428571,0.2619047619047619,0.4206349206349206,0.0,0.0,0.0,0.0,0.0,0.0079365079365079,0.3888888888888889,0.4206349206349206,0.4206349206349206,0.0,0.0,0.0,0.0,0.0,0.0,0.4206349206349206,0.0,0.0,0.0,0.0,0.0,0.0,0.0,0.0,0.4206349206349206,0.4523809523809524,0.4523809523809524,0.4523809523809524,0.2619047619047619,0.3412698412698413,0.0,0.0,0.373015873015873,0.4523809523809524,0.0,0.0,0.0555555555555555,0.4523809523809524,0.4365079365079365,0.0,0.0,0.0,0.0,0.0,0.0,0.0,0.0,0.0,0.0,0.0,0.1031746031746031,0.3253968253968254,0.4682539682539682,0.4206349206349206,0.0,0.0
4,1.827236277245849,0.1838579841366326,0.9164140351413844,0.5723735712477633,2.6493506320404507,14.726761851119408,1.0,1.0,0.24,16.501063585152774,4.0,0.0026,0.5625445770730725,0.0,0.0,0.0,0.2619047619047619,0.0,0.0,0.0,0.0,0.0,0.0,0.0,0.0,0.0,0.0,0.0,0.0,0.0,0.0,0.0,0.0714285714285714,0.1666666666666666,0.0079365079365079,0.2619047619047619,0.0,0.0,0.0,0.0,0.0,0.0,0.119047619047619,0.2301587301587301,0.2301587301587301,0.0,0.0,0.0,0.0,0.0,0.0,0.2777777777777778,0.0,0.0,0.0,0.0,0.0,0.0,0.0,0.0,0.0476190476190476,0.2777777777777778,0.2777777777777778,0.2936507936507936,0.0634920634920634,0.1984126984126984,0.0,0.0,0.2619047619047619,0.2936507936507936,0.0,0.0,0.0,0.2777777777777778,0.3412698412698413,0.0,0.0,0.0,0.0,0.0,0.0,0.0,0.0,0.0,0.0,0.0,0.0,0.0,0.246031746031746,0.3412698412698413,0.0,0.0
5,1.35740441403694,0.1850942820491075,0.9034499548824414,0.6575957481476884,1.6530162537269315,8.382627446496063,1.0,1.0,0.24,16.120152824238012,4.0,0.0026,-0.5648434836697416,0.0,0.0,0.0,0.373015873015873,0.0,0.0,0.0,0.0,0.0,0.0,0.0,0.0,0.0,0.0,0.1349206349206349,0.0,0.0,0.0,0.0,0.246031746031746,0.2777777777777778,0.0714285714285714,0.3888888888888889,0.0,0.0,0.0,0.0,0.0,0.0,0.2777777777777778,0.3888888888888889,0.2777777777777778,0.0,0.0,0.0,0.0,0.0,0.0,0.4047619047619047,0.0,0.0,0.0,0.0,0.0,0.0,0.0,0.0,0.246031746031746,0.4206349206349206,0.4206349206349206,0.4206349206349206,0.1349206349206349,0.246031746031746,0.0,0.0,0.3888888888888889,0.4365079365079365,0.0,0.0,0.0,0.4365079365079365,0.3888888888888889,0.0,0.0,0.0,0.0,0.0,0.0,0.0,0.0,0.0,0.0,0.0,0.0,0.246031746031746,0.3888888888888889,0.373015873015873,0.0,0.0
6,1.2077413866477305,0.1273350067660036,0.8882598900616491,0.5068463109064333,15.786835152200092,2.115796090794684,1.0,1.0,0.24,15.151464035038984,4.0,0.0026,-0.2272843357345553,0.0,0.0,0.0,0.2936507936507936,0.0,0.0,0.0,0.0,0.0,0.0,0.0,0.0,0.0,0.0,0.1349206349206349,0.0,0.0,0.0,0.0,0.2301587301587301,0.2619047619047619,0.0,0.2936507936507936,0.0,0.0,0.0,0.0,0.0,0.0,0.246031746031746,0.3412698412698413,0.1666666666666666,0.0,0.0,0.0,0.0,0.0,0.0,0.3571428571428571,0.0,0.0,0.0,0.0,0.0,0.0,0.0,0.0,0.2619047619047619,0.373015873015873,0.373015873015873,0.373015873015873,0.0,0.1825396825396825,0.0,0.0,0.2777777777777778,0.3412698412698413,0.0,0.0,0.0,0.3888888888888889,0.4047619047619047,0.0,0.0,0.0,0.0,0.0,0.0,0.0,0.0,0.0,0.0,0.0,0.0,0.2142857142857142,0.3888888888888889,0.3888888888888889,0.0,0.0
7,0.5138444578307447,0.1286240739243163,0.9199731217901412,0.5280891574243338,8.105127494073555,13.185303101680828,1.0,1.0,0.24,10.186679273976065,4.0,0.0026,-4.195429079537911,0.0,0.0,0.2619047619047619,0.753968253968254,0.0,0.0,0.0,0.2777777777777778,0.4682539682539682,0.0,0.0,0.0,0.0,0.4047619047619047,0.5793650793650794,0.0,0.0,0.0,0.0,0.7222222222222222,0.7698412698412699,0.753968253968254,0.8174603174603174,0.1269841269841269,0.0,0.0,0.0,0.0,0.5952380952380952,0.8174603174603174,0.8174603174603174,0.8174603174603174,0.0,0.0,0.0,0.0,0.0,0.4206349206349206,0.8174603174603174,0.1904761904761904,0.0,0.0,0.0,0.0,0.0,0.0,0.0873015873015873,0.8333333333333334,0.7222222222222222,0.753968253968254,0.8492063492063492,0.8492063492063492,0.5555555555555556,0.0,0.0,0.7698412698412699,0.8492063492063492,0.0,0.0,0.5317460317460317,0.8492063492063492,0.4841269841269841,0.0,0.0,0.0,0.0,0.0,0.0,0.0,0.0,0.0,0.0,0.2619047619047619,0.4682539682539682,0.753968253968254,0.8492063492063492,0.4523809523809524,0.0,0.0
8,0.7372465094556279,0.1784023384109797,0.912789947149824,0.5463447852187544,11.69312368185791,3.1365539553156347,1.0,1.0,0.24,16.688772822363784,4.0,0.0026,-2.1006466264558514,0.0,0.0,0.0,0.5,0.0,0.0,0.0,0.0,0.3253968253968254,0.0,0.0,0.0,0.0,0.1507936507936507,0.3412698412698413,0.0,0.0,0.0,0.0,0.4365079365079365,0.5158730158730159,0.1349206349206349,0.4206349206349206,0.0,0.0,0.0,0.0,0.0,0.2301587301587301,0.5,0.4841269841269841,0.3888888888888889,0.0,0.0,0.0,0.0,0.0,0.0873015873015873,0.5793650793650794,0.0,0.0,0.0,0.0,0.0,0.0,0.0,0.0,0.5793650793650794,0.4682539682539682,0.4841269841269841,0.6111111111111112,0.1825396825396825,0.2936507936507936,0.0,0.0,0.4682539682539682,0.4523809523809524,0.0,0.0,0.2301587301587301,0.626984126984127,0.4365079365079365,0.0,0.0,0.0,0.0,0.0,0.0,0.0,0.0,0.0,0.0,0.0,0.246031746031746,0.4523809523809524,0.6428571428571429,0.4206349206349206,0.0,0.0
9,1.2419621537811971,0.1993146500615554,0.8939282776595381,0.6562512392672081,4.734926534850091,1.611314589896209,1.0,1.0,0.24,4.061408971309859,4.0,0.0026,-0.1353323608792204,0.0,0.0,0.0,0.3253968253968254,0.0,0.0,0.0,0.0,0.0,0.0,0.0,0.0,0.0,0.0,0.119047619047619,0.0,0.0,0.0,0.0,0.2142857142857142,0.2619047619047619,0.0,0.2777777777777778,0.0,0.0,0.0,0.0,0.0,0.0,0.246031746031746,0.3095238095238095,0.1825396825396825,0.0,0.0,0.0,0.0,0.0,0.0,0.3571428571428571,0.0,0.0,0.0,0.0,0.0,0.0,0.0,0.0,0.2301587301587301,0.3888888888888889,0.3888888888888889,0.3888888888888889,0.0,0.1666666666666666,0.0,0.0,0.2936507936507936,0.3412698412698413,0.0,0.0,0.0,0.4047619047619047,0.4047619047619047,0.0,0.0,0.0,0.0,0.0,0.0,0.0,0.0,0.0,0.0,0.0,0.0,0.2142857142857142,0.373015873015873,0.3888888888888889,0.0,0.0
10,0.6566964018603489,0.2296850095598789,0.9168391524629482,0.6534719183917962,16.553352721175653,7.281518437156992,1.0,1.0,0.24,16.868249077110956,4.0,0.0026,-1.6779999462843307,0.0,0.0,0.0,0.4682539682539682,0.0,0.0,0.0,0.0,0.2936507936507936,0.0,0.0,0.0,0.0,0.119047619047619,0.2936507936507936,0.0,0.0,0.0,0.0,0.3888888888888889,0.4365079365079365,0.2936507936507936,0.5,0.0,0.0,0.0,0.0,0.0,0.1666666666666666,0.4523809523809524,0.5,0.5,0.0,0.0,0.0,0.0,0.0,0.0714285714285714,0.5,0.0,0.0,0.0,0.0,0.0,0.0,0.0,0.0,0.5158730158730159,0.5317460317460317,0.5317460317460317,0.5317460317460317,0.2777777777777778,0.373015873015873,0.0,0.0,0.4523809523809524,0.5317460317460317,0.0,0.0,0.1984126984126984,0.5317460317460317,0.4523809523809524,0.0,0.0,0.0,0.0,0.0,0.0,0.0,0.0,0.0,0.0,0.0,0.2142857142857142,0.4206349206349206,0.5476190476190477,0.4206349206349206,0.0,0.0
11,0.6364954749744963,0.2149923396031157,0.9160522264480814,0.531767599605863,17.607654367099773,4.138699090077986,1.0,1.0,0.24,3.613668226325733,4.0,0.0026,-1.8788399847900668,0.0,0.0,0.0,0.5158730158730159,0.0,0.0,0.0,0.0,0.3571428571428571,0.0,0.0,0.0,0.0,0.1825396825396825,0.3571428571428571,0.0,0.0,0.0,0.0,0.4523809523809524,0.5317460317460317,0.246031746031746,0.5,0.0,0.0,0.0,0.0,0.0,0.246031746031746,0.5158730158730159,0.5793650793650794,0.4523809523809524,0.0,0.0,0.0,0.0,0.0,0.119047619047619,0.5793650793650794,0.0,0.0,0.0,0.0,0.0,0.0,0.0,0.0,0.5952380952380952,0.5,0.5317460317460317,0.626984126984127,0.2142857142857142,0.3412698412698413,0.0,0.0,0.4841269841269841,0.5476190476190477,0.0,0.0,0.2619047619047619,0.626984126984127,0.4523809523809524,0.0,0.0,0.0,0.0,0.0,0.0,0.0,0.0,0.0,0.0,0.0,0.2619047619047619,0.4841269841269841,0.6428571428571429,0.4365079365079365,0.0,0.0
12,1.5409003291997596,0.1222704822724927,0.8886176110192743,0.6714996104444014,2.7863382476975738,1.0586388005009213,1.0,1.0,0.24,18.584434231664417,4.0,0.0026,0.4356835284199175,0.0,0.0,0.0,0.2619047619047619,0.0,0.0,0.0,0.0,0.0,0.0,0.0,0.0,0.0,0.0,0.0,0.0,0.0,0.0,0.0,0.0873015873015873,0.1666666666666666,0.0,0.246031746031746,0.0,0.0,0.0,0.0,0.0,0.0,0.1349206349206349,0.2301587301587301,0.1349206349206349,0.0,0.0,0.0,0.0,0.0,0.0,0.2777777777777778,0.0,0.0,0.0,0.0,0.0,0.0,0.0,0.0,0.1031746031746031,0.2777777777777778,0.2936507936507936,0.2936507936507936,0.0,0.1349206349206349,0.0,0.0,0.246031746031746,0.2936507936507936,0.0,0.0,0.0,0.2777777777777778,0.3412698412698413,0.0,0.0,0.0,0.0,0.0,0.0,0.0,0.0,0.0,0.0,0.0,0.0,0.0396825396825396,0.246031746031746,0.3412698412698413,0.0,0.0
13,1.3240075297685572,0.1729890212649863,0.9161802464145912,0.540518653523543,10.950532153782666,1.979208854445584,1.0,1.0,0.24,11.085549909351217,4.0,0.0026,0.2664105906196489,0.0,0.0,0.0,0.2777777777777778,0.0,0.0,0.0,0.0,0.0,0.0,0.0,0.0,0.0,0.0,0.0714285714285714,0.0,0.0,0.0,0.0,0.1666666666666666,0.2301587301587301,0.0,0.2777777777777778,0.0,0.0,0.0,0.0,0.0,0.0,0.1666666666666666,0.2619047619047619,0.1349206349206349,0.0,0.0,0.0,0.0,0.0,0.0,0.2936507936507936,0.0,0.0,0.0,0.0,0.0,0.0,0.0,0.0,0.1825396825396825,0.3253968253968254,0.3253968253968254,0.3412698412698413,0.0,0.1507936507936507,0.0,0.0,0.2301587301587301,0.3095238095238095,0.0,0.0,0.0,0.3571428571428571,0.3571428571428571,0.0,0.0,0.0,0.0,0.0,0.0,0.0,0.0,0.0,0.0,0.0,0.0,0.119047619047619,0.2936507936507936,0.373015873015873,0.0,0.0
14,0.8575848600697985,0.1152419025382325,0.9007661054053968,0.5783328446371598,5.816550629812378,11.47035736041386,1.0,1.0,0.24,13.627386660485913,4.0,0.0026,-2.488560786395592,0.0,0.0,0.0,0.5317460317460317,0.0,0.0,0.0,0.0,0.3095238095238095,0.0,0.0,0.0,0.0,0.1825396825396825,0.3571428571428571,0.0,0.0,0.0,0.0,0.4523809523809524,0.5158730158730159,0.2777777777777778,0.5793650793650794,0.0,0.0,0.0,0.0,0.0,0.246031746031746,0.5476190476190477,0.6111111111111112,0.6111111111111112,0.0,0.0,0.0,0.0,0.0,0.1031746031746031,0.6111111111111112,0.0,0.0,0.0,0.0,0.0,0.0,0.0,0.0,0.626984126984127,0.5317460317460317,0.5634920634920635,0.6428571428571429,0.2619047619047619,0.3412698412698413,0.0,0.0,0.5158730158730159,0.6428571428571429,0.0,0.0,0.246031746031746,0.6428571428571429,0.4365079365079365,0.0,0.0,0.0,0.0,0.0,0.0,0.0,0.0,0.0,0.0,0.0,0.2619047619047619,0.4841269841269841,0.626984126984127,0.4047619047619047,0.0,0.0
15,0.9620006294721092,0.1518957881926668,0.8992347948700888,0.6820329423928994,19.00835594398162,8.7444305852172,1.0,1.0,0.24,11.997451479456814,4.0,0.0026,-0.276367055680977,0.0,0.0,0.0,0.3412698412698413,0.0,0.0,0.0,0.0,0.0,0.0,0.0,0.0,0.0,0.0,0.1349206349206349,0.0,0.0,0.0,0.0,0.2142857142857142,0.2619047619047619,0.1825396825396825,0.3412698412698413,0.0,0.0,0.0,0.0,0.0,0.0,0.2619047619047619,0.3412698412698413,0.3412698412698413,0.0,0.0,0.0,0.0,0.0,0.0,0.3412698412698413,0.0,0.0,0.0,0.0,0.0,0.0,0.0,0.0,0.246031746031746,0.373015873015873,0.373015873015873,0.373015873015873,0.2142857142857142,0.2936507936507936,0.0,0.0,0.2936507936507936,0.373015873015873,0.0,0.0,0.0,0.3888888888888889,0.3888888888888889,0.0,0.0,0.0,0.0,0.0,0.0,0.0,0.0,0.0,0.0,0.0,0.0,0.2142857142857142,0.3888888888888889,0.4047619047619047,0.0,0.0
16,1.2701853000449794,0.1806722741781063,0.8893303176084076,0.509359084565631,20.26220911919144,5.170740160711108,1.0,1.0,0.24,4.181511579238492,4.0,0.0026,0.3073594747580953,0.0,0.0,0.0,0.2777777777777778,0.0,0.0,0.0,0.0,0.0,0.0,0.0,0.0,0.0,0.0,0.0396825396825396,0.0,0.0,0.0,0.0,0.1666666666666666,0.2142857142857142,0.0079365079365079,0.2936507936507936,0.0,0.0,0.0,0.0,0.0,0.0,0.1666666666666666,0.2619047619047619,0.1825396825396825,0.0,0.0,0.0,0.0,0.0,0.0,0.2936507936507936,0.0,0.0,0.0,0.0,0.0,0.0,0.0,0.0,0.1825396825396825,0.3095238095238095,0.3095238095238095,0.3253968253968254,0.0396825396825396,0.2142857142857142,0.0,0.0,0.246031746031746,0.3412698412698413,0.0,0.0,0.0,0.3412698412698413,0.3571428571428571,0.0,0.0,0.0,0.0,0.0,0.0,0.0,0.0,0.0,0.0,0.0,0.0,0.119047619047619,0.2936507936507936,0.3571428571428571,0.0,0.0
17,0.7024377829662833,0.1876641596313432,0.9203181583847044,0.6127067505813457,1.0506669092540402,2.841709282650103,1.0,1.0,0.24,10.117928183898565,4.0,0.0026,-3.927455507575981,0.0,0.0,0.3253968253968254,0.7063492063492064,0.0,0.0,0.0,0.1825396825396825,0.5793650793650794,0.0,0.0,0.0,0.0,0.4365079365079365,0.6587301587301587,0.0,0.0,0.0,0.0,0.8015873015873016,0.8492063492063492,0.2301587301587301,0.4682539682539682,0.0,0.0,0.0,0.0,0.0,0.5793650793650794,0.8333333333333334,0.5793650793650794,0.8650793650793651,0.0,0.0,0.0,0.0,0.0,0.4206349206349206,0.9285714285714286,0.0,0.0,0.0,0.0,0.0,0.0,0.0,0.1349206349206349,0.9285714285714286,0.5793650793650794,0.6428571428571429,0.8650793650793651,0.2142857142857142,0.3253968253968254,0.0,0.0,0.8492063492063492,0.5634920634920635,0.0,0.0,0.5634920634920635,0.9603174603174603,0.4523809523809524,0.0,0.0,0.0,0.0,0.0,0.0,0.0,0.0,0.0,0.0,0.2777777777777778,0.5476190476190477,0.7698412698412699,0.9285714285714286,0.4206349206349206,0.0,0.0
18,1.0282915061443942,0.1817016801582969,0.8998408076010519,0.5847836742639249,23.77319008311241,4.240658821831294,1.0,1.0,0.24,3.242427388586393,4.0,0.0026,-0.0375059407298471,0.0,0.0,0.0,0.2936507936507936,0.0,0.0,0.0,0.0,0.0,0.0,0.0,0.0,0.0,0.0,0.119047619047619,0.0,0.0,0.0,0.0,0.2142857142857142,0.2619047619047619,0.0555555555555555,0.3095238095238095,0.0,0.0,0.0,0.0,0.0,0.0,0.246031746031746,0.3253968253968254,0.2301587301587301,0.0,0.0,0.0,0.0,0.0,0.0,0.3412698412698413,0.0,0.0,0.0,0.0,0.0,0.0,0.0,0.0,0.246031746031746,0.3571428571428571,0.3571428571428571,0.373015873015873,0.1349206349206349,0.246031746031746,0.0,0.0,0.2777777777777778,0.373015873015873,0.0,0.0,0.0,0.373015873015873,0.3888888888888889,0.0,0.0,0.0,0.0,0.0,0.0,0.0,0.0,0.0,0.0,0.0,0.0,0.1984126984126984,0.373015873015873,0.3888888888888889,0.0,0.0
19,0.5172835185481464,0.1892881074330816,0.8896494130315016,0.6478437198837745,10.827131348376616,13.844031351329273,1.0,1.0,0.24,8.49674235460825,4.0,0.0026,-3.378079255203339,0.0,0.0,0.246031746031746,0.7063492063492064,0.0,0.0,0.0,0.1666666666666666,0.4206349206349206,0.0,0.0,0.0,0.0,0.373015873015873,0.4682539682539682,0.0,0.0,0.0,0.0,0.5952380952380952,0.6746031746031746,0.7222222222222222,0.7222222222222222,0.1269841269841269,0.0,0.0,0.0,0.0,0.4523809523809524,0.7222222222222222,0.7222222222222222,0.7222222222222222,0.0,0.0,0.0,0.0,0.0,0.2936507936507936,0.7222222222222222,0.1825396825396825,0.0,0.0,0.0,0.0,0.0,0.0,0.0,0.7222222222222222,0.7222222222222222,0.7222222222222222,0.7222222222222222,0.7380952380952381,0.5555555555555556,0.0,0.0,0.6746031746031746,0.7380952380952381,0.0,0.0,0.4365079365079365,0.7380952380952381,0.4841269841269841,0.0,0.0,0.0,0.0,0.0,0.0,0.0,0.0,0.0,0.0,0.2142857142857142,0.4365079365079365,0.6428571428571429,0.7380952380952381,0.4523809523809524,0.0,0.0
20,0.6483830469137721,0.174816155383338,0.9096315662275828,0.6175565155783076,17.479542504648197,2.167285737103845,1.0,1.0,0.24,7.45017092413781,4.0,0.0026,-1.68537776105793,0.0,0.0,0.0,0.4682539682539682,0.0,0.0,0.0,0.0,0.3253968253968254,0.0,0.0,0.0,0.0,0.1507936507936507,0.3095238095238095,0.0,0.0,0.0,0.0,0.4047619047619047,0.4682539682539682,0.119047619047619,0.4206349206349206,0.0,0.0,0.0,0.0,0.0,0.1984126984126984,0.4523809523809524,0.4523809523809524,0.3412698412698413,0.0,0.0,0.0,0.0,0.0,0.1031746031746031,0.5317460317460317,0.0,0.0,0.0,0.0,0.0,0.0,0.0,0.0,0.5476190476190477,0.4841269841269841,0.5,0.5634920634920635,0.1666666666666666,0.3095238095238095,0.0,0.0,0.4523809523809524,0.4365079365079365,0.0,0.0,0.2301587301587301,0.5793650793650794,0.4523809523809524,0.0,0.0,0.0,0.0,0.0,0.0,0.0,0.0,0.0,0.0,0.0,0.2301587301587301,0.4365079365079365,0.5793650793650794,0.4206349206349206,0.0,0.0
21,1.051815424309936,0.1163397010790318,0.8987019522765883,0.6327758685256848,12.97642785994715,5.248804473025106,1.0,1.0,0.24,10.670970614406048,4.0,0.0026,-0.3570031423219775,0.0,0.0,0.0,0.3412698412698413,0.0,0.0,0.0,0.0,0.0,0.0,0.0,0.0,0.0,0.0,0.1349206349206349,0.0,0.0,0.0,0.0,0.2301587301587301,0.2777777777777778,0.0714285714285714,0.3571428571428571,0.0,0.0,0.0,0.0,0.0,0.0,0.2619047619047619,0.3571428571428571,0.2619047619047619,0.0,0.0,0.0,0.0,0.0,0.0,0.3571428571428571,0.0,0.0,0.0,0.0,0.0,0.0,0.0,0.0,0.2619047619047619,0.373015873015873,0.373015873015873,0.3888888888888889,0.1507936507936507,0.2619047619047619,0.0,0.0,0.2936507936507936,0.3888888888888889,0.0,0.0,0.0,0.4047619047619047,0.4047619047619047,0.0,0.0,0.0,0.0,0.0,0.0,0.0,0.0,0.0,0.0,0.0,0.0,0.2301587301587301,0.3888888888888889,0.3888888888888889,0.0,0.0
22,1.215323112379432,0.2233888049974725,0.9188135994642328,0.5621701955606778,7.843032115923966,8.536192098316839,1.0,1.0,0.24,13.203231614170369,4.0,0.0026,-0.341370207416083,0.0,0.0,0.0,0.3412698412698413,0.0,0.0,0.0,0.0,0.0,0.0,0.0,0.0,0.0,0.0,0.1507936507936507,0.0,0.0,0.0,0.0,0.246031746031746,0.2777777777777778,0.0714285714285714,0.3571428571428571,0.0,0.0,0.0,0.0,0.0,0.0,0.2619047619047619,0.3571428571428571,0.2619047619047619,0.0,0.0,0.0,0.0,0.0,0.0,0.373015873015873,0.0,0.0,0.0,0.0,0.0,0.0,0.0,0.0,0.2777777777777778,0.3888888888888889,0.3888888888888889,0.4047619047619047,0.1507936507936507,0.2619047619047619,0.0,0.0,0.3253968253968254,0.4047619047619047,0.0,0.0,0.0,0.4206349206349206,0.4047619047619047,0.0,0.0,0.0,0.0,0.0,0.0,0.0,0.0,0.0,0.0,0.0,0.0,0.2301587301587301,0.4047619047619047,0.3888888888888889,0.0,0.0
23,1.6099725352804175,0.1931789661474643,0.9055756063512964,0.6552514969211679,20.767584585076456,11.91758426339092,1.0,1.0,0.24,13.393135858481862,4.0,0.0026,1.830041052182396,0.0,0.0,0.0,0.119047619047619,0.0,0.0,0.0,0.0,0.0,0.0,0.0,0.0,0.0,0.0,0.0,0.0,0.0,0.0,0.0,0.0,0.0,0.0079365079365079,0.0873015873015873,0.0,0.0,0.0,0.0,0.0,0.0,0.0,0.0079365079365079,0.0079365079365079,0.0,0.0,0.0,0.0,0.0,0.0,0.0873015873015873,0.0,0.0,0.0,0.0,0.0,0.0,0.0,0.0,0.0,0.119047619047619,0.119047619047619,0.1349206349206349,0.0634920634920634,0.1349206349206349,0.0,0.0,0.0714285714285714,0.1349206349206349,0.0,0.0,0.0,0.0396825396825396,0.1666666666666666,0.0,0.0,0.0,0.0,0.0,0.0,0.0,0.0,0.0,0.0,0.0,0.0,0.0,0.0,0.1666666666666666,0.0,0.0
24,0.7596644110716645,0.1959935786300453,0.9137640665822973,0.6854348542745938,12.550506026939509,6.208380114794736,1.0,1.0,0.24,15.958912574161408,4.0,0.0026,-1.2357759451832415,0.0,0.0,0.0,0.4365079365079365,0.0,0.0,0.0,0.0,0.2142857142857142,0.0,0.0,0.0,0.0,0.0317460317460317,0.246031746031746,0.0,0.0,0.0,0.0,0.3412698412698413,0.3888888888888889,0.246031746031746,0.4523809523809524,0.0,0.0,0.0,0.0,0.0,0.0714285714285714,0.3888888888888889,0.4365079365079365,0.4365079365079365,0.0,0.0,0.0,0.0,0.0,0.0,0.4523809523809524,0.0,0.0,0.0,0.0,0.0,0.0,0.0,0.0,0.4523809523809524,0.4682539682539682,0.4682539682539682,0.4841269841269841,0.2301587301587301,0.3253968253968254,0.0,0.0,0.4047619047619047,0.4841269841269841,0.0,0.0,0.1031746031746031,0.5,0.4365079365079365,0.0,0.0,0.0,0.0,0.0,0.0,0.0,0.0,0.0,0.0,0.0,0.1349206349206349,0.3571428571428571,0.5,0.4206349206349206,0.0,0.0
25,1.019228339962378,0.1578749140331612,0.8872771961234808,0.6775982908721211,4.600474838387543,3.9228229510316224,1.0,1.0,0.24,17.624911774768545,4.0,0.0026,-1.1009473352122532,0.0,0.0,0.0,0.4206349206349206,0.0,0.0,0.0,0.0,0.119047619047619,0.0,0.0,0.0,0.0,0.0,0.2301587301587301,0.0,0.0,0.0,0.0,0.2936507936507936,0.373015873015873,0.0714285714285714,0.3571428571428571,0.0,0.0,0.0,0.0,0.0,0.0,0.3888888888888889,0.4365079365079365,0.2777777777777778,0.0,0.0,0.0,0.0,0.0,0.0,0.4365079365079365,0.0,0.0,0.0,0.0,0.0,0.0,0.0,0.0,0.4047619047619047,0.4365079365079365,0.4523809523809524,0.4682539682539682,0.1349206349206349,0.246031746031746,0.0,0.0,0.4206349206349206,0.4206349206349206,0.0,0.0,0.0,0.4841269841269841,0.4206349206349206,0.0,0.0,0.0,0.0,0.0,0.0,0.0,0.0,0.0,0.0,0.0,0.1031746031746031,0.3412698412698413,0.4682539682539682,0.4047619047619047,0.0,0.0
26,0.6464647070309651,0.1236917395007637,0.8976236104158088,0.5711708324881426,16.40866648919071,13.037775090508758,1.0,1.0,0.24,17.115015847492213,4.0,0.0026,-2.7394325162145368,0.0,0.0,0.0317460317460317,0.5793650793650794,0.0,0.0,0.0,0.0,0.3571428571428571,0.0,0.0,0.0,0.0,0.2301587301587301,0.3571428571428571,0.0,0.0,0.0,0.0,0.4682539682539682,0.5476190476190477,0.4365079365079365,0.6111111111111112,0.0,0.0,0.0,0.0,0.0,0.2777777777777778,0.5793650793650794,0.6111111111111112,0.6111111111111112,0.0,0.0,0.0,0.0,0.0,0.1507936507936507,0.6111111111111112,0.1031746031746031,0.0,0.0,0.0,0.0,0.0,0.0,0.0,0.6111111111111112,0.626984126984127,0.6428571428571429,0.6428571428571429,0.6428571428571429,0.4206349206349206,0.0,0.0,0.5158730158730159,0.6428571428571429,0.0,0.0,0.2936507936507936,0.6428571428571429,0.4523809523809524,0.0,0.0,0.0,0.0,0.0,0.0,0.0,0.0,0.0,0.0,0.0,0.2777777777777778,0.5158730158730159,0.6428571428571429,0.4365079365079365,0.0,0.0
27,1.6009811566086136,0.2246314759245143,0.9156197142077857,0.6768501502502533,7.392829340377826,11.311967254313428,1.0,1.0,0.24,8.669428946970068,4.0,0.0026,1.4128313064544065,0.0,0.0,0.0,0.1507936507936507,0.0,0.0,0.0,0.0,0.0,0.0,0.0,0.0,0.0,0.0,0.0,0.0,0.0,0.0,0.0,0.0,0.0317460317460317,0.0079365079365079,0.1507936507936507,0.0,0.0,0.0,0.0,0.0,0.0,0.0,0.119047619047619,0.1349206349206349,0.0,0.0,0.0,0.0,0.0,0.0,0.1666666666666666,0.0,0.0,0.0,0.0,0.0,0.0,0.0,0.0,0.0,0.1825396825396825,0.1984126984126984,0.1984126984126984,0.0634920634920634,0.2142857142857142,0.0,0.0,0.1349206349206349,0.2142857142857142,0.0,0.0,0.0,0.1825396825396825,0.2301587301587301,0.0,0.0,0.0,0.0,0.0,0.0,0.0,0.0,0.0,0.0,0.0,0.0,0.0,0.119047619047619,0.2301587301587301,0.0,0.0
28,0.5772850367033636,0.1171310321437874,0.9137373075187412,0.565229920867016,9.687766477740094,1.1623370057237423,1.0,1.0,0.24,13.903377257864,4.0,0.0026,-3.065057356784724,0.0,0.0,0.1666666666666666,0.6428571428571429,0.0,0.0,0.0,0.119047619047619,0.3888888888888889,0.0,0.0,0.0,0.0,0.2619047619047619,0.4206349206349206,0.0,0.0,0.0,0.0,0.5793650793650794,0.6587301587301587,0.1349206349206349,0.3888888888888889,0.0,0.0,0.0,0.0,0.0,0.4047619047619047,0.626984126984127,0.4206349206349206,0.4206349206349206,0.0,0.0,0.0,0.0,0.0,0.246031746031746,0.7063492063492064,0.0,0.0,0.0,0.0,0.0,0.0,0.0,0.0,0.7222222222222222,0.5,0.5317460317460317,0.7380952380952381,0.1666666666666666,0.2936507936507936,0.0,0.0,0.5793650793650794,0.4365079365079365,0.0,0.0,0.3412698412698413,0.7380952380952381,0.4682539682539682,0.0,0.0,0.0,0.0,0.0,0.0,0.0,0.0,0.0,0.0,0.1349206349206349,0.3888888888888889,0.5952380952380952,0.7380952380952381,0.4365079365079365,0.0,0.0
29,1.0397927541196823,0.2193091426189237,0.9180729762490208,0.5071990343945914,20.564441078395536,11.683531004173824,1.0,1.0,0.24,2.203750992696793,4.0,0.0026,-0.159689079496362,0.0,0.0,0.0,0.3412698412698413,0.0,0.0,0.0,0.0,0.0,0.0,0.0,0.0,0.0,0.0,0.1507936507936507,0.0,0.0,0.0,0.0,0.2301587301587301,0.2777777777777778,0.2142857142857142,0.3571428571428571,0.0,0.0,0.0,0.0,0.0,0.0,0.2619047619047619,0.3571428571428571,0.3571428571428571,0.0,0.0,0.0,0.0,0.0,0.0,0.3571428571428571,0.0,0.0,0.0,0.0,0.0,0.0,0.0,0.0,0.2936507936507936,0.373015873015873,0.373015873015873,0.3888888888888889,0.2142857142857142,0.2936507936507936,0.0,0.0,0.2777777777777778,0.3888888888888889,0.0,0.0,0.0,0.4047619047619047,0.4047619047619047,0.0,0.0,0.0,0.0,0.0,0.0,0.0,0.0,0.0,0.0,0.0,0.0,0.2142857142857142,0.4047619047619047,0.3888888888888889,0.0,0.0
30,1.111844256424772,0.1485745533644298,0.9036774008415378,0.5228265982097263,24.15359035217614,11.244209869935291,1.0,1.0,0.24,15.003819939471803,4.0,0.0026,-0.036862639487181,0.0,0.0,0.0,0.2936507936507936,0.0,0.0,0.0,0.0,0.0,0.0,0.0,0.0,0.0,0.0,0.119047619047619,0.0,0.0,0.0,0.0,0.1825396825396825,0.246031746031746,0.1507936507936507,0.2936507936507936,0.0,0.0,0.0,0.0,0.0,0.0,0.2301587301587301,0.2936507936507936,0.2936507936507936,0.0,0.0,0.0,0.0,0.0,0.0,0.3253968253968254,0.0,0.0,0.0,0.0,0.0,0.0,0.0,0.0,0.2301587301587301,0.3412698412698413,0.3412698412698413,0.3571428571428571,0.1825396825396825,0.2936507936507936,0.0,0.0,0.2619047619047619,0.3571428571428571,0.0,0.0,0.0,0.373015873015873,0.373015873015873,0.0,0.0,0.0,0.0,0.0,0.0,0.0,0.0,0.0,0.0,0.0,0.0,0.1666666666666666,0.3571428571428571,0.373015873015873,0.0,0.0
31,1.130590314759008,0.1571079645550327,0.8999855828446729,0.5207227749980355,24.926496031557186,11.382844348798772,1.0,1.0,0.24,10.324985487303596,4.0,0.0026,0.044942008997184,0.0,0.0,0.0,0.2936507936507936,0.0,0.0,0.0,0.0,0.0,0.0,0.0,0.0,0.0,0.0,0.119047619047619,0.0,0.0,0.0,0.0,0.1825396825396825,0.2301587301587301,0.1507936507936507,0.2936507936507936,0.0,0.0,0.0,0.0,0.0,0.0,0.2301587301587301,0.2936507936507936,0.2936507936507936,0.0,0.0,0.0,0.0,0.0,0.0,0.2936507936507936,0.0,0.0,0.0,0.0,0.0,0.0,0.0,0.0,0.2301587301587301,0.3412698412698413,0.3412698412698413,0.3412698412698413,0.1825396825396825,0.2936507936507936,0.0,0.0,0.2619047619047619,0.3571428571428571,0.0,0.0,0.0,0.3571428571428571,0.373015873015873,0.0,0.0,0.0,0.0,0.0,0.0,0.0,0.0,0.0,0.0,0.0,0.0,0.1507936507936507,0.3571428571428571,0.373015873015873,0.0,0.0
32,1.4198693241011109,0.1371989925386518,0.916612230527803,0.5081117322093214,18.05436411246363,6.142577576005565,1.0,1.0,0.24,4.889446105274656,4.0,0.0026,0.8889517326724306,0.0,0.0,0.0,0.2142857142857142,0.0,0.0,0.0,0.0,0.0,0.0,0.0,0.0,0.0,0.0,0.0,0.0,0.0,0.0,0.0,0.0873015873015873,0.119047619047619,0.0,0.2301587301587301,0.0,0.0,0.0,0.0,0.0,0.0,0.119047619047619,0.1666666666666666,0.1507936507936507,0.0,0.0,0.0,0.0,0.0,0.0,0.246031746031746,0.0,0.0,0.0,0.0,0.0,0.0,0.0,0.0,0.1031746031746031,0.2619047619047619,0.2619047619047619,0.2619047619047619,0.0158730158730158,0.1825396825396825,0.0,0.0,0.1666666666666666,0.2777777777777778,0.0,0.0,0.0,0.2619047619047619,0.2777777777777778,0.0,0.0,0.0,0.0,0.0,0.0,0.0,0.0,0.0,0.0,0.0,0.0,0.0,0.2301587301587301,0.2777777777777778,0.0,0.0
33,0.5276046273977272,0.2183322073779749,0.8921066331679912,0.6641907622115232,13.641045538079856,13.2188025999337,1.0,1.0,0.24,9.497292166073928,4.0,0.0026,-2.9503621094589048,0.0,0.0,0.1984126984126984,0.6428571428571429,0.0,0.0,0.0,0.119047619047619,0.3888888888888889,0.0,0.0,0.0,0.0,0.2936507936507936,0.4365079365079365,0.0,0.0,0.0,0.0,0.5634920634920635,0.6111111111111112,0.6746031746031746,0.6746031746031746,0.1031746031746031,0.0,0.0,0.0,0.0,0.4047619047619047,0.6746031746031746,0.6746031746031746,0.6746031746031746,0.0,0.0,0.0,0.0,0.0,0.2619047619047619,0.6746031746031746,0.1428571428571428,0.0,0.0,0.0,0.0,0.0,0.0,0.0,0.6746031746031746,0.6904761904761905,0.6904761904761905,0.6904761904761905,0.6904761904761905,0.5238095238095238,0.0,0.0,0.6111111111111112,0.6904761904761905,0.0,0.0,0.373015873015873,0.6904761904761905,0.4841269841269841,0.0,0.0,0.0,0.0,0.0,0.0,0.0,0.0,0.0,0.0,0.1507936507936507,0.4047619047619047,0.5793650793650794,0.6904761904761905,0.4523809523809524,0.0,0.0
34,0.7099020453018144,0.1562545692914729,0.9143612915870966,0.6145388563509633,15.482126510270296,9.223739030032414,1.0,1.0,0.24,5.677687634708952,4.0,0.0026,-1.5901856337721576,0.0,0.0,0.0,0.4841269841269841,0.0,0.0,0.0,0.0,0.2777777777777778,0.0,0.0,0.0,0.0,0.119047619047619,0.2936507936507936,0.0,0.0,0.0,0.0,0.3888888888888889,0.4523809523809524,0.2936507936507936,0.5158730158730159,0.0,0.0,0.0,0.0,0.0,0.1666666666666666,0.4523809523809524,0.5158730158730159,0.5158730158730159,0.0,0.0,0.0,0.0,0.0,0.0714285714285714,0.5158730158730159,0.0,0.0,0.0,0.0,0.0,0.0,0.0,0.0,0.5158730158730159,0.5317460317460317,0.5317460317460317,0.5317460317460317,0.3492063492063492,0.373015873015873,0.0,0.0,0.4365079365079365,0.5317460317460317,0.0,0.0,0.1825396825396825,0.5476190476190477,0.4523809523809524,0.0,0.0,0.0,0.0,0.0,0.0,0.0,0.0,0.0,0.0,0.0,0.1984126984126984,0.4206349206349206,0.5476190476190477,0.4206349206349206,0.0,0.0
35,1.0253639760941804,0.1370476297521647,0.8928751289621331,0.6287094318185555,10.604135882980437,9.754251860913888,1.0,1.0,0.24,1.052477934292554,4.0,0.0026,-0.5543383724363588,0.0,0.0,0.0,0.4047619047619047,0.0,0.0,0.0,0.0,0.0714285714285714,0.0,0.0,0.0,0.0,0.0,0.1984126984126984,0.0,0.0,0.0,0.0,0.2777777777777778,0.3412698412698413,0.1984126984126984,0.4047619047619047,0.0,0.0,0.0,0.0,0.0,0.0,0.3571428571428571,0.3888888888888889,0.4047619047619047,0.0,0.0,0.0,0.0,0.0,0.0,0.4047619047619047,0.0,0.0,0.0,0.0,0.0,0.0,0.0,0.0,0.373015873015873,0.4206349206349206,0.4206349206349206,0.4206349206349206,0.2142857142857142,0.2936507936507936,0.0,0.0,0.3571428571428571,0.4365079365079365,0.0,0.0,0.0,0.4365079365079365,0.4206349206349206,0.0,0.0,0.0,0.0,0.0,0.0,0.0,0.0,0.0,0.0,0.0,0.0,0.2619047619047619,0.4523809523809524,0.4047619047619047,0.0,0.0
36,0.8129851191608027,0.2123907797782515,0.9095637793296316,0.5576208904077022,9.795920563537113,8.784837068526324,1.0,1.0,0.24,7.119457074849568,4.0,0.0026,-1.7809112769102655,0.0,0.0,0.0,0.5,0.0,0.0,0.0,0.0,0.3095238095238095,0.0,0.0,0.0,0.0,0.1349206349206349,0.3412698412698413,0.0,0.0,0.0,0.0,0.4206349206349206,0.4841269841269841,0.2619047619047619,0.5317460317460317,0.0,0.0,0.0,0.0,0.0,0.1984126984126984,0.4841269841269841,0.5476190476190477,0.5476190476190477,0.0,0.0,0.0,0.0,0.0,0.0714285714285714,0.5476190476190477,0.0,0.0,0.0,0.0,0.0,0.0,0.0,0.0,0.5634920634920635,0.5,0.5317460317460317,0.5793650793650794,0.2619047619047619,0.3412698412698413,0.0,0.0,0.4682539682539682,0.5952380952380952,0.0,0.0,0.2142857142857142,0.5952380952380952,0.4365079365079365,0.0,0.0,0.0,0.0,0.0,0.0,0.0,0.0,0.0,0.0,0.0,0.2301587301587301,0.4365079365079365,0.6111111111111112,0.4206349206349206,0.0,0.0
37,1.638184885175364,0.1895486557895424,0.8977778774209024,0.6067439627382629,11.53747010731072,11.48973634792157,1.0,1.0,0.24,4.523491856748865,4.0,0.0026,1.3475261575053543,0.0,0.0,0.0,0.1666666666666666,0.0,0.0,0.0,0.0,0.0,0.0,0.0,0.0,0.0,0.0,0.0,0.0,0.0,0.0,0.0,0.0,0.0714285714285714,0.0079365079365079,0.1666666666666666,0.0,0.0,0.0,0.0,0.0,0.0,0.0079365079365079,0.1349206349206349,0.1349206349206349,0.0,0.0,0.0,0.0,0.0,0.0,0.1825396825396825,0.0,0.0,0.0,0.0,0.0,0.0,0.0,0.0,0.0,0.2142857142857142,0.2142857142857142,0.2142857142857142,0.0634920634920634,0.2142857142857142,0.0,0.0,0.1507936507936507,0.2142857142857142,0.0,0.0,0.0,0.1984126984126984,0.2301587301587301,0.0,0.0,0.0,0.0,0.0,0.0,0.0,0.0,0.0,0.0,0.0,0.0,0.0,0.1349206349206349,0.2301587301587301,0.0,0.0
38,1.483664305386325,0.2151806730118864,0.9239602239722174,0.525049936615447,24.6372226934112,1.737904451590447,1.0,1.0,0.24,17.873249909328877,4.0,0.0026,1.4285631233823477,0.0,0.0,0.0,0.1349206349206349,0.0,0.0,0.0,0.0,0.0,0.0,0.0,0.0,0.0,0.0,0.0,0.0,0.0,0.0,0.0,0.0,0.0714285714285714,0.0,0.1507936507936507,0.0,0.0,0.0,0.0,0.0,0.0,0.0,0.1031746031746031,0.0079365079365079,0.0,0.0,0.0,0.0,0.0,0.0,0.1666666666666666,0.0,0.0,0.0,0.0,0.0,0.0,0.0,0.0,0.0,0.1825396825396825,0.1825396825396825,0.1984126984126984,0.0,0.1349206349206349,0.0,0.0,0.119047619047619,0.2142857142857142,0.0,0.0,0.0,0.1507936507936507,0.2142857142857142,0.0,0.0,0.0,0.0,0.0,0.0,0.0,0.0,0.0,0.0,0.0,0.0,0.0,0.0873015873015873,0.2301587301587301,0.0,0.0
39,0.8637534149929235,0.1155369069191351,0.8916385522945433,0.6389027534868585,7.444095695396493,13.460266440367144,1.0,1.0,0.24,2.9486420290392603,4.0,0.0026,-1.6202038891564112,0.0,0.0,0.0,0.4841269841269841,0.0,0.0,0.0,0.0,0.2619047619047619,0.0,0.0,0.0,0.0,0.119047619047619,0.3095238095238095,0.0,0.0,0.0,0.0,0.3888888888888889,0.4523809523809524,0.2936507936507936,0.5158730158730159,0.0,0.0,0.0,0.0,0.0,0.1666666666666666,0.4523809523809524,0.5158730158730159,0.5158730158730159,0.0,0.0,0.0,0.0,0.0,0.0317460317460317,0.5158730158730159,0.0,0.0,0.0,0.0,0.0,0.0,0.0,0.0,0.5158730158730159,0.5317460317460317,0.5317460317460317,0.5476190476190477,0.2936507936507936,0.3412698412698413,0.0,0.0,0.4523809523809524,0.5476190476190477,0.0,0.0,0.1666666666666666,0.5634920634920635,0.4365079365079365,0.0,0.0,0.0,0.0,0.0,0.0,0.0,0.0,0.0,0.0,0.0,0.1984126984126984,0.4206349206349206,0.5793650793650794,0.4047619047619047,0.0,0.0
40,1.6656831296042465,0.1306300553449835,0.910659926865656,0.5129971081298842,21.1080334198342,11.303783460830326,1.0,1.0,0.24,2.48312984716378,4.0,0.0026,1.6632671093246778,0.0,0.0,0.0,0.119047619047619,0.0,0.0,0.0,0.0,0.0,0.0,0.0,0.0,0.0,0.0,0.0,0.0,0.0,0.0,0.0,0.0,0.0079365079365079,0.0,0.1349206349206349,0.0,0.0,0.0,0.0,0.0,0.0,0.0,0.0714285714285714,0.0873015873015873,0.0,0.0,0.0,0.0,0.0,0.0,0.1349206349206349,0.0,0.0,0.0,0.0,0.0,0.0,0.0,0.0,0.0,0.1666666666666666,0.1666666666666666,0.1825396825396825,0.0396825396825396,0.1825396825396825,0.0,0.0,0.119047619047619,0.1825396825396825,0.0,0.0,0.0,0.1349206349206349,0.1984126984126984,0.0,0.0,0.0,0.0,0.0,0.0,0.0,0.0,0.0,0.0,0.0,0.0,0.0,0.0396825396825396,0.2142857142857142,0.0,0.0
41,1.514808655215011,0.1573542178216566,0.9272216796838576,0.6162710995338607,11.013855550786133,7.528705280874215,1.0,1.0,0.24,16.291354370430362,4.0,0.0026,1.2145313392928103,0.0,0.0,0.0,0.1666666666666666,0.0,0.0,0.0,0.0,0.0,0.0,0.0,0.0,0.0,0.0,0.0,0.0,0.0,0.0,0.0,0.0,0.0873015873015873,0.0,0.1825396825396825,0.0,0.0,0.0,0.0,0.0,0.0,0.0079365079365079,0.1349206349206349,0.1349206349206349,0.0,0.0,0.0,0.0,0.0,0.0,0.1984126984126984,0.0,0.0,0.0,0.0,0.0,0.0,0.0,0.0,0.0,0.2142857142857142,0.2142857142857142,0.2301587301587301,0.0238095238095238,0.1825396825396825,0.0,0.0,0.1507936507936507,0.2301587301587301,0.0,0.0,0.0,0.2142857142857142,0.246031746031746,0.0,0.0,0.0,0.0,0.0,0.0,0.0,0.0,0.0,0.0,0.0,0.0,0.0,0.1507936507936507,0.246031746031746,0.0,0.0
42,1.0219876641176522,0.2206111276468985,0.9057237831116756,0.5414819623745805,22.356992787401868,12.3760091872961,1.0,1.0,0.24,7.074414526846903,4.0,0.0026,-0.2570268373273105,0.0,0.0,0.0,0.3412698412698413,0.0,0.0,0.0,0.0,0.0,0.0,0.0,0.0,0.0,0.0,0.1507936507936507,0.0,0.0,0.0,0.0,0.2301587301587301,0.2777777777777778,0.246031746031746,0.3571428571428571,0.0,0.0,0.0,0.0,0.0,0.0,0.2777777777777778,0.3571428571428571,0.3571428571428571,0.0,0.0,0.0,0.0,0.0,0.0,0.3571428571428571,0.0,0.0,0.0,0.0,0.0,0.0,0.0,0.0,0.2777777777777778,0.373015873015873,0.373015873015873,0.3888888888888889,0.2301587301587301,0.2936507936507936,0.0,0.0,0.2936507936507936,0.3888888888888889,0.0,0.0,0.0,0.4047619047619047,0.4047619047619047,0.0,0.0,0.0,0.0,0.0,0.0,0.0,0.0,0.0,0.0,0.0,0.0,0.2142857142857142,0.4047619047619047,0.3888888888888889,0.0,0.0
43,1.499964976382205,0.1638658379543934,0.8931870902354329,0.5887856966149112,14.429847638504372,12.191051770035502,1.0,1.0,0.24,19.598768723912418,4.0,0.0026,0.9375281417964312,0.0,0.0,0.0,0.2142857142857142,0.0,0.0,0.0,0.0,0.0,0.0,0.0,0.0,0.0,0.0,0.0,0.0,0.0,0.0,0.0,0.0317460317460317,0.1031746031746031,0.0555555555555555,0.2301587301587301,0.0,0.0,0.0,0.0,0.0,0.0,0.0873015873015873,0.1507936507936507,0.1666666666666666,0.0,0.0,0.0,0.0,0.0,0.0,0.2301587301587301,0.0,0.0,0.0,0.0,0.0,0.0,0.0,0.0,0.0476190476190476,0.246031746031746,0.246031746031746,0.246031746031746,0.1349206349206349,0.2301587301587301,0.0,0.0,0.1666666666666666,0.2619047619047619,0.0,0.0,0.0,0.246031746031746,0.2619047619047619,0.0,0.0,0.0,0.0,0.0,0.0,0.0,0.0,0.0,0.0,0.0,0.0,0.0,0.2142857142857142,0.2619047619047619,0.0,0.0
44,1.0019020871814357,0.1256749386491812,0.8923798976779647,0.5120340039113992,9.801400121100446,14.125657350818946,1.0,1.0,0.24,16.99732764465626,4.0,0.0026,-1.6948989666750722,0.0,0.0,0.0,0.4523809523809524,0.0,0.0,0.0,0.0,0.2619047619047619,0.0,0.0,0.0,0.0,0.0079365079365079,0.2777777777777778,0.0,0.0,0.0,0.0,0.373015873015873,0.4365079365079365,0.2619047619047619,0.5,0.0,0.0,0.0,0.0,0.0,0.1031746031746031,0.4365079365079365,0.5,0.5,0.0,0.0,0.0,0.0,0.0,0.0,0.5,0.0,0.0,0.0,0.0,0.0,0.0,0.0,0.0,0.5,0.5,0.5317460317460317,0.5317460317460317,0.2619047619047619,0.3095238095238095,0.0,0.0,0.4523809523809524,0.5317460317460317,0.0,0.0,0.119047619047619,0.5476190476190477,0.4206349206349206,0.0,0.0,0.0,0.0,0.0,0.0,0.0,0.0,0.0,0.0,0.0,0.1349206349206349,0.3888888888888889,0.5634920634920635,0.4047619047619047,0.0,0.0
45,1.367680113220813,0.1664845320507647,0.9124174445162168,0.6446600054289563,8.697004828404992,1.6769640972247413,1.0,1.0,0.24,6.737399398014394,4.0,0.0026,0.691756399939159,0.0,0.0,0.0,0.2301587301587301,0.0,0.0,0.0,0.0,0.0,0.0,0.0,0.0,0.0,0.0,0.0,0.0,0.0,0.0,0.0,0.0873015873015873,0.1507936507936507,0.0,0.246031746031746,0.0,0.0,0.0,0.0,0.0,0.0,0.1349206349206349,0.2142857142857142,0.119047619047619,0.0,0.0,0.0,0.0,0.0,0.0,0.2619047619047619,0.0,0.0,0.0,0.0,0.0,0.0,0.0,0.0,0.1031746031746031,0.2777777777777778,0.2777777777777778,0.2777777777777778,0.0,0.1507936507936507,0.0,0.0,0.2142857142857142,0.2777777777777778,0.0,0.0,0.0,0.2619047619047619,0.2936507936507936,0.0,0.0,0.0,0.0,0.0,0.0,0.0,0.0,0.0,0.0,0.0,0.0,0.0,0.246031746031746,0.2936507936507936,0.0,0.0
46,0.8473809958810709,0.2035165138194258,0.8960851227146779,0.6909453966400076,18.55305316256609,3.740071631363908,1.0,1.0,0.24,6.785648010062701,4.0,0.0026,-0.602695657279162,0.0,0.0,0.0,0.3888888888888889,0.0,0.0,0.0,0.0,0.1031746031746031,0.0,0.0,0.0,0.0,0.0,0.2142857142857142,0.0,0.0,0.0,0.0,0.2619047619047619,0.3253968253968254,0.1031746031746031,0.3888888888888889,0.0,0.0,0.0,0.0,0.0,0.0,0.3412698412698413,0.3888888888888889,0.2777777777777778,0.0,0.0,0.0,0.0,0.0,0.0,0.3888888888888889,0.0,0.0,0.0,0.0,0.0,0.0,0.0,0.0,0.373015873015873,0.4206349206349206,0.4206349206349206,0.4206349206349206,0.1666666666666666,0.2936507936507936,0.0,0.0,0.3571428571428571,0.4206349206349206,0.0,0.0,0.0,0.4365079365079365,0.4206349206349206,0.0,0.0,0.0,0.0,0.0,0.0,0.0,0.0,0.0,0.0,0.0,0.0079365079365079,0.2777777777777778,0.4365079365079365,0.4047619047619047,0.0,0.0
47,0.5826332903077057,0.2282246803199639,0.8985194376522957,0.6205384211138122,20.61803584344253,2.8804396031306774,1.0,1.0,0.24,6.628550286857245,4.0,0.0026,-1.972919096138226,0.0,0.0,0.0714285714285714,0.5158730158730159,0.0,0.0,0.0,0.0,0.3571428571428571,0.0,0.0,0.0,0.0,0.1984126984126984,0.373015873015873,0.0,0.0,0.0,0.0,0.4523809523809524,0.5317460317460317,0.2301587301587301,0.4841269841269841,0.0,0.0,0.0,0.0,0.0,0.2619047619047619,0.5158730158730159,0.5793650793650794,0.4206349206349206,0.0,0.0,0.0,0.0,0.0,0.1349206349206349,0.5793650793650794,0.0,0.0,0.0,0.0,0.0,0.0,0.0,0.0,0.5793650793650794,0.5158730158730159,0.5317460317460317,0.6111111111111112,0.2142857142857142,0.3412698412698413,0.0,0.0,0.5,0.5317460317460317,0.0,0.0,0.2777777777777778,0.626984126984127,0.4682539682539682,0.0,0.0,0.0,0.0,0.0,0.0,0.0,0.0,0.0,0.0,0.0,0.2777777777777778,0.4841269841269841,0.626984126984127,0.4365079365079365,0.0,0.0
48,1.7698211358089244,0.2142178080785954,0.8877242852764929,0.5558282651936508,13.29757278563913,1.521444083207493,1.0,1.0,0.24,9.982258727932642,4.0,0.0026,1.538839924388672,0.0,0.0,0.0,0.1349206349206349,0.0,0.0,0.0,0.0,0.0,0.0,0.0,0.0,0.0,0.0,0.0,0.0,0.0,0.0,0.0,0.0,0.0238095238095238,0.0,0.1507936507936507,0.0,0.0,0.0,0.0,0.0,0.0,0.0,0.0873015873015873,0.0,0.0,0.0,0.0,0.0,0.0,0.0,0.1507936507936507,0.0,0.0,0.0,0.0,0.0,0.0,0.0,0.0,0.0,0.1825396825396825,0.1825396825396825,0.1984126984126984,0.0,0.1031746031746031,0.0,0.0,0.119047619047619,0.2142857142857142,0.0,0.0,0.0,0.1349206349206349,0.2301587301587301,0.0,0.0,0.0,0.0,0.0,0.0,0.0,0.0,0.0,0.0,0.0,0.0,0.0,0.0396825396825396,0.2301587301587301,0.0,0.0
49,1.4473445100621496,0.1202722991218982,0.8871956525213798,0.6482190538943415,16.98048248145814,14.87927522426769,1.0,1.0,0.24,1.269368340222787,4.0,0.0026,1.100334887882946,0.0,0.0,0.0,0.1984126984126984,0.0,0.0,0.0,0.0,0.0,0.0,0.0,0.0,0.0,0.0,0.0,0.0,0.0,0.0,0.0,0.0,0.0873015873015873,0.0873015873015873,0.1984126984126984,0.0,0.0,0.0,0.0,0.0,0.0,0.0714285714285714,0.1349206349206349,0.1507936507936507,0.0,0.0,0.0,0.0,0.0,0.0,0.2142857142857142,0.0,0.0,0.0,0.0,0.0,0.0,0.0,0.0,0.0,0.2301587301587301,0.2301587301587301,0.2301587301587301,0.1507936507936507,0.2301587301587301,0.0,0.0,0.1666666666666666,0.2301587301587301,0.0,0.0,0.0,0.2301587301587301,0.2619047619047619,0.0,0.0,0.0,0.0,0.0,0.0,0.0,0.0,0.0,0.0,0.0,0.0,0.0,0.1825396825396825,0.2619047619047619,0.0,0.0
50,1.5258813843203884,0.1637106455090416,0.904472302755512,0.5934645978203883,3.640919777076427,1.561041575345405,1.0,1.0,0.24,7.300743365572489,4.0,0.0026,0.1264113025635543,0.0,0.0,0.0,0.2777777777777778,0.0,0.0,0.0,0.0,0.0,0.0,0.0,0.0,0.0,0.0,0.0396825396825396,0.0,0.0,0.0,0.0,0.1825396825396825,0.2301587301587301,0.0,0.2619047619047619,0.0,0.0,0.0,0.0,0.0,0.0,0.1984126984126984,0.2936507936507936,0.1666666666666666,0.0,0.0,0.0,0.0,0.0,0.0,0.3412698412698413,0.0,0.0,0.0,0.0,0.0,0.0,0.0,0.0,0.1666666666666666,0.3571428571428571,0.3571428571428571,0.3571428571428571,0.0,0.1349206349206349,0.0,0.0,0.2777777777777778,0.3095238095238095,0.0,0.0,0.0,0.3571428571428571,0.3888888888888889,0.0,0.0,0.0,0.0,0.0,0.0,0.0,0.0,0.0,0.0,0.0,0.0,0.1349206349206349,0.2936507936507936,0.373015873015873,0.0,0.0
51,0.782754880776634,0.1585190186225761,0.902746463936919,0.5428172411564722,23.1432635221154,12.960534922218775,1.0,1.0,0.24,3.340429964030696,4.0,0.0026,-1.2511730203039149,0.0,0.0,0.0,0.4523809523809524,0.0,0.0,0.0,0.0,0.246031746031746,0.0,0.0,0.0,0.0,0.0873015873015873,0.2619047619047619,0.0,0.0,0.0,0.0,0.3571428571428571,0.4047619047619047,0.3253968253968254,0.4682539682539682,0.0,0.0,0.0,0.0,0.0,0.119047619047619,0.4047619047619047,0.4682539682539682,0.4682539682539682,0.0,0.0,0.0,0.0,0.0,0.0,0.4841269841269841,0.0,0.0,0.0,0.0,0.0,0.0,0.0,0.0,0.4841269841269841,0.5,0.5,0.5,0.3571428571428571,0.373015873015873,0.0,0.0,0.4206349206349206,0.5158730158730159,0.0,0.0,0.1349206349206349,0.5158730158730159,0.4365079365079365,0.0,0.0,0.0,0.0,0.0,0.0,0.0,0.0,0.0,0.0,0.0,0.1349206349206349,0.373015873015873,0.5158730158730159,0.4206349206349206,0.0,0.0
52,0.8387829661456597,0.1331518332311787,0.9265666635684324,0.5678405377239852,5.809322994519167,8.3190113450128,1.0,1.0,0.24,2.5285515572912245,4.0,0.0026,-2.010921054845688,0.0,0.0,0.0,0.5158730158730159,0.0,0.0,0.0,0.0,0.3095238095238095,0.0,0.0,0.0,0.0,0.1666666666666666,0.3412698412698413,0.0,0.0,0.0,0.0,0.4523809523809524,0.5158730158730159,0.246031746031746,0.5,0.0,0.0,0.0,0.0,0.0,0.2301587301587301,0.5317460317460317,0.5952380952380952,0.5952380952380952,0.0,0.0,0.0,0.0,0.0,0.0714285714285714,0.6111111111111112,0.0,0.0,0.0,0.0,0.0,0.0,0.0,0.0,0.6111111111111112,0.5,0.5158730158730159,0.626984126984127,0.246031746031746,0.3253968253968254,0.0,0.0,0.5,0.6111111111111112,0.0,0.0,0.2301587301587301,0.6428571428571429,0.4365079365079365,0.0,0.0,0.0,0.0,0.0,0.0,0.0,0.0,0.0,0.0,0.0,0.2619047619047619,0.4682539682539682,0.6111111111111112,0.4047619047619047,0.0,0.0
53,1.2288848978117577,0.1847501965793858,0.9279278161091372,0.5781394548029306,11.104319138669936,11.210922360407652,1.0,1.0,0.24,5.394447715530376,4.0,0.0026,0.2272643868458295,0.0,0.0,0.0,0.2777777777777778,0.0,0.0,0.0,0.0,0.0,0.0,0.0,0.0,0.0,0.0,0.0714285714285714,0.0,0.0,0.0,0.0,0.1825396825396825,0.2301587301587301,0.1031746031746031,0.2936507936507936,0.0,0.0,0.0,0.0,0.0,0.0,0.1984126984126984,0.2777777777777778,0.2777777777777778,0.0,0.0,0.0,0.0,0.0,0.0,0.2936507936507936,0.0,0.0,0.0,0.0,0.0,0.0,0.0,0.0,0.1984126984126984,0.3253968253968254,0.3253968253968254,0.3412698412698413,0.1666666666666666,0.2619047619047619,0.0,0.0,0.246031746031746,0.3412698412698413,0.0,0.0,0.0,0.3571428571428571,0.3571428571428571,0.0,0.0,0.0,0.0,0.0,0.0,0.0,0.0,0.0,0.0,0.0,0.0,0.1349206349206349,0.3412698412698413,0.373015873015873,0.0,0.0
54,1.4023237537054578,0.1789128365758872,0.9021443360500238,0.5181034768500211,11.947816446022635,9.491198584855615,1.0,1.0,0.24,4.557827210268634,4.0,0.0026,0.3756174933535714,0.0,0.0,0.0,0.2777777777777778,0.0,0.0,0.0,0.0,0.0,0.0,0.0,0.0,0.0,0.0,0.0317460317460317,0.0,0.0,0.0,0.0,0.1666666666666666,0.2142857142857142,0.0396825396825396,0.2936507936507936,0.0,0.0,0.0,0.0,0.0,0.0,0.1507936507936507,0.2619047619047619,0.2142857142857142,0.0,0.0,0.0,0.0,0.0,0.0,0.2936507936507936,0.0,0.0,0.0,0.0,0.0,0.0,0.0,0.0,0.1666666666666666,0.2936507936507936,0.2936507936507936,0.3253968253968254,0.1349206349206349,0.2301587301587301,0.0,0.0,0.246031746031746,0.3253968253968254,0.0,0.0,0.0,0.3412698412698413,0.3571428571428571,0.0,0.0,0.0,0.0,0.0,0.0,0.0,0.0,0.0,0.0,0.0,0.0,0.0873015873015873,0.2936507936507936,0.3571428571428571,0.0,0.0
55,0.5577598297595835,0.1557035503622096,0.9028586254302609,0.631074745342927,5.766652918990349,10.079246768758292,1.0,1.0,0.24,10.06343923055781,4.0,0.0026,-3.646922918371776,0.0,0.0,0.246031746031746,0.7063492063492064,0.0,0.0,0.0,0.1825396825396825,0.4365079365079365,0.0,0.0,0.0,0.0,0.3888888888888889,0.5,0.0,0.0,0.0,0.0,0.6428571428571429,0.7222222222222222,0.4682539682539682,0.753968253968254,0.0,0.0,0.0,0.0,0.0,0.4682539682539682,0.7222222222222222,0.753968253968254,0.753968253968254,0.0,0.0,0.0,0.0,0.0,0.3253968253968254,0.753968253968254,0.1428571428571428,0.0,0.0,0.0,0.0,0.0,0.0,0.0,0.753968253968254,0.6587301587301587,0.6904761904761905,0.7698412698412699,0.7698412698412699,0.4365079365079365,0.0,0.0,0.7222222222222222,0.7698412698412699,0.0,0.0,0.4365079365079365,0.7698412698412699,0.4682539682539682,0.0,0.0,0.0,0.0,0.0,0.0,0.0,0.0,0.0,0.0,0.2142857142857142,0.4365079365079365,0.6746031746031746,0.8015873015873016,0.4365079365079365,0.0,0.0
56,1.5957169523370092,0.1607658906814291,0.9288320358303062,0.5775169279986121,5.944614829298516,3.4750161646453206,1.0,1.0,0.24,14.81233168577462,4.0,0.0026,0.7671077597902904,0.0,0.0,0.0,0.2301587301587301,0.0,0.0,0.0,0.0,0.0,0.0,0.0,0.0,0.0,0.0,0.0,0.0,0.0,0.0,0.0,0.0873015873015873,0.1507936507936507,0.0,0.246031746031746,0.0,0.0,0.0,0.0,0.0,0.0,0.119047619047619,0.1825396825396825,0.119047619047619,0.0,0.0,0.0,0.0,0.0,0.0,0.2619047619047619,0.0,0.0,0.0,0.0,0.0,0.0,0.0,0.0,0.0873015873015873,0.2619047619047619,0.2619047619047619,0.2777777777777778,0.0,0.1349206349206349,0.0,0.0,0.2142857142857142,0.2777777777777778,0.0,0.0,0.0,0.2619047619047619,0.2936507936507936,0.0,0.0,0.0,0.0,0.0,0.0,0.0,0.0,0.0,0.0,0.0,0.0,0.0,0.2301587301587301,0.2936507936507936,0.0,0.0
57,1.760918160431171,0.1942626280073157,0.9172321145529932,0.5268956635771297,21.747155525254644,6.502366093987046,1.0,1.0,0.24,16.928634107496425,4.0,0.0026,2.021103927970757,0.0,0.0,0.0,0.119047619047619,0.0,0.0,0.0,0.0,0.0,0.0,0.0,0.0,0.0,0.0,0.0,0.0,0.0,0.0,0.0,0.0,0.0,0.0,0.0714285714285714,0.0,0.0,0.0,0.0,0.0,0.0,0.0,0.0,0.0,0.0,0.0,0.0,0.0,0.0,0.0,0.0714285714285714,0.0,0.0,0.0,0.0,0.0,0.0,0.0,0.0,0.0,0.119047619047619,0.119047619047619,0.119047619047619,0.0,0.1349206349206349,0.0,0.0,0.0714285714285714,0.1349206349206349,0.0,0.0,0.0,0.0,0.1507936507936507,0.0,0.0,0.0,0.0,0.0,0.0,0.0,0.0,0.0,0.0,0.0,0.0,0.0,0.0,0.1507936507936507,0.0,0.0
58,0.8282236089552207,0.1475115021110007,0.8953875038336785,0.5473899807268794,3.606801954026691,9.051358819187897,1.0,1.0,0.24,13.086806863028524,4.0,0.0026,-3.321179024451048,0.0,0.0,0.1507936507936507,0.6746031746031746,0.0,0.0,0.0,0.0,0.3888888888888889,0.0,0.0,0.0,0.0,0.2936507936507936,0.4523809523809524,0.0,0.0,0.0,0.0,0.6111111111111112,0.6904761904761905,0.2777777777777778,0.5793650793650794,0.0,0.0,0.0,0.0,0.0,0.4047619047619047,0.6746031746031746,0.7380952380952381,0.7380952380952381,0.0,0.0,0.0,0.0,0.0,0.2301587301587301,0.753968253968254,0.0,0.0,0.0,0.0,0.0,0.0,0.0,0.0,0.753968253968254,0.5317460317460317,0.5793650793650794,0.7698412698412699,0.2619047619047619,0.3412698412698413,0.0,0.0,0.6746031746031746,0.6904761904761905,0.0,0.0,0.3571428571428571,0.8015873015873016,0.4365079365079365,0.0,0.0,0.0,0.0,0.0,0.0,0.0,0.0,0.0,0.0,0.1349206349206349,0.4047619047619047,0.6111111111111112,0.7698412698412699,0.4206349206349206,0.0,0.0
59,1.9248052898922885,0.1386027095211785,0.9232601598227436,0.674612419256029,1.722608457635906,13.08401858465876,1.0,1.0,0.24,6.40519349981832,4.0,0.0026,1.4830585366301483,0.0,0.0,0.0,0.1507936507936507,0.0,0.0,0.0,0.0,0.0,0.0,0.0,0.0,0.0,0.0,0.0,0.0,0.0,0.0,0.0,0.0,0.0,0.0,0.1349206349206349,0.0,0.0,0.0,0.0,0.0,0.0,0.0,0.1031746031746031,0.119047619047619,0.0,0.0,0.0,0.0,0.0,0.0,0.1507936507936507,0.0,0.0,0.0,0.0,0.0,0.0,0.0,0.0,0.0,0.1825396825396825,0.1825396825396825,0.1984126984126984,0.0158730158730158,0.1666666666666666,0.0,0.0,0.1507936507936507,0.2142857142857142,0.0,0.0,0.0,0.1507936507936507,0.2301587301587301,0.0,0.0,0.0,0.0,0.0,0.0,0.0,0.0,0.0,0.0,0.0,0.0,0.0,0.0396825396825396,0.2301587301587301,0.0,0.0
60,0.8711048716667695,0.1249657839930537,0.8950343057571448,0.550122536918655,12.71910851212104,8.360604586859365,1.0,1.0,0.24,12.62105995199024,4.0,0.0026,-1.645083205772338,0.0,0.0,0.0,0.4523809523809524,0.0,0.0,0.0,0.0,0.2619047619047619,0.0,0.0,0.0,0.0,0.0555555555555555,0.2777777777777778,0.0,0.0,0.0,0.0,0.373015873015873,0.4365079365079365,0.246031746031746,0.4841269841269841,0.0,0.0,0.0,0.0,0.0,0.119047619047619,0.4365079365079365,0.5,0.4523809523809524,0.0,0.0,0.0,0.0,0.0,0.0,0.5,0.0,0.0,0.0,0.0,0.0,0.0,0.0,0.0,0.5,0.4841269841269841,0.5158730158730159,0.5317460317460317,0.2301587301587301,0.3253968253968254,0.0,0.0,0.4365079365079365,0.5317460317460317,0.0,0.0,0.1349206349206349,0.5476190476190477,0.4206349206349206,0.0,0.0,0.0,0.0,0.0,0.0,0.0,0.0,0.0,0.0,0.0,0.1507936507936507,0.4047619047619047,0.5476190476190477,0.4047619047619047,0.0,0.0
61,1.0111786107472542,0.2210932977803441,0.8989338617609204,0.5469028195250378,1.3505489320671245,13.628067994404336,1.0,1.0,0.24,12.914754916228402,4.0,0.0026,-3.2925694406995936,0.0,0.0,0.1666666666666666,0.7063492063492064,0.0,0.0,0.0,0.0,0.3888888888888889,0.0,0.0,0.0,0.0,0.2936507936507936,0.5,0.0,0.0,0.0,0.0,0.6746031746031746,0.7380952380952381,0.2777777777777778,0.5793650793650794,0.0,0.0,0.0,0.0,0.0,0.4206349206349206,0.7380952380952381,0.7857142857142857,0.8015873015873016,0.0,0.0,0.0,0.0,0.0,0.2301587301587301,0.8174603174603174,0.0,0.0,0.0,0.0,0.0,0.0,0.0,0.0,0.8333333333333334,0.5476190476190477,0.6111111111111112,0.8015873015873016,0.2619047619047619,0.3253968253968254,0.0,0.0,0.753968253968254,0.6904761904761905,0.0,0.0,0.3571428571428571,0.8492063492063492,0.4206349206349206,0.0,0.0,0.0,0.0,0.0,0.0,0.0,0.0,0.0,0.0,0.1349206349206349,0.4206349206349206,0.6428571428571429,0.8333333333333334,0.4047619047619047,0.0,0.0
62,1.0586676680637543,0.2138485380959314,0.920058606433287,0.5354797454328621,24.827551027451843,6.1457697953199855,1.0,1.0,0.24,17.30267341694898,4.0,0.0026,0.056784967235309,0.0,0.0,0.0,0.2936507936507936,0.0,0.0,0.0,0.0,0.0,0.0,0.0,0.0,0.0,0.0,0.1031746031746031,0.0,0.0,0.0,0.0,0.1825396825396825,0.2301587301587301,0.0714285714285714,0.3095238095238095,0.0,0.0,0.0,0.0,0.0,0.0,0.2142857142857142,0.2777777777777778,0.246031746031746,0.0,0.0,0.0,0.0,0.0,0.0,0.3095238095238095,0.0,0.0,0.0,0.0,0.0,0.0,0.0,0.0,0.2142857142857142,0.3412698412698413,0.3412698412698413,0.3412698412698413,0.1507936507936507,0.2619047619047619,0.0,0.0,0.246031746031746,0.3412698412698413,0.0,0.0,0.0,0.3571428571428571,0.3571428571428571,0.0,0.0,0.0,0.0,0.0,0.0,0.0,0.0,0.0,0.0,0.0,0.0,0.1349206349206349,0.3412698412698413,0.373015873015873,0.0,0.0
63,0.9082397191734596,0.1311224469193419,0.9110460153651246,0.6381264272276161,3.134066823213257,11.186509160287166,1.0,1.0,0.24,16.047406772675906,4.0,0.0026,-2.281483920480712,0.0,0.0,0.0,0.5158730158730159,0.0,0.0,0.0,0.0,0.2777777777777778,0.0,0.0,0.0,0.0,0.1666666666666666,0.3412698412698413,0.0,0.0,0.0,0.0,0.4365079365079365,0.5,0.2619047619047619,0.5317460317460317,0.0,0.0,0.0,0.0,0.0,0.2301587301587301,0.5158730158730159,0.5793650793650794,0.5793650793650794,0.0,0.0,0.0,0.0,0.0,0.0555555555555555,0.5793650793650794,0.0,0.0,0.0,0.0,0.0,0.0,0.0,0.0,0.5793650793650794,0.5158730158730159,0.5476190476190477,0.6111111111111112,0.2619047619047619,0.3253968253968254,0.0,0.0,0.5158730158730159,0.6111111111111112,0.0,0.0,0.2142857142857142,0.6111111111111112,0.4206349206349206,0.0,0.0,0.0,0.0,0.0,0.0,0.0,0.0,0.0,0.0,0.0,0.246031746031746,0.4523809523809524,0.5952380952380952,0.4047619047619047,0.0,0.0
64,0.5356185187803506,0.1471123341543585,0.8984275088255316,0.5572469440054757,20.03277743567352,14.326781187084825,1.0,1.0,0.24,14.324631039719412,4.0,0.0026,-3.3014562568859005,0.0,0.0,0.1825396825396825,0.6428571428571429,0.0,0.0,0.0,0.119047619047619,0.373015873015873,0.0,0.0,0.0,0.0,0.2936507936507936,0.4365079365079365,0.0,0.0,0.0,0.0,0.5634920634920635,0.6111111111111112,0.6904761904761905,0.6904761904761905,0.1111111111111111,0.0,0.0,0.0,0.0,0.4047619047619047,0.6746031746031746,0.6904761904761905,0.6904761904761905,0.0,0.0,0.0,0.0,0.0,0.246031746031746,0.6904761904761905,0.1587301587301587,0.0,0.0,0.0,0.0,0.0,0.0,0.0,0.6904761904761905,0.6904761904761905,0.6904761904761905,0.6904761904761905,0.6904761904761905,0.5238095238095238,0.0,0.0,0.6111111111111112,0.6904761904761905,0.0,0.0,0.373015873015873,0.7063492063492064,0.4841269841269841,0.0,0.0,0.0,0.0,0.0,0.0,0.0,0.0,0.0,0.0,0.1507936507936507,0.3888888888888889,0.5793650793650794,0.7063492063492064,0.4523809523809524,0.0,0.0
65,0.6264553115307252,0.1678774910044062,0.9070031730191548,0.5492630214624189,12.51214553723553,10.026015196560092,1.0,1.0,0.24,19.41546426330836,4.0,0.0026,-3.0068235466575777,0.0,0.0,0.119047619047619,0.5952380952380952,0.0,0.0,0.0,0.0317460317460317,0.3571428571428571,0.0,0.0,0.0,0.0,0.246031746031746,0.4047619047619047,0.0,0.0,0.0,0.0,0.5317460317460317,0.5952380952380952,0.4047619047619047,0.6587301587301587,0.0,0.0,0.0,0.0,0.0,0.3412698412698413,0.6111111111111112,0.6587301587301587,0.6587301587301587,0.0,0.0,0.0,0.0,0.0,0.2142857142857142,0.6587301587301587,0.1031746031746031,0.0,0.0,0.0,0.0,0.0,0.0,0.0,0.6746031746031746,0.6111111111111112,0.6428571428571429,0.6904761904761905,0.6904761904761905,0.4047619047619047,0.0,0.0,0.5476190476190477,0.6904761904761905,0.0,0.0,0.3253968253968254,0.6904761904761905,0.4682539682539682,0.0,0.0,0.0,0.0,0.0,0.0,0.0,0.0,0.0,0.0,0.0714285714285714,0.3412698412698413,0.5476190476190477,0.6904761904761905,0.4365079365079365,0.0,0.0
66,1.1286774818391114,0.1866454722576916,0.9233087214303596,0.5741126114480685,9.087554797281486,10.51018703283344,1.0,1.0,0.24,10.993077868334897,4.0,0.0026,-0.4317478826763162,0.0,0.0,0.0,0.3571428571428571,0.0,0.0,0.0,0.0,0.0,0.0,0.0,0.0,0.0,0.0,0.1666666666666666,0.0,0.0,0.0,0.0,0.246031746031746,0.2936507936507936,0.1349206349206349,0.373015873015873,0.0,0.0,0.0,0.0,0.0,0.0,0.2936507936507936,0.373015873015873,0.3174603174603174,0.0,0.0,0.0,0.0,0.0,0.0,0.373015873015873,0.0,0.0,0.0,0.0,0.0,0.0,0.0,0.0,0.3412698412698413,0.4047619047619047,0.4047619047619047,0.4047619047619047,0.1825396825396825,0.2936507936507936,0.0,0.0,0.3095238095238095,0.4047619047619047,0.0,0.0,0.0,0.4206349206349206,0.4047619047619047,0.0,0.0,0.0,0.0,0.0,0.0,0.0,0.0,0.0,0.0,0.0,0.0,0.246031746031746,0.4206349206349206,0.3888888888888889,0.0,0.0
67,0.5837857062798375,0.1943484943573408,0.9045857651367888,0.5063813040009428,19.977960381861035,14.709514877335018,1.0,1.0,0.24,4.3340996612358165,4.0,0.0026,-2.608921049265164,0.0,0.0,0.1349206349206349,0.626984126984127,0.0,0.0,0.0,0.0714285714285714,0.373015873015873,0.0,0.0,0.0,0.0,0.2619047619047619,0.4047619047619047,0.0,0.0,0.0,0.0,0.5317460317460317,0.5793650793650794,0.5793650793650794,0.6746031746031746,0.0,0.0,0.0,0.0,0.0,0.3571428571428571,0.6428571428571429,0.6746031746031746,0.6746031746031746,0.0,0.0,0.0,0.0,0.0,0.2301587301587301,0.6746031746031746,0.1349206349206349,0.0,0.0,0.0,0.0,0.0,0.0,0.0,0.6746031746031746,0.6746031746031746,0.6746031746031746,0.6746031746031746,0.6746031746031746,0.4523809523809524,0.0,0.0,0.5634920634920635,0.6746031746031746,0.0,0.0,0.3412698412698413,0.6746031746031746,0.4682539682539682,0.0,0.0,0.0,0.0,0.0,0.0,0.0,0.0,0.0,0.0,0.1031746031746031,0.3412698412698413,0.5634920634920635,0.6904761904761905,0.4365079365079365,0.0,0.0
68,1.2184055545008086,0.1779203559527113,0.8966750504057224,0.659719566327751,19.91625946886788,9.824956447797888,1.0,1.0,0.24,11.537454089526062,4.0,0.0026,0.5857921749097873,0.0,0.0,0.0,0.246031746031746,0.0,0.0,0.0,0.0,0.0,0.0,0.0,0.0,0.0,0.0,0.0,0.0,0.0,0.0,0.0,0.1031746031746031,0.1349206349206349,0.0873015873015873,0.246031746031746,0.0,0.0,0.0,0.0,0.0,0.0,0.1507936507936507,0.2142857142857142,0.2301587301587301,0.0,0.0,0.0,0.0,0.0,0.0,0.2619047619047619,0.0,0.0,0.0,0.0,0.0,0.0,0.0,0.0,0.119047619047619,0.2619047619047619,0.2777777777777778,0.2777777777777778,0.1666666666666666,0.2619047619047619,0.0,0.0,0.2142857142857142,0.2777777777777778,0.0,0.0,0.0,0.2777777777777778,0.2936507936507936,0.0,0.0,0.0,0.0,0.0,0.0,0.0,0.0,0.0,0.0,0.0,0.0,0.0079365079365079,0.2619047619047619,0.2936507936507936,0.0,0.0
69,1.1644412219679223,0.2316633265723128,0.911141714648094,0.6486279221620064,16.502004611688342,13.672142403764836,1.0,1.0,0.24,13.16191330221594,4.0,0.0026,0.4052540516942423,0.0,0.0,0.0,0.2619047619047619,0.0,0.0,0.0,0.0,0.0,0.0,0.0,0.0,0.0,0.0,0.0079365079365079,0.0,0.0,0.0,0.0,0.119047619047619,0.1825396825396825,0.1666666666666666,0.2777777777777778,0.0,0.0,0.0,0.0,0.0,0.0,0.1666666666666666,0.246031746031746,0.2619047619047619,0.0,0.0,0.0,0.0,0.0,0.0,0.2777777777777778,0.0,0.0,0.0,0.0,0.0,0.0,0.0,0.0,0.1349206349206349,0.2936507936507936,0.2936507936507936,0.2936507936507936,0.1984126984126984,0.2936507936507936,0.0,0.0,0.2301587301587301,0.2936507936507936,0.0,0.0,0.0,0.2936507936507936,0.3253968253968254,0.0,0.0,0.0,0.0,0.0,0.0,0.0,0.0,0.0,0.0,0.0,0.0,0.0873015873015873,0.2936507936507936,0.3253968253968254,0.0,0.0
70,0.9021812714015744,0.1661071613243237,0.9114660137392848,0.6674323633677279,20.45193839936166,4.4041045517541,1.0,1.0,0.24,7.464948299415053,4.0,0.0026,-0.2865573036483802,0.0,0.0,0.0,0.3412698412698413,0.0,0.0,0.0,0.0,0.0,0.0,0.0,0.0,0.0,0.0,0.1349206349206349,0.0,0.0,0.0,0.0,0.2301587301587301,0.2777777777777778,0.0873015873015873,0.3412698412698413,0.0,0.0,0.0,0.0,0.0,0.0,0.2777777777777778,0.3412698412698413,0.2619047619047619,0.0,0.0,0.0,0.0,0.0,0.0,0.3571428571428571,0.0,0.0,0.0,0.0,0.0,0.0,0.0,0.0,0.2619047619047619,0.373015873015873,0.373015873015873,0.373015873015873,0.1666666666666666,0.2777777777777778,0.0,0.0,0.2936507936507936,0.3888888888888889,0.0,0.0,0.0,0.3888888888888889,0.4047619047619047,0.0,0.0,0.0,0.0,0.0,0.0,0.0,0.0,0.0,0.0,0.0,0.0,0.2301587301587301,0.3888888888888889,0.4047619047619047,0.0,0.0
71,1.0222013995993835,0.2161852276164819,0.9032925807651137,0.6595142799894472,24.86403554530852,6.044308669224945,1.0,1.0,0.24,17.539729060008636,4.0,0.0026,0.0989891058689024,0.0,0.0,0.0,0.2936507936507936,0.0,0.0,0.0,0.0,0.0,0.0,0.0,0.0,0.0,0.0,0.0714285714285714,0.0,0.0,0.0,0.0,0.1507936507936507,0.2142857142857142,0.0873015873015873,0.2936507936507936,0.0,0.0,0.0,0.0,0.0,0.0,0.2142857142857142,0.2777777777777778,0.2619047619047619,0.0,0.0,0.0,0.0,0.0,0.0,0.2936507936507936,0.0,0.0,0.0,0.0,0.0,0.0,0.0,0.0,0.1825396825396825,0.3095238095238095,0.3253968253968254,0.3253968253968254,0.1666666666666666,0.2619047619047619,0.0,0.0,0.2619047619047619,0.3412698412698413,0.0,0.0,0.0,0.3412698412698413,0.3571428571428571,0.0,0.0,0.0,0.0,0.0,0.0,0.0,0.0,0.0,0.0,0.0,0.0,0.1349206349206349,0.3095238095238095,0.3571428571428571,0.0,0.0
72,0.9372501323919094,0.1998265570470212,0.9087974125549452,0.5247377073197674,6.908462925915121,4.815478573545067,1.0,1.0,0.24,5.045622619274837,4.0,0.0026,-1.6859398898720617,0.0,0.0,0.0,0.4841269841269841,0.0,0.0,0.0,0.0,0.2936507936507936,0.0,0.0,0.0,0.0,0.119047619047619,0.3412698412698413,0.0,0.0,0.0,0.0,0.4206349206349206,0.5,0.119047619047619,0.4047619047619047,0.0,0.0,0.0,0.0,0.0,0.1825396825396825,0.4682539682539682,0.5,0.3888888888888889,0.0,0.0,0.0,0.0,0.0,0.0555555555555555,0.5793650793650794,0.0,0.0,0.0,0.0,0.0,0.0,0.0,0.0,0.5793650793650794,0.4523809523809524,0.4682539682539682,0.6111111111111112,0.1666666666666666,0.2936507936507936,0.0,0.0,0.4523809523809524,0.4523809523809524,0.0,0.0,0.1984126984126984,0.6111111111111112,0.4206349206349206,0.0,0.0,0.0,0.0,0.0,0.0,0.0,0.0,0.0,0.0,0.0,0.2142857142857142,0.4365079365079365,0.5793650793650794,0.4047619047619047,0.0,0.0
73,0.9555325840095368,0.2157733085770806,0.9014195320889336,0.5348146928891625,5.107118623609184,12.038371341955145,1.0,1.0,0.24,8.262681184650969,4.0,0.0026,-2.140694723237001,0.0,0.0,0.0,0.5317460317460317,0.0,0.0,0.0,0.0,0.2936507936507936,0.0,0.0,0.0,0.0,0.1666666666666666,0.3571428571428571,0.0,0.0,0.0,0.0,0.4523809523809524,0.5317460317460317,0.2619047619047619,0.5158730158730159,0.0,0.0,0.0,0.0,0.0,0.2301587301587301,0.5476190476190477,0.6111111111111112,0.6111111111111112,0.0,0.0,0.0,0.0,0.0,0.0714285714285714,0.6111111111111112,0.0,0.0,0.0,0.0,0.0,0.0,0.0,0.0,0.626984126984127,0.5,0.5476190476190477,0.6428571428571429,0.2619047619047619,0.3253968253968254,0.0,0.0,0.5317460317460317,0.6428571428571429,0.0,0.0,0.2301587301587301,0.6587301587301587,0.4206349206349206,0.0,0.0,0.0,0.0,0.0,0.0,0.0,0.0,0.0,0.0,0.0,0.2619047619047619,0.4841269841269841,0.626984126984127,0.4047619047619047,0.0,0.0
74,0.7344540248409609,0.1531449402979157,0.8950894633827291,0.5875783753110839,16.03640998209538,4.460434823812938,1.0,1.0,0.24,4.309347997438733,4.0,0.0026,-1.6422068336109354,0.0,0.0,0.0,0.4682539682539682,0.0,0.0,0.0,0.0,0.2936507936507936,0.0,0.0,0.0,0.0,0.119047619047619,0.3253968253968254,0.0,0.0,0.0,0.0,0.4047619047619047,0.4682539682539682,0.2142857142857142,0.4682539682539682,0.0,0.0,0.0,0.0,0.0,0.1825396825396825,0.4523809523809524,0.5158730158730159,0.4206349206349206,0.0,0.0,0.0,0.0,0.0,0.0873015873015873,0.5317460317460317,0.0,0.0,0.0,0.0,0.0,0.0,0.0,0.0,0.5317460317460317,0.4841269841269841,0.5158730158730159,0.5634920634920635,0.2142857142857142,0.3253968253968254,0.0,0.0,0.4523809523809524,0.5158730158730159,0.0,0.0,0.2142857142857142,0.5793650793650794,0.4365079365079365,0.0,0.0,0.0,0.0,0.0,0.0,0.0,0.0,0.0,0.0,0.0,0.2142857142857142,0.4365079365079365,0.5793650793650794,0.4206349206349206,0.0,0.0
75,1.7084905951117757,0.1277290504827001,0.9085271912388794,0.639709657718186,1.9221002847022688,13.792036834339264,1.0,1.0,0.24,2.28804045461404,4.0,0.0026,0.5801842807718927,0.0,0.0,0.0,0.2619047619047619,0.0,0.0,0.0,0.0,0.0,0.0,0.0,0.0,0.0,0.0,0.0,0.0,0.0,0.0,0.0,0.0714285714285714,0.1666666666666666,0.0079365079365079,0.2619047619047619,0.0,0.0,0.0,0.0,0.0,0.0,0.1349206349206349,0.2301587301587301,0.246031746031746,0.0,0.0,0.0,0.0,0.0,0.0,0.2619047619047619,0.0,0.0,0.0,0.0,0.0,0.0,0.0,0.0,0.0476190476190476,0.2777777777777778,0.2777777777777778,0.2936507936507936,0.119047619047619,0.2142857142857142,0.0,0.0,0.2619047619047619,0.2936507936507936,0.0,0.0,0.0,0.2777777777777778,0.3412698412698413,0.0,0.0,0.0,0.0,0.0,0.0,0.0,0.0,0.0,0.0,0.0,0.0,0.0,0.246031746031746,0.3412698412698413,0.0,0.0
76,1.0420162038350518,0.1264780215288464,0.9281816789547782,0.5143105731921447,21.4991859294779,5.398086110606401,1.0,1.0,0.24,13.798465925952332,4.0,0.0026,-0.1279752934877704,0.0,0.0,0.0,0.2936507936507936,0.0,0.0,0.0,0.0,0.0,0.0,0.0,0.0,0.0,0.0,0.119047619047619,0.0,0.0,0.0,0.0,0.2142857142857142,0.2619047619047619,0.0555555555555555,0.3253968253968254,0.0,0.0,0.0,0.0,0.0,0.0,0.2301587301587301,0.2936507936507936,0.2301587301587301,0.0,0.0,0.0,0.0,0.0,0.0,0.3412698412698413,0.0,0.0,0.0,0.0,0.0,0.0,0.0,0.0,0.246031746031746,0.3571428571428571,0.3571428571428571,0.3571428571428571,0.1507936507936507,0.2619047619047619,0.0,0.0,0.2619047619047619,0.373015873015873,0.0,0.0,0.0,0.373015873015873,0.3888888888888889,0.0,0.0,0.0,0.0,0.0,0.0,0.0,0.0,0.0,0.0,0.0,0.0,0.1666666666666666,0.373015873015873,0.3888888888888889,0.0,0.0
77,0.8699247038278438,0.2301084136978788,0.908276037582824,0.6056912506996709,18.49591397298321,3.2441507725649696,1.0,1.0,0.24,3.5164447794408336,4.0,0.0026,-0.5861697791450201,0.0,0.0,0.0,0.373015873015873,0.0,0.0,0.0,0.0,0.1349206349206349,0.0,0.0,0.0,0.0,0.0079365079365079,0.2142857142857142,0.0,0.0,0.0,0.0,0.2936507936507936,0.3412698412698413,0.0714285714285714,0.373015873015873,0.0,0.0,0.0,0.0,0.0,0.0,0.3571428571428571,0.3888888888888889,0.2619047619047619,0.0,0.0,0.0,0.0,0.0,0.0,0.4047619047619047,0.0,0.0,0.0,0.0,0.0,0.0,0.0,0.0,0.4206349206349206,0.4365079365079365,0.4365079365079365,0.4365079365079365,0.1507936507936507,0.2619047619047619,0.0,0.0,0.3412698412698413,0.4047619047619047,0.0,0.0,0.0,0.4523809523809524,0.4206349206349206,0.0,0.0,0.0,0.0,0.0,0.0,0.0,0.0,0.0,0.0,0.0,0.0079365079365079,0.2777777777777778,0.4523809523809524,0.4047619047619047,0.0,0.0
78,1.832865292891804,0.1688451541237937,0.9216126940119882,0.5967437107278779,24.50137199416562,10.891122285700671,1.0,1.0,0.24,6.88145976517526,4.0,0.0026,2.481707037276732,0.0,0.0,0.0,0.0079365079365079,0.0,0.0,0.0,0.0,0.0,0.0,0.0,0.0,0.0,0.0,0.0,0.0,0.0,0.0,0.0,0.0,0.0,0.0,0.0,0.0,0.0,0.0,0.0,0.0,0.0,0.0,0.0,0.0,0.0,0.0,0.0,0.0,0.0,0.0,0.0,0.0,0.0,0.0,0.0,0.0,0.0,0.0,0.0,0.0,0.0238095238095238,0.0555555555555555,0.0714285714285714,0.0,0.0714285714285714,0.0,0.0,0.0,0.0714285714285714,0.0,0.0,0.0,0.0,0.0873015873015873,0.0,0.0,0.0,0.0,0.0,0.0,0.0,0.0,0.0,0.0,0.0,0.0,0.0,0.0,0.0,0.0,0.0
79,0.6613210776650852,0.1826956804763376,0.9292448702605774,0.5521282127453596,18.58557649139441,1.787082255568727,1.0,1.0,0.24,3.118197804511751,4.0,0.0026,-1.427066066344681,0.0,0.0,0.0,0.4523809523809524,0.0,0.0,0.0,0.0,0.2936507936507936,0.0,0.0,0.0,0.0,0.119047619047619,0.2936507936507936,0.0,0.0,0.0,0.0,0.4047619047619047,0.4523809523809524,0.0873015873015873,0.3888888888888889,0.0,0.0,0.0,0.0,0.0,0.1666666666666666,0.4365079365079365,0.4206349206349206,0.2936507936507936,0.0,0.0,0.0,0.0,0.0,0.1031746031746031,0.5317460317460317,0.0,0.0,0.0,0.0,0.0,0.0,0.0,0.0,0.5317460317460317,0.4523809523809524,0.4682539682539682,0.5634920634920635,0.1349206349206349,0.2936507936507936,0.0,0.0,0.4365079365079365,0.4047619047619047,0.0,0.0,0.1984126984126984,0.5634920634920635,0.4523809523809524,0.0,0.0,0.0,0.0,0.0,0.0,0.0,0.0,0.0,0.0,0.0,0.1984126984126984,0.4206349206349206,0.5793650793650794,0.4206349206349206,0.0,0.0
80,1.120650823352666,0.1378910846457366,0.9077761958168792,0.6059392791901884,17.29307695399756,4.425810250101542,1.0,1.0,0.24,13.050733968157653,4.0,0.0026,0.1069142725975527,0.0,0.0,0.0,0.2936507936507936,0.0,0.0,0.0,0.0,0.0,0.0,0.0,0.0,0.0,0.0,0.0873015873015873,0.0,0.0,0.0,0.0,0.1666666666666666,0.2301587301587301,0.0238095238095238,0.2936507936507936,0.0,0.0,0.0,0.0,0.0,0.0,0.1984126984126984,0.2777777777777778,0.2142857142857142,0.0,0.0,0.0,0.0,0.0,0.0,0.2936507936507936,0.0,0.0,0.0,0.0,0.0,0.0,0.0,0.0,0.1984126984126984,0.3253968253968254,0.3253968253968254,0.3412698412698413,0.0873015873015873,0.2301587301587301,0.0,0.0,0.246031746031746,0.3412698412698413,0.0,0.0,0.0,0.3571428571428571,0.3571428571428571,0.0,0.0,0.0,0.0,0.0,0.0,0.0,0.0,0.0,0.0,0.0,0.0,0.1349206349206349,0.3253968253968254,0.373015873015873,0.0,0.0
81,1.336387109355455,0.1341780070196114,0.9247072557169904,0.6208721574974183,16.36383709351267,4.691758429151848,1.0,1.0,0.24,4.467843580806066,4.0,0.0026,1.0161412447040787,0.0,0.0,0.0,0.1984126984126984,0.0,0.0,0.0,0.0,0.0,0.0,0.0,0.0,0.0,0.0,0.0,0.0,0.0,0.0,0.0,0.0396825396825396,0.1031746031746031,0.0,0.2142857142857142,0.0,0.0,0.0,0.0,0.0,0.0,0.0714285714285714,0.1349206349206349,0.1349206349206349,0.0,0.0,0.0,0.0,0.0,0.0,0.2142857142857142,0.0,0.0,0.0,0.0,0.0,0.0,0.0,0.0,0.0396825396825396,0.2301587301587301,0.2301587301587301,0.246031746031746,0.0,0.1825396825396825,0.0,0.0,0.1666666666666666,0.246031746031746,0.0,0.0,0.0,0.2301587301587301,0.2619047619047619,0.0,0.0,0.0,0.0,0.0,0.0,0.0,0.0,0.0,0.0,0.0,0.0,0.0,0.1825396825396825,0.2619047619047619,0.0,0.0
82,0.5522119769165525,0.2305463676109901,0.9120923162531798,0.5086363412457382,11.75095290787578,14.173188326388486,1.0,1.0,0.24,11.737658745863737,4.0,0.0026,-3.393376738091849,0.0,0.0,0.2301587301587301,0.7063492063492064,0.0,0.0,0.0,0.1984126984126984,0.4206349206349206,0.0,0.0,0.0,0.0,0.373015873015873,0.4682539682539682,0.0,0.0,0.0,0.0,0.6428571428571429,0.7063492063492064,0.6746031746031746,0.7380952380952381,0.1031746031746031,0.0,0.0,0.0,0.0,0.4523809523809524,0.7380952380952381,0.7380952380952381,0.7380952380952381,0.0,0.0,0.0,0.0,0.0,0.2936507936507936,0.7380952380952381,0.1666666666666666,0.0,0.0,0.0,0.0,0.0,0.0,0.0,0.753968253968254,0.6904761904761905,0.7380952380952381,0.7698412698412699,0.7698412698412699,0.5158730158730159,0.0,0.0,0.6904761904761905,0.7698412698412699,0.0,0.0,0.4365079365079365,0.7698412698412699,0.4682539682539682,0.0,0.0,0.0,0.0,0.0,0.0,0.0,0.0,0.0,0.0,0.1825396825396825,0.4206349206349206,0.6746031746031746,0.7698412698412699,0.4365079365079365,0.0,0.0
83,0.5268599648125697,0.1169875735494457,0.9004450753583447,0.6914298691355143,20.087936070106142,14.975625920656036,1.0,1.0,0.24,18.63153355457144,4.0,0.0026,-2.965985960269822,0.0,0.0,0.1349206349206349,0.5793650793650794,0.0,0.0,0.0,0.0079365079365079,0.3571428571428571,0.0,0.0,0.0,0.0,0.2619047619047619,0.3888888888888889,0.0,0.0,0.0,0.0,0.4682539682539682,0.5476190476190477,0.6111111111111112,0.6111111111111112,0.1269841269841269,0.0,0.0,0.0,0.0,0.3571428571428571,0.6111111111111112,0.6111111111111112,0.6111111111111112,0.0,0.0,0.0,0.0,0.0,0.2301587301587301,0.6111111111111112,0.1428571428571428,0.0,0.0,0.0,0.0,0.0,0.0,0.0,0.6111111111111112,0.6111111111111112,0.6111111111111112,0.626984126984127,0.626984126984127,0.5476190476190477,0.0,0.0,0.5476190476190477,0.626984126984127,0.0,0.0,0.3571428571428571,0.626984126984127,0.4841269841269841,0.0,0.0,0.0,0.0,0.0,0.0,0.0,0.0,0.0,0.0,0.0873015873015873,0.3412698412698413,0.5158730158730159,0.626984126984127,0.4523809523809524,0.0,0.0
84,1.4058574526876757,0.2238634318436037,0.8970016662520646,0.5985058687629411,10.658473060499375,7.39620499378383,1.0,1.0,0.24,0.791797931454501,4.0,0.0026,0.6556974195990761,0.0,0.0,0.0,0.246031746031746,0.0,0.0,0.0,0.0,0.0,0.0,0.0,0.0,0.0,0.0,0.0,0.0,0.0,0.0,0.0,0.1031746031746031,0.1666666666666666,0.0079365079365079,0.2619047619047619,0.0,0.0,0.0,0.0,0.0,0.0,0.1349206349206349,0.2301587301587301,0.1825396825396825,0.0,0.0,0.0,0.0,0.0,0.0,0.2777777777777778,0.0,0.0,0.0,0.0,0.0,0.0,0.0,0.0,0.1031746031746031,0.2777777777777778,0.2777777777777778,0.2936507936507936,0.0873015873015873,0.2142857142857142,0.0,0.0,0.2301587301587301,0.2936507936507936,0.0,0.0,0.0,0.2936507936507936,0.3095238095238095,0.0,0.0,0.0,0.0,0.0,0.0,0.0,0.0,0.0,0.0,0.0,0.0,0.0079365079365079,0.2619047619047619,0.3253968253968254,0.0,0.0
85,0.6473622924732391,0.1385671440097273,0.911306544464464,0.6729649717311363,1.4530690746442498,5.914121466117601,1.0,1.0,0.24,8.416071976563405,4.0,0.0026,-3.6757601019630086,0.0,0.0,0.246031746031746,0.7222222222222222,0.0,0.0,0.0,0.1349206349206349,0.4682539682539682,0.0,0.0,0.0,0.0,0.3888888888888889,0.5476190476190477,0.0,0.0,0.0,0.0,0.6746031746031746,0.7380952380952381,0.2936507936507936,0.6904761904761905,0.0,0.0,0.0,0.0,0.0,0.4682539682539682,0.7222222222222222,0.7698412698412699,0.7698412698412699,0.0,0.0,0.0,0.0,0.0,0.3571428571428571,0.7698412698412699,0.0555555555555555,0.0,0.0,0.0,0.0,0.0,0.0,0.0,0.8015873015873016,0.5793650793650794,0.6428571428571429,0.8015873015873016,0.2936507936507936,0.373015873015873,0.0,0.0,0.7222222222222222,0.7380952380952381,0.0,0.0,0.4523809523809524,0.8174603174603174,0.4523809523809524,0.0,0.0,0.0,0.0,0.0,0.0,0.0,0.0,0.0,0.0,0.246031746031746,0.4841269841269841,0.6746031746031746,0.8174603174603174,0.4365079365079365,0.0,0.0
86,0.5121067288642398,0.1940298313607658,0.9116899376682234,0.5197005385351021,5.500526792007713,6.288034436901837,1.0,1.0,0.24,16.815200461796092,4.0,0.0026,-4.482350060704275,0.0,0.0873015873015873,0.3412698412698413,0.8333333333333334,0.0,0.0,0.0,0.3412698412698413,0.5952380952380952,0.0,0.0,0.0,0.0,0.4682539682539682,0.6746031746031746,0.0,0.0,0.0,0.0,0.8333333333333334,0.8650793650793651,0.4206349206349206,0.873015873015873,0.0555555555555555,0.0,0.0,0.0,0.0,0.6428571428571429,0.9126984126984128,0.9285714285714286,0.9603174603174603,0.0,0.0,0.0,0.0,0.0,0.4682539682539682,0.9603174603174603,0.1904761904761904,0.0,0.0,0.0,0.0,0.0,0.0,0.1666666666666666,0.9603174603174603,0.6428571428571429,0.6746031746031746,0.9603174603174603,0.8888888888888888,0.4365079365079365,0.0,0.0,0.9285714285714286,0.9285714285714286,0.0,0.1031746031746031,0.6587301587301587,0.9761904761904762,0.4841269841269841,0.0,0.0,0.0,0.0,0.0,0.0,0.0,0.0,0.0,0.1031746031746031,0.3253968253968254,0.5476190476190477,0.753968253968254,0.9761904761904762,0.4523809523809524,0.0,0.0
87,1.5690645944971149,0.1717389370800192,0.908131592494868,0.6724717774773147,17.675506834650943,1.0478655847489131,1.0,1.0,0.24,14.411051289161728,4.0,0.0026,1.7333219879885888,0.0,0.0,0.0,0.119047619047619,0.0,0.0,0.0,0.0,0.0,0.0,0.0,0.0,0.0,0.0,0.0,0.0,0.0,0.0,0.0,0.0,0.0,0.0,0.0873015873015873,0.0,0.0,0.0,0.0,0.0,0.0,0.0,0.0079365079365079,0.0,0.0,0.0,0.0,0.0,0.0,0.0,0.1031746031746031,0.0,0.0,0.0,0.0,0.0,0.0,0.0,0.0,0.0,0.1349206349206349,0.1349206349206349,0.1349206349206349,0.0,0.1031746031746031,0.0,0.0,0.0873015873015873,0.1507936507936507,0.0,0.0,0.0,0.0714285714285714,0.1666666666666666,0.0,0.0,0.0,0.0,0.0,0.0,0.0,0.0,0.0,0.0,0.0,0.0,0.0,0.0,0.1507936507936507,0.0,0.0
88,0.5685048834957765,0.1539567223345737,0.9282598411335462,0.5968439844221856,6.17257134142209,11.60009080312293,1.0,1.0,0.24,7.589722746219584,4.0,0.0026,-3.43346679783152,0.0,0.0,0.2301587301587301,0.6904761904761905,0.0,0.0,0.0,0.1666666666666666,0.4206349206349206,0.0,0.0,0.0,0.0,0.3571428571428571,0.4682539682539682,0.0,0.0,0.0,0.0,0.6428571428571429,0.7063492063492064,0.4682539682539682,0.7380952380952381,0.0,0.0,0.0,0.0,0.0,0.4365079365079365,0.7222222222222222,0.7380952380952381,0.7380952380952381,0.0,0.0,0.0,0.0,0.0,0.2777777777777778,0.7380952380952381,0.1428571428571428,0.0,0.0,0.0,0.0,0.0,0.0,0.0,0.753968253968254,0.6587301587301587,0.6904761904761905,0.753968253968254,0.7698412698412699,0.4365079365079365,0.0,0.0,0.6587301587301587,0.7698412698412699,0.0,0.0,0.4206349206349206,0.7698412698412699,0.4682539682539682,0.0,0.0,0.0,0.0,0.0,0.0,0.0,0.0,0.0,0.0,0.1825396825396825,0.4206349206349206,0.6746031746031746,0.7698412698412699,0.4365079365079365,0.0,0.0
89,0.8115861336260377,0.1744134400202098,0.9141660355843249,0.5289300799106658,13.872667697731767,4.279378547473075,1.0,1.0,0.24,6.256324935921562,4.0,0.0026,-1.442299037642997,0.0,0.0,0.0,0.4523809523809524,0.0,0.0,0.0,0.0,0.2777777777777778,0.0,0.0,0.0,0.0,0.0714285714285714,0.2777777777777778,0.0,0.0,0.0,0.0,0.3888888888888889,0.4523809523809524,0.1349206349206349,0.4206349206349206,0.0,0.0,0.0,0.0,0.0,0.1349206349206349,0.4206349206349206,0.4841269841269841,0.3571428571428571,0.0,0.0,0.0,0.0,0.0,0.0317460317460317,0.5158730158730159,0.0,0.0,0.0,0.0,0.0,0.0,0.0,0.0,0.5158730158730159,0.4523809523809524,0.4682539682539682,0.5476190476190477,0.1825396825396825,0.2936507936507936,0.0,0.0,0.4206349206349206,0.4523809523809524,0.0,0.0,0.1507936507936507,0.5476190476190477,0.4365079365079365,0.0,0.0,0.0,0.0,0.0,0.0,0.0,0.0,0.0,0.0,0.0,0.1666666666666666,0.4047619047619047,0.5634920634920635,0.4206349206349206,0.0,0.0
90,1.423659560034944,0.1499754716509599,0.9015453788189904,0.6881324099630861,5.244840015407855,5.885542266714684,1.0,1.0,0.24,1.6817898566849865,4.0,0.0026,0.7151840473527263,0.0,0.0,0.0,0.246031746031746,0.0,0.0,0.0,0.0,0.0,0.0,0.0,0.0,0.0,0.0,0.0,0.0,0.0,0.0,0.0,0.0873015873015873,0.1349206349206349,0.0,0.2301587301587301,0.0,0.0,0.0,0.0,0.0,0.0,0.1349206349206349,0.2142857142857142,0.1666666666666666,0.0,0.0,0.0,0.0,0.0,0.0,0.2619047619047619,0.0,0.0,0.0,0.0,0.0,0.0,0.0,0.0,0.0555555555555555,0.2619047619047619,0.2777777777777778,0.2777777777777778,0.0238095238095238,0.1984126984126984,0.0,0.0,0.2301587301587301,0.2777777777777778,0.0,0.0,0.0,0.2619047619047619,0.2936507936507936,0.0,0.0,0.0,0.0,0.0,0.0,0.0,0.0,0.0,0.0,0.0,0.0,0.0,0.2301587301587301,0.2936507936507936,0.0,0.0
91,0.5551523588942289,0.1252162955594101,0.9235065164365348,0.6530467319026751,22.685625715005976,11.770203066814393,1.0,1.0,0.24,9.95139117124674,4.0,0.0026,-2.161418798709696,0.0,0.0,0.0079365079365079,0.5158730158730159,0.0,0.0,0.0,0.0,0.3412698412698413,0.0,0.0,0.0,0.0,0.1825396825396825,0.3571428571428571,0.0,0.0,0.0,0.0,0.4206349206349206,0.4682539682539682,0.4841269841269841,0.5476190476190477,0.0,0.0,0.0,0.0,0.0,0.246031746031746,0.5158730158730159,0.5476190476190477,0.5476190476190477,0.0,0.0,0.0,0.0,0.0,0.1349206349206349,0.5476190476190477,0.1031746031746031,0.0,0.0,0.0,0.0,0.0,0.0,0.0,0.5476190476190477,0.5634920634920635,0.5634920634920635,0.5634920634920635,0.5634920634920635,0.4523809523809524,0.0,0.0,0.4841269841269841,0.5634920634920635,0.0,0.0,0.2619047619047619,0.5793650793650794,0.4682539682539682,0.0,0.0,0.0,0.0,0.0,0.0,0.0,0.0,0.0,0.0,0.0,0.2619047619047619,0.4523809523809524,0.5793650793650794,0.4365079365079365,0.0,0.0
92,1.8138480880305,0.1451912672734384,0.8959041794484152,0.6814138513442674,14.928570051248649,7.977887024829502,1.0,1.0,0.24,1.382804941272139,4.0,0.0026,2.211344414023988,0.0,0.0,0.0,0.0714285714285714,0.0,0.0,0.0,0.0,0.0,0.0,0.0,0.0,0.0,0.0,0.0,0.0,0.0,0.0,0.0,0.0,0.0,0.0,0.0079365079365079,0.0,0.0,0.0,0.0,0.0,0.0,0.0,0.0,0.0,0.0,0.0,0.0,0.0,0.0,0.0,0.0238095238095238,0.0,0.0,0.0,0.0,0.0,0.0,0.0,0.0,0.0,0.0714285714285714,0.0714285714285714,0.0873015873015873,0.0,0.0873015873015873,0.0,0.0,0.0079365079365079,0.119047619047619,0.0,0.0,0.0,0.0,0.119047619047619,0.0,0.0,0.0,0.0,0.0,0.0,0.0,0.0,0.0,0.0,0.0,0.0,0.0,0.0,0.0396825396825396,0.0,0.0
93,0.6832791535351933,0.2266768129159254,0.8956009873678871,0.5996516935911781,1.2922545074168028,3.491260008976136,1.0,1.0,0.24,2.609087603450813,4.0,0.0026,-3.580774467535908,0.0,0.0238095238095238,0.373015873015873,0.7380952380952381,0.0,0.0,0.0,0.2301587301587301,0.6111111111111112,0.0,0.0,0.0,0.0,0.4682539682539682,0.7063492063492064,0.0,0.0,0.0,0.0,0.8333333333333334,0.8650793650793651,0.2619047619047619,0.5158730158730159,0.0,0.0,0.0,0.0,0.0,0.6428571428571429,0.8650793650793651,0.6428571428571429,0.8888888888888888,0.0,0.0,0.0,0.0,0.0,0.4523809523809524,0.9603174603174603,0.0,0.0,0.0,0.0,0.0,0.0,0.0,0.1666666666666666,0.9603174603174603,0.5952380952380952,0.6587301587301587,0.9285714285714286,0.2301587301587301,0.3412698412698413,0.0,0.0,0.8650793650793651,0.6111111111111112,0.0,0.0396825396825396,0.626984126984127,0.9603174603174603,0.4523809523809524,0.0,0.0,0.0,0.0,0.0,0.0,0.0,0.0,0.0,0.0555555555555555,0.3412698412698413,0.5952380952380952,0.8333333333333334,0.9603174603174603,0.4365079365079365,0.0,0.0
94,0.5151665158147916,0.2243434514581468,0.929690771233546,0.6260856070798178,21.71115001146149,7.724965519398681,1.0,1.0,0.24,16.325888187542812,4.0,0.0026,-2.337757213063933,0.0,0.0,0.0714285714285714,0.5476190476190477,0.0,0.0,0.0,0.0,0.3571428571428571,0.0,0.0,0.0,0.0,0.1984126984126984,0.373015873015873,0.0,0.0,0.0,0.0,0.4523809523809524,0.5317460317460317,0.4206349206349206,0.5793650793650794,0.0,0.0,0.0,0.0,0.0,0.2619047619047619,0.5476190476190477,0.5793650793650794,0.5793650793650794,0.0,0.0,0.0,0.0,0.0,0.1666666666666666,0.5793650793650794,0.0555555555555555,0.0,0.0,0.0,0.0,0.0,0.0,0.0,0.5793650793650794,0.5952380952380952,0.5952380952380952,0.5952380952380952,0.5952380952380952,0.4365079365079365,0.0,0.0,0.5158730158730159,0.6111111111111112,0.0,0.0,0.2936507936507936,0.6111111111111112,0.4841269841269841,0.0,0.0,0.0,0.0,0.0,0.0,0.0,0.0,0.0,0.0,0.0079365079365079,0.2936507936507936,0.4841269841269841,0.6111111111111112,0.4523809523809524,0.0,0.0
95,0.8482701325897558,0.1490838605538874,0.9264419003655804,0.5062378667690264,9.40376755601289,2.867781437528602,1.0,1.0,0.24,9.846069968026884,4.0,0.0026,-1.7825656131361112,0.0,0.0,0.0,0.4682539682539682,0.0,0.0,0.0,0.0,0.3095238095238095,0.0,0.0,0.0,0.0,0.119047619047619,0.2936507936507936,0.0,0.0,0.0,0.0,0.4206349206349206,0.4841269841269841,0.0873015873015873,0.373015873015873,0.0,0.0,0.0,0.0,0.0,0.1666666666666666,0.4523809523809524,0.4206349206349206,0.2936507936507936,0.0,0.0,0.0,0.0,0.0,0.0714285714285714,0.5634920634920635,0.0,0.0,0.0,0.0,0.0,0.0,0.0,0.0,0.5793650793650794,0.4365079365079365,0.4523809523809524,0.5952380952380952,0.1507936507936507,0.2619047619047619,0.0,0.0,0.4523809523809524,0.4047619047619047,0.0,0.0,0.1984126984126984,0.6111111111111112,0.4365079365079365,0.0,0.0,0.0,0.0,0.0,0.0,0.0,0.0,0.0,0.0,0.0,0.2142857142857142,0.4365079365079365,0.6111111111111112,0.4047619047619047,0.0,0.0
96,0.6050339745818478,0.2103206786748954,0.924320385079636,0.6309393966894976,18.3486039639888,2.460793626439756,1.0,1.0,0.24,11.443086462209656,4.0,0.0026,-1.6966319697572652,0.0,0.0,0.0,0.4682539682539682,0.0,0.0,0.0,0.0,0.2936507936507936,0.0,0.0,0.0,0.0,0.1349206349206349,0.3095238095238095,0.0,0.0,0.0,0.0,0.4047619047619047,0.4682539682539682,0.1507936507936507,0.4365079365079365,0.0,0.0,0.0,0.0,0.0,0.1825396825396825,0.4523809523809524,0.5,0.373015873015873,0.0,0.0,0.0,0.0,0.0,0.119047619047619,0.5317460317460317,0.0,0.0,0.0,0.0,0.0,0.0,0.0,0.0,0.5317460317460317,0.4841269841269841,0.5,0.5634920634920635,0.1825396825396825,0.3253968253968254,0.0,0.0,0.4523809523809524,0.4523809523809524,0.0,0.0,0.2301587301587301,0.5634920634920635,0.4682539682539682,0.0,0.0,0.0,0.0,0.0,0.0,0.0,0.0,0.0,0.0,0.0,0.2301587301587301,0.4206349206349206,0.5793650793650794,0.4365079365079365,0.0,0.0
97,1.137627614294684,0.1231133341130211,0.929868195552834,0.5803390022616497,3.0452500013002486,9.31218957251632,1.0,1.0,0.24,11.867765643203535,4.0,0.0026,-1.5304622864483872,0.0,0.0,0.0,0.4523809523809524,0.0,0.0,0.0,0.0,0.1984126984126984,0.0,0.0,0.0,0.0,0.0,0.2619047619047619,0.0,0.0,0.0,0.0,0.373015873015873,0.4206349206349206,0.1349206349206349,0.4365079365079365,0.0,0.0,0.0,0.0,0.0,0.0396825396825396,0.4206349206349206,0.5,0.4206349206349206,0.0,0.0,0.0,0.0,0.0,0.0,0.5,0.0,0.0,0.0,0.0,0.0,0.0,0.0,0.0,0.5,0.4365079365079365,0.4682539682539682,0.5317460317460317,0.1666666666666666,0.2777777777777778,0.0,0.0,0.4523809523809524,0.5,0.0,0.0,0.0396825396825396,0.5476190476190477,0.4047619047619047,0.0,0.0,0.0,0.0,0.0,0.0,0.0,0.0,0.0,0.0,0.0,0.1349206349206349,0.373015873015873,0.4841269841269841,0.3888888888888889,0.0,0.0
98,0.680833365541199,0.135789454621273,0.8912453755673915,0.5445157529629121,22.048371909149548,8.216535531484741,1.0,1.0,0.24,16.720622624563156,4.0,0.0026,-2.2732621856106383,0.0,0.0,0.0,0.5158730158730159,0.0,0.0,0.0,0.0,0.3253968253968254,0.0,0.0,0.0,0.0,0.1666666666666666,0.3571428571428571,0.0,0.0,0.0,0.0,0.4365079365079365,0.5,0.2936507936507936,0.5634920634920635,0.0,0.0,0.0,0.0,0.0,0.2301587301587301,0.5,0.5634920634920635,0.5634920634920635,0.0,0.0,0.0,0.0,0.0,0.1031746031746031,0.5634920634920635,0.0,0.0,0.0,0.0,0.0,0.0,0.0,0.0,0.5793650793650794,0.5476190476190477,0.5793650793650794,0.5793650793650794,0.3492063492063492,0.373015873015873,0.0,0.0,0.4841269841269841,0.5952380952380952,0.0,0.0,0.246031746031746,0.5952380952380952,0.4523809523809524,0.0,0.0,0.0,0.0,0.0,0.0,0.0,0.0,0.0,0.0,0.0,0.246031746031746,0.4682539682539682,0.6111111111111112,0.4206349206349206,0.0,0.0
99,0.9634616473770764,0.144740596511203,0.9084397997488628,0.6538997543386047,8.93679831850066,10.724254881567113,1.0,1.0,0.24,10.20684336828335,4.0,0.0026,-0.8259358683175595,0.0,0.0,0.0,0.4047619047619047,0.0,0.0,0.0,0.0,0.119047619047619,0.0,0.0,0.0,0.0,0.0,0.2142857142857142,0.0,0.0,0.0,0.0,0.2777777777777778,0.3412698412698413,0.246031746031746,0.4206349206349206,0.0,0.0,0.0,0.0,0.0,0.0,0.373015873015873,0.4047619047619047,0.4206349206349206,0.0,0.0,0.0,0.0,0.0,0.0,0.4206349206349206,0.0,0.0,0.0,0.0,0.0,0.0,0.0,0.0,0.4206349206349206,0.4365079365079365,0.4365079365079365,0.4365079365079365,0.2301587301587301,0.2936507936507936,0.0,0.0,0.373015873015873,0.4365079365079365,0.0,0.0,0.0,0.4523809523809524,0.4206349206349206,0.0,0.0,0.0,0.0,0.0,0.0,0.0,0.0,0.0,0.0,0.0,0.0079365079365079,0.2777777777777778,0.4523809523809524,0.4047619047619047,0.0,0.0
100,0.5336353139981997,0.2302968872250972,0.9002025115223291,0.5400854099275135,4.0743140994774745,1.2822925343110998,1.0,1.0,0.24,5.3644668167965,4.0,0.0026,-3.750953669335381,0.0,0.119047619047619,0.3888888888888889,0.7063492063492064,0.0,0.0,0.0,0.3412698412698413,0.6111111111111112,0.0,0.0,0.0,0.0,0.4841269841269841,0.7063492063492064,0.0,0.0,0.0,0.0,0.8492063492063492,0.9285714285714286,0.2301587301587301,0.4523809523809524,0.0,0.0,0.0,0.0,0.0317460317460317,0.6428571428571429,0.8650793650793651,0.5,0.873015873015873,0.0,0.0,0.0,0.0,0.0,0.4682539682539682,0.9603174603174603,0.0,0.0,0.0,0.0,0.0,0.0,0.0,0.1825396825396825,0.9761904761904762,0.5793650793650794,0.6428571428571429,0.9444444444444444,0.1825396825396825,0.3253968253968254,0.0,0.0,0.9285714285714286,0.5158730158730159,0.0,0.119047619047619,0.6746031746031746,0.992063492063492,0.4841269841269841,0.0,0.0,0.0,0.0,0.0,0.0,0.0,0.0,0.0,0.119047619047619,0.3571428571428571,0.5793650793650794,0.8015873015873016,0.992063492063492,0.4523809523809524,0.0,0.0
101,0.6177149113260382,0.1881271258093522,0.9076072668098886,0.5217087781585423,6.708486211340576,14.54607209499416,1.0,1.0,0.24,16.594299923003973,4.0,0.0026,-3.8682770788135215,0.0,0.0,0.246031746031746,0.7222222222222222,0.0,0.0,0.0,0.2142857142857142,0.4365079365079365,0.0,0.0,0.0,0.0,0.3888888888888889,0.5158730158730159,0.0,0.0,0.0,0.0,0.6746031746031746,0.753968253968254,0.5,0.8015873015873016,0.0476190476190476,0.0,0.0,0.0,0.0,0.5,0.753968253968254,0.8015873015873016,0.8015873015873016,0.0,0.0,0.0,0.0,0.0,0.3412698412698413,0.8015873015873016,0.1428571428571428,0.0,0.0,0.0,0.0,0.0,0.0,0.0,0.8015873015873016,0.6746031746031746,0.7222222222222222,0.8333333333333334,0.8333333333333334,0.4206349206349206,0.0,0.0,0.7063492063492064,0.8333333333333334,0.0,0.0,0.4682539682539682,0.8333333333333334,0.4682539682539682,0.0,0.0,0.0,0.0,0.0,0.0,0.0,0.0,0.0,0.0,0.2301587301587301,0.4523809523809524,0.6904761904761905,0.8333333333333334,0.4365079365079365,0.0,0.0
102,0.5605514924914572,0.2119531479376306,0.9047504894651592,0.6647160535801335,2.0606427653836352,2.388881023372748,1.0,1.0,0.24,3.8911043425347054,4.0,0.0026,-3.4040301265887463,0.0,0.0,0.2936507936507936,0.7380952380952381,0.0,0.0,0.0,0.2142857142857142,0.5317460317460317,0.0,0.0,0.0,0.0,0.4206349206349206,0.6111111111111112,0.0,0.0,0.0,0.0,0.7222222222222222,0.7698412698412699,0.246031746031746,0.5158730158730159,0.0,0.0,0.0,0.0,0.0,0.5476190476190477,0.753968253968254,0.6111111111111112,0.8174603174603174,0.0,0.0,0.0,0.0,0.0,0.4206349206349206,0.8333333333333334,0.0,0.0,0.0,0.0,0.0,0.0,0.0,0.119047619047619,0.8333333333333334,0.5793650793650794,0.626984126984127,0.8333333333333334,0.2142857142857142,0.3571428571428571,0.0,0.0,0.753968253968254,0.5634920634920635,0.0,0.0079365079365079,0.5158730158730159,0.8492063492063492,0.4682539682539682,0.0,0.0,0.0,0.0,0.0,0.0,0.0,0.0,0.0,0.0,0.2936507936507936,0.5158730158730159,0.7222222222222222,0.8492063492063492,0.4365079365079365,0.0,0.0
103,1.2655459017559068,0.2088288764083622,0.917048372341055,0.5104738713807224,8.656201625758296,13.263482517545006,1.0,1.0,0.24,12.1437372935773,4.0,0.0026,-0.3860112651955625,0.0,0.0,0.0,0.3571428571428571,0.0,0.0,0.0,0.0,0.0,0.0,0.0,0.0,0.0,0.0,0.1666666666666666,0.0,0.0,0.0,0.0,0.246031746031746,0.2936507936507936,0.119047619047619,0.373015873015873,0.0,0.0,0.0,0.0,0.0,0.0,0.2777777777777778,0.373015873015873,0.2936507936507936,0.0,0.0,0.0,0.0,0.0,0.0,0.373015873015873,0.0,0.0,0.0,0.0,0.0,0.0,0.0,0.0,0.2777777777777778,0.4047619047619047,0.4047619047619047,0.4047619047619047,0.1666666666666666,0.2777777777777778,0.0,0.0,0.3253968253968254,0.4206349206349206,0.0,0.0,0.0,0.4206349206349206,0.4047619047619047,0.0,0.0,0.0,0.0,0.0,0.0,0.0,0.0,0.0,0.0,0.0,0.0,0.2301587301587301,0.4047619047619047,0.3888888888888889,0.0,0.0
104,1.772931088355869,0.1603709543217001,0.925980290473168,0.6186544693473975,21.647911926743188,9.408733992628806,1.0,1.0,0.24,4.799057021483412,4.0,0.0026,2.35762443073666,0.0,0.0,0.0,0.0714285714285714,0.0,0.0,0.0,0.0,0.0,0.0,0.0,0.0,0.0,0.0,0.0,0.0,0.0,0.0,0.0,0.0,0.0,0.0,0.0079365079365079,0.0,0.0,0.0,0.0,0.0,0.0,0.0,0.0,0.0,0.0,0.0,0.0,0.0,0.0,0.0,0.0079365079365079,0.0,0.0,0.0,0.0,0.0,0.0,0.0,0.0,0.0,0.0714285714285714,0.0714285714285714,0.0714285714285714,0.0,0.0714285714285714,0.0,0.0,0.0,0.0873015873015873,0.0,0.0,0.0,0.0,0.1031746031746031,0.0,0.0,0.0,0.0,0.0,0.0,0.0,0.0,0.0,0.0,0.0,0.0,0.0,0.0,0.0396825396825396,0.0,0.0
105,1.145434350927282,0.1334705117192935,0.8883368649673319,0.5170125860836685,19.708924168655283,6.52161608922985,1.0,1.0,0.24,15.303890632574092,4.0,0.0026,-0.2596539366410157,0.0,0.0,0.0,0.3253968253968254,0.0,0.0,0.0,0.0,0.0,0.0,0.0,0.0,0.0,0.0,0.1349206349206349,0.0,0.0,0.0,0.0,0.2301587301587301,0.2619047619047619,0.0714285714285714,0.3412698412698413,0.0,0.0,0.0,0.0,0.0,0.0,0.246031746031746,0.3412698412698413,0.2619047619047619,0.0,0.0,0.0,0.0,0.0,0.0,0.3571428571428571,0.0,0.0,0.0,0.0,0.0,0.0,0.0,0.0,0.2619047619047619,0.373015873015873,0.373015873015873,0.373015873015873,0.1507936507936507,0.2619047619047619,0.0,0.0,0.2936507936507936,0.373015873015873,0.0,0.0,0.0,0.3888888888888889,0.4047619047619047,0.0,0.0,0.0,0.0,0.0,0.0,0.0,0.0,0.0,0.0,0.0,0.0,0.2142857142857142,0.3888888888888889,0.3888888888888889,0.0,0.0
106,0.5946536080768773,0.1659749197547202,0.9043656675605388,0.6580114539983448,21.94251154949249,9.112390445457784,1.0,1.0,0.24,7.678696495182354,4.0,0.0026,-1.984605894568776,0.0,0.0,0.0,0.5158730158730159,0.0,0.0,0.0,0.0,0.3253968253968254,0.0,0.0,0.0,0.0,0.1666666666666666,0.3571428571428571,0.0,0.0,0.0,0.0,0.4206349206349206,0.4682539682539682,0.4047619047619047,0.5476190476190477,0.0,0.0,0.0,0.0,0.0,0.2301587301587301,0.5,0.5476190476190477,0.5476190476190477,0.0,0.0,0.0,0.0,0.0,0.119047619047619,0.5476190476190477,0.0555555555555555,0.0,0.0,0.0,0.0,0.0,0.0,0.0,0.5476190476190477,0.5634920634920635,0.5634920634920635,0.5634920634920635,0.5793650793650794,0.4206349206349206,0.0,0.0,0.4841269841269841,0.5793650793650794,0.0,0.0,0.2619047619047619,0.5793650793650794,0.4682539682539682,0.0,0.0,0.0,0.0,0.0,0.0,0.0,0.0,0.0,0.0,0.0,0.2619047619047619,0.4523809523809524,0.5793650793650794,0.4365079365079365,0.0,0.0
107,0.7269724942779361,0.1396069707448288,0.9222028261899652,0.6036014640770109,22.758310826664385,10.049332961855134,1.0,1.0,0.24,19.890593406266603,4.0,0.0026,-1.3614010814617068,0.0,0.0,0.0,0.4365079365079365,0.0,0.0,0.0,0.0,0.2301587301587301,0.0,0.0,0.0,0.0,0.0714285714285714,0.246031746031746,0.0,0.0,0.0,0.0,0.3412698412698413,0.373015873015873,0.2936507936507936,0.4523809523809524,0.0,0.0,0.0,0.0,0.0,0.0714285714285714,0.4047619047619047,0.4365079365079365,0.4523809523809524,0.0,0.0,0.0,0.0,0.0,0.0,0.4523809523809524,0.0,0.0,0.0,0.0,0.0,0.0,0.0,0.0,0.4523809523809524,0.4682539682539682,0.4682539682539682,0.4841269841269841,0.3492063492063492,0.373015873015873,0.0,0.0,0.4047619047619047,0.4841269841269841,0.0,0.0,0.1031746031746031,0.4841269841269841,0.4523809523809524,0.0,0.0,0.0,0.0,0.0,0.0,0.0,0.0,0.0,0.0,0.0,0.119047619047619,0.3571428571428571,0.5,0.4206349206349206,0.0,0.0
108,0.6068857688234094,0.1383571744971168,0.912347745858118,0.687739161219221,20.49582679394134,14.920791349789823,1.0,1.0,0.24,13.559307626414144,4.0,0.0026,-1.986484999825431,0.0,0.0,0.0,0.5,0.0,0.0,0.0,0.0,0.2936507936507936,0.0,0.0,0.0,0.0,0.1825396825396825,0.3412698412698413,0.0,0.0,0.0,0.0,0.3888888888888889,0.4365079365079365,0.5,0.5317460317460317,0.0,0.0,0.0,0.0,0.0,0.2301587301587301,0.4841269841269841,0.5317460317460317,0.5317460317460317,0.0,0.0,0.0,0.0,0.0,0.119047619047619,0.5317460317460317,0.1031746031746031,0.0,0.0,0.0,0.0,0.0,0.0,0.0,0.5317460317460317,0.5317460317460317,0.5317460317460317,0.5317460317460317,0.5476190476190477,0.4365079365079365,0.0,0.0,0.4682539682539682,0.5476190476190477,0.0,0.0,0.2301587301587301,0.5476190476190477,0.4682539682539682,0.0,0.0,0.0,0.0,0.0,0.0,0.0,0.0,0.0,0.0,0.0,0.2301587301587301,0.4365079365079365,0.5476190476190477,0.4365079365079365,0.0,0.0
109,0.6642208953831491,0.175702304417695,0.9196669293140376,0.5377015873224065,7.920121888650449,2.7778411758410635,1.0,1.0,0.24,17.35355924191664,4.0,0.0026,-2.9271626819066694,0.0,0.0,0.119047619047619,0.6111111111111112,0.0,0.0,0.0,0.0317460317460317,0.3571428571428571,0.0,0.0,0.0,0.0,0.246031746031746,0.4047619047619047,0.0,0.0,0.0,0.0,0.5634920634920635,0.6428571428571429,0.1984126984126984,0.4365079365079365,0.0,0.0,0.0,0.0,0.0,0.3888888888888889,0.6111111111111112,0.5158730158730159,0.4523809523809524,0.0,0.0,0.0,0.0,0.0,0.2301587301587301,0.7063492063492064,0.0,0.0,0.0,0.0,0.0,0.0,0.0,0.0,0.7063492063492064,0.5,0.5158730158730159,0.7222222222222222,0.1825396825396825,0.3253968253968254,0.0,0.0,0.5793650793650794,0.4682539682539682,0.0,0.0,0.3253968253968254,0.7222222222222222,0.4523809523809524,0.0,0.0,0.0,0.0,0.0,0.0,0.0,0.0,0.0,0.0,0.1031746031746031,0.3571428571428571,0.5793650793650794,0.7222222222222222,0.4206349206349206,0.0,0.0
110,0.6330273571951016,0.2132337828404025,0.9002544063608446,0.5958691260916164,3.352567425946921,10.48658087237693,1.0,1.0,0.24,12.078653583214964,4.0,0.0026,-3.8006279797972473,0.0,0.0,0.246031746031746,0.753968253968254,0.0,0.0,0.0,0.2142857142857142,0.5,0.0,0.0,0.0,0.0,0.4047619047619047,0.5793650793650794,0.0,0.0,0.0,0.0,0.7222222222222222,0.7698412698412699,0.4206349206349206,0.8333333333333334,0.0,0.0,0.0,0.0,0.0,0.5317460317460317,0.7698412698412699,0.8333333333333334,0.8333333333333334,0.0,0.0,0.0,0.0,0.0,0.4047619047619047,0.8333333333333334,0.1428571428571428,0.0,0.0,0.0,0.0,0.0,0.0,0.0714285714285714,0.8333333333333334,0.6428571428571429,0.6746031746031746,0.8492063492063492,0.8492063492063492,0.4206349206349206,0.0,0.0,0.753968253968254,0.8492063492063492,0.0,0.0,0.5,0.8492063492063492,0.4682539682539682,0.0,0.0,0.0,0.0,0.0,0.0,0.0,0.0,0.0,0.0,0.2619047619047619,0.4841269841269841,0.6904761904761905,0.8492063492063492,0.4365079365079365,0.0,0.0
111,1.1984800333039407,0.1649810406620598,0.8965353233528726,0.6557200252611582,17.66053200143016,14.251398952843031,1.0,1.0,0.24,6.531204803972257,4.0,0.0026,0.4524211111684739,0.0,0.0,0.0,0.2619047619047619,0.0,0.0,0.0,0.0,0.0,0.0,0.0,0.0,0.0,0.0,0.0,0.0,0.0,0.0,0.0,0.119047619047619,0.1666666666666666,0.1666666666666666,0.2619047619047619,0.0,0.0,0.0,0.0,0.0,0.0,0.1507936507936507,0.246031746031746,0.2619047619047619,0.0,0.0,0.0,0.0,0.0,0.0,0.2777777777777778,0.0,0.0,0.0,0.0,0.0,0.0,0.0,0.0,0.1349206349206349,0.2936507936507936,0.2936507936507936,0.2936507936507936,0.1984126984126984,0.2936507936507936,0.0,0.0,0.2301587301587301,0.2936507936507936,0.0,0.0,0.0,0.2936507936507936,0.3095238095238095,0.0,0.0,0.0,0.0,0.0,0.0,0.0,0.0,0.0,0.0,0.0,0.0,0.0714285714285714,0.2777777777777778,0.3253968253968254,0.0,0.0
112,0.611084959398524,0.1394347249979765,0.92848225125703,0.6380489890273002,17.221683493604427,7.358489639698772,1.0,1.0,0.24,9.625923356894168,4.0,0.0026,-1.874138940061925,0.0,0.0,0.0,0.5,0.0,0.0,0.0,0.0,0.2936507936507936,0.0,0.0,0.0,0.0,0.1507936507936507,0.3253968253968254,0.0,0.0,0.0,0.0,0.4047619047619047,0.4523809523809524,0.3095238095238095,0.5317460317460317,0.0,0.0,0.0,0.0,0.0,0.1984126984126984,0.4682539682539682,0.5317460317460317,0.5317460317460317,0.0,0.0,0.0,0.0,0.0,0.119047619047619,0.5317460317460317,0.0,0.0,0.0,0.0,0.0,0.0,0.0,0.0,0.5317460317460317,0.5476190476190477,0.5476190476190477,0.5476190476190477,0.3492063492063492,0.4047619047619047,0.0,0.0,0.4523809523809524,0.5476190476190477,0.0,0.0,0.2301587301587301,0.5634920634920635,0.4682539682539682,0.0,0.0,0.0,0.0,0.0,0.0,0.0,0.0,0.0,0.0,0.0,0.2301587301587301,0.4365079365079365,0.5793650793650794,0.4365079365079365,0.0,0.0
113,0.5464207735127187,0.1771052282524363,0.902259070401687,0.5340471750671946,15.88091929583276,3.75496345480207,1.0,1.0,0.24,19.26697954165768,4.0,0.0026,-3.176443258531548,0.0,0.0,0.1666666666666666,0.626984126984127,0.0,0.0,0.0,0.119047619047619,0.3888888888888889,0.0,0.0,0.0,0.0,0.2619047619047619,0.4365079365079365,0.0,0.0,0.0,0.0,0.5793650793650794,0.6428571428571429,0.2777777777777778,0.5952380952380952,0.0,0.0,0.0,0.0,0.0,0.4047619047619047,0.626984126984127,0.6904761904761905,0.6428571428571429,0.0,0.0,0.0,0.0,0.0,0.246031746031746,0.6904761904761905,0.0555555555555555,0.0,0.0,0.0,0.0,0.0,0.0,0.0,0.7063492063492064,0.5634920634920635,0.5793650793650794,0.7222222222222222,0.246031746031746,0.3888888888888889,0.0,0.0,0.6111111111111112,0.626984126984127,0.0,0.0,0.3571428571428571,0.7222222222222222,0.4682539682539682,0.0,0.0,0.0,0.0,0.0,0.0,0.0,0.0,0.0,0.0,0.1349206349206349,0.3888888888888889,0.5952380952380952,0.7222222222222222,0.4365079365079365,0.0,0.0
114,0.796270511927763,0.1463592102654121,0.8891463203242098,0.590259060342446,10.918993892430672,4.3591303291632775,1.0,1.0,0.24,2.4496238658864447,4.0,0.0026,-1.6760144997922033,0.0,0.0,0.0,0.4841269841269841,0.0,0.0,0.0,0.0,0.2936507936507936,0.0,0.0,0.0,0.0,0.1349206349206349,0.3412698412698413,0.0,0.0,0.0,0.0,0.4206349206349206,0.4682539682539682,0.1666666666666666,0.4365079365079365,0.0,0.0,0.0,0.0,0.0,0.1984126984126984,0.4682539682539682,0.5317460317460317,0.4206349206349206,0.0,0.0,0.0,0.0,0.0,0.0714285714285714,0.5476190476190477,0.0,0.0,0.0,0.0,0.0,0.0,0.0,0.0,0.5634920634920635,0.4841269841269841,0.5,0.5793650793650794,0.1984126984126984,0.2936507936507936,0.0,0.0,0.4682539682539682,0.5,0.0,0.0,0.2142857142857142,0.5952380952380952,0.4365079365079365,0.0,0.0,0.0,0.0,0.0,0.0,0.0,0.0,0.0,0.0,0.0,0.2301587301587301,0.4365079365079365,0.5952380952380952,0.4206349206349206,0.0,0.0
115,1.0855839702756,0.17656788394499,0.91886630687175,0.6138813189963406,10.763856280864564,6.350387373016973,1.0,1.0,0.24,12.66214423404458,4.0,0.0026,-0.2600887310294238,0.0,0.0,0.0,0.3253968253968254,0.0,0.0,0.0,0.0,0.0,0.0,0.0,0.0,0.0,0.0,0.1349206349206349,0.0,0.0,0.0,0.0,0.2301587301587301,0.2619047619047619,0.0714285714285714,0.3412698412698413,0.0,0.0,0.0,0.0,0.0,0.0,0.2619047619047619,0.3412698412698413,0.2619047619047619,0.0,0.0,0.0,0.0,0.0,0.0,0.3571428571428571,0.0,0.0,0.0,0.0,0.0,0.0,0.0,0.0,0.2619047619047619,0.373015873015873,0.373015873015873,0.373015873015873,0.1507936507936507,0.2619047619047619,0.0,0.0,0.2936507936507936,0.3888888888888889,0.0,0.0,0.0,0.4047619047619047,0.4047619047619047,0.0,0.0,0.0,0.0,0.0,0.0,0.0,0.0,0.0,0.0,0.0,0.0,0.2142857142857142,0.3888888888888889,0.3888888888888889,0.0,0.0
116,1.577787459088934,0.1568737280790479,0.91987859848095,0.6894067972330201,6.293385011883911,2.1768203332793394,1.0,1.0,0.24,2.812976981587436,4.0,0.0026,1.3862544292646093,0.0,0.0,0.0,0.1507936507936507,0.0,0.0,0.0,0.0,0.0,0.0,0.0,0.0,0.0,0.0,0.0,0.0,0.0,0.0,0.0,0.0,0.0317460317460317,0.0,0.1507936507936507,0.0,0.0,0.0,0.0,0.0,0.0,0.0,0.1031746031746031,0.0714285714285714,0.0,0.0,0.0,0.0,0.0,0.0,0.1666666666666666,0.0,0.0,0.0,0.0,0.0,0.0,0.0,0.0,0.0,0.1984126984126984,0.1984126984126984,0.2142857142857142,0.0,0.119047619047619,0.0,0.0,0.1349206349206349,0.2142857142857142,0.0,0.0,0.0,0.1666666666666666,0.2301587301587301,0.0,0.0,0.0,0.0,0.0,0.0,0.0,0.0,0.0,0.0,0.0,0.0,0.0,0.1031746031746031,0.2142857142857142,0.0,0.0
117,0.8888347777416137,0.2227967320294941,0.9152769922219486,0.5125432068344018,5.043739585497574,12.776379481847275,1.0,1.0,0.24,4.081167638725562,4.0,0.0026,-2.328548491464636,0.0,0.0,0.0,0.5793650793650794,0.0,0.0,0.0,0.0,0.3412698412698413,0.0,0.0,0.0,0.0,0.2301587301587301,0.3888888888888889,0.0,0.0,0.0,0.0,0.5,0.6111111111111112,0.2777777777777778,0.5793650793650794,0.0,0.0,0.0,0.0,0.0,0.2777777777777778,0.5793650793650794,0.6428571428571429,0.6746031746031746,0.0,0.0,0.0,0.0,0.0,0.1349206349206349,0.6746031746031746,0.0,0.0,0.0,0.0,0.0,0.0,0.0,0.0,0.6746031746031746,0.5317460317460317,0.5634920634920635,0.7063492063492064,0.2777777777777778,0.3412698412698413,0.0,0.0,0.5634920634920635,0.6904761904761905,0.0,0.0,0.2777777777777778,0.7222222222222222,0.4206349206349206,0.0,0.0,0.0,0.0,0.0,0.0,0.0,0.0,0.0,0.0,0.0,0.2936507936507936,0.5158730158730159,0.6746031746031746,0.4047619047619047,0.0,0.0
118,0.763093371794333,0.126157601770334,0.8897981156158651,0.6737337614144028,1.5100858772715808,11.990888539495362,1.0,1.0,0.24,2.580948334073052,4.0,0.0026,-3.0477209308030586,0.0,0.0,0.1825396825396825,0.6587301587301587,0.0,0.0,0.0,0.0,0.3888888888888889,0.0,0.0,0.0,0.0,0.2936507936507936,0.4682539682539682,0.0,0.0,0.0,0.0,0.5793650793650794,0.6746031746031746,0.3888888888888889,0.7222222222222222,0.0,0.0,0.0,0.0,0.0,0.4047619047619047,0.6904761904761905,0.7222222222222222,0.7222222222222222,0.0,0.0,0.0,0.0,0.0,0.246031746031746,0.7222222222222222,0.0,0.0,0.0,0.0,0.0,0.0,0.0,0.0,0.7222222222222222,0.5952380952380952,0.6428571428571429,0.7380952380952381,0.5952380952380952,0.373015873015873,0.0,0.0,0.6746031746031746,0.7380952380952381,0.0,0.0,0.3571428571428571,0.753968253968254,0.4365079365079365,0.0,0.0,0.0,0.0,0.0,0.0,0.0,0.0,0.0,0.0,0.1507936507936507,0.4206349206349206,0.626984126984127,0.753968253968254,0.4206349206349206,0.0,0.0
119,0.8178767048066496,0.1870100771425505,0.9206789342827718,0.569824428030717,13.531846245770002,1.9165287061202247,1.0,1.0,0.24,9.350814122212046,4.0,0.0026,-1.1709741299152283,0.0,0.0,0.0,0.4206349206349206,0.0,0.0,0.0,0.0,0.246031746031746,0.0,0.0,0.0,0.0,0.0238095238095238,0.246031746031746,0.0,0.0,0.0,0.0,0.3412698412698413,0.4047619047619047,0.0555555555555555,0.3412698412698413,0.0,0.0,0.0,0.0,0.0,0.0714285714285714,0.3888888888888889,0.3888888888888889,0.2619047619047619,0.0,0.0,0.0,0.0,0.0,0.0,0.4682539682539682,0.0,0.0,0.0,0.0,0.0,0.0,0.0,0.0,0.4841269841269841,0.4365079365079365,0.4523809523809524,0.5,0.0714285714285714,0.246031746031746,0.0,0.0,0.3888888888888889,0.3888888888888889,0.0,0.0,0.1031746031746031,0.5158730158730159,0.4365079365079365,0.0,0.0,0.0,0.0,0.0,0.0,0.0,0.0,0.0,0.0,0.0,0.119047619047619,0.373015873015873,0.5158730158730159,0.4047619047619047,0.0,0.0
120,1.4952972206567898,0.2169935092568827,0.892957025715334,0.6867746760859108,18.761630584937336,11.66730993410861,1.0,1.0,0.24,7.410696032822229,4.0,0.0026,1.4562544929200134,0.0,0.0,0.0,0.1349206349206349,0.0,0.0,0.0,0.0,0.0,0.0,0.0,0.0,0.0,0.0,0.0,0.0,0.0,0.0,0.0,0.0,0.0079365079365079,0.0396825396825396,0.119047619047619,0.0,0.0,0.0,0.0,0.0,0.0,0.0,0.1031746031746031,0.119047619047619,0.0,0.0,0.0,0.0,0.0,0.0,0.1349206349206349,0.0,0.0,0.0,0.0,0.0,0.0,0.0,0.0,0.0,0.1666666666666666,0.1666666666666666,0.1825396825396825,0.1349206349206349,0.1825396825396825,0.0,0.0,0.1349206349206349,0.1984126984126984,0.0,0.0,0.0,0.1507936507936507,0.2142857142857142,0.0,0.0,0.0,0.0,0.0,0.0,0.0,0.0,0.0,0.0,0.0,0.0,0.0,0.0714285714285714,0.2142857142857142,0.0,0.0
121,1.7268081993614062,0.1692707438211728,0.8959669469663359,0.5503248562079005,5.216956881044723,10.386328339914396,1.0,1.0,0.24,5.9551830495127325,4.0,0.0026,0.6455867688278605,0.0,0.0,0.0,0.2619047619047619,0.0,0.0,0.0,0.0,0.0,0.0,0.0,0.0,0.0,0.0,0.0,0.0,0.0,0.0,0.0,0.0714285714285714,0.1666666666666666,0.0,0.2619047619047619,0.0,0.0,0.0,0.0,0.0,0.0,0.1349206349206349,0.2301587301587301,0.1825396825396825,0.0,0.0,0.0,0.0,0.0,0.0,0.2619047619047619,0.0,0.0,0.0,0.0,0.0,0.0,0.0,0.0,0.0873015873015873,0.2777777777777778,0.2777777777777778,0.2936507936507936,0.0317460317460317,0.1825396825396825,0.0,0.0,0.2301587301587301,0.2936507936507936,0.0,0.0,0.0,0.2777777777777778,0.3253968253968254,0.0,0.0,0.0,0.0,0.0,0.0,0.0,0.0,0.0,0.0,0.0,0.0,0.0,0.246031746031746,0.3412698412698413,0.0,0.0
122,0.6103351537992697,0.1726322051710639,0.8913318355631721,0.5187888147883215,9.733054563688189,10.131079611340835,1.0,1.0,0.24,4.285031926829495,4.0,0.0026,-3.20892298098913,0.0,0.0,0.2301587301587301,0.6904761904761905,0.0,0.0,0.0,0.1666666666666666,0.4206349206349206,0.0,0.0,0.0,0.0,0.3571428571428571,0.4682539682539682,0.0,0.0,0.0,0.0,0.6428571428571429,0.7222222222222222,0.4365079365079365,0.753968253968254,0.0,0.0,0.0,0.0,0.0,0.4365079365079365,0.7222222222222222,0.753968253968254,0.753968253968254,0.0,0.0,0.0,0.0,0.0,0.2619047619047619,0.753968253968254,0.1269841269841269,0.0,0.0,0.0,0.0,0.0,0.0,0.0,0.753968253968254,0.6428571428571429,0.6746031746031746,0.7698412698412699,0.7698412698412699,0.4206349206349206,0.0,0.0,0.6746031746031746,0.7698412698412699,0.0,0.0,0.4206349206349206,0.8015873015873016,0.4682539682539682,0.0,0.0,0.0,0.0,0.0,0.0,0.0,0.0,0.0,0.0,0.1825396825396825,0.4206349206349206,0.6746031746031746,0.8015873015873016,0.4365079365079365,0.0,0.0
123,1.86368342840538,0.1678045222322494,0.929512907140758,0.6136109250433176,16.995864266242286,1.483199110979817,1.0,1.0,0.24,9.583251661666566,4.0,0.0026,2.4673600945167165,0.0,0.0,0.0,0.0079365079365079,0.0,0.0,0.0,0.0,0.0,0.0,0.0,0.0,0.0,0.0,0.0,0.0,0.0,0.0,0.0,0.0,0.0,0.0,0.0,0.0,0.0,0.0,0.0,0.0,0.0,0.0,0.0,0.0,0.0,0.0,0.0,0.0,0.0,0.0,0.0,0.0,0.0,0.0,0.0,0.0,0.0,0.0,0.0,0.0,0.0555555555555555,0.0714285714285714,0.0714285714285714,0.0,0.0238095238095238,0.0,0.0,0.0,0.0714285714285714,0.0,0.0,0.0,0.0,0.0873015873015873,0.0,0.0,0.0,0.0,0.0,0.0,0.0,0.0,0.0,0.0,0.0,0.0,0.0,0.0,0.0,0.0,0.0
124,1.6229377245386436,0.1722353767208655,0.9132409603146584,0.5768369399700184,15.995487446293131,3.3741051713678534,1.0,1.0,0.24,16.00302224348441,4.0,0.0026,1.5475550552606618,0.0,0.0,0.0,0.1349206349206349,0.0,0.0,0.0,0.0,0.0,0.0,0.0,0.0,0.0,0.0,0.0,0.0,0.0,0.0,0.0,0.0,0.0238095238095238,0.0,0.1349206349206349,0.0,0.0,0.0,0.0,0.0,0.0,0.0,0.0714285714285714,0.0714285714285714,0.0,0.0,0.0,0.0,0.0,0.0,0.1507936507936507,0.0,0.0,0.0,0.0,0.0,0.0,0.0,0.0,0.0,0.1666666666666666,0.1825396825396825,0.1825396825396825,0.0,0.1349206349206349,0.0,0.0,0.119047619047619,0.1984126984126984,0.0,0.0,0.0,0.1349206349206349,0.2142857142857142,0.0,0.0,0.0,0.0,0.0,0.0,0.0,0.0,0.0,0.0,0.0,0.0,0.0,0.0396825396825396,0.2142857142857142,0.0,0.0
125,1.1542486888004075,0.1295470399433255,0.9248229218277482,0.6181749595875844,16.16980310028159,4.127871331154167,1.0,1.0,0.24,3.5333600487757746,4.0,0.0026,0.4502744127274245,0.0,0.0,0.0,0.2619047619047619,0.0,0.0,0.0,0.0,0.0,0.0,0.0,0.0,0.0,0.0,0.0079365079365079,0.0,0.0,0.0,0.0,0.119047619047619,0.1825396825396825,0.0079365079365079,0.2777777777777778,0.0,0.0,0.0,0.0,0.0,0.0,0.1507936507936507,0.2301587301587301,0.1666666666666666,0.0,0.0,0.0,0.0,0.0,0.0,0.2777777777777778,0.0,0.0,0.0,0.0,0.0,0.0,0.0,0.0,0.1349206349206349,0.2936507936507936,0.2936507936507936,0.2936507936507936,0.0396825396825396,0.2142857142857142,0.0,0.0,0.2142857142857142,0.2936507936507936,0.0,0.0,0.0,0.2936507936507936,0.3253968253968254,0.0,0.0,0.0,0.0,0.0,0.0,0.0,0.0,0.0,0.0,0.0,0.0,0.0714285714285714,0.2777777777777778,0.3253968253968254,0.0,0.0
126,1.228407528063771,0.1954277015378001,0.9276957877574984,0.516079978492182,12.94629426309316,6.993038829158565,1.0,1.0,0.24,14.647817434909411,4.0,0.0026,0.06436555737315,0.0,0.0,0.0,0.2936507936507936,0.0,0.0,0.0,0.0,0.0,0.0,0.0,0.0,0.0,0.0,0.1031746031746031,0.0,0.0,0.0,0.0,0.1984126984126984,0.246031746031746,0.0396825396825396,0.2936507936507936,0.0,0.0,0.0,0.0,0.0,0.0,0.2142857142857142,0.2936507936507936,0.2142857142857142,0.0,0.0,0.0,0.0,0.0,0.0,0.3253968253968254,0.0,0.0,0.0,0.0,0.0,0.0,0.0,0.0,0.2301587301587301,0.3412698412698413,0.3412698412698413,0.3571428571428571,0.1349206349206349,0.2301587301587301,0.0,0.0,0.246031746031746,0.3571428571428571,0.0,0.0,0.0,0.373015873015873,0.373015873015873,0.0,0.0,0.0,0.0,0.0,0.0,0.0,0.0,0.0,0.0,0.0,0.0,0.1507936507936507,0.3571428571428571,0.3888888888888889,0.0,0.0
127,1.1603036667075664,0.203892760093639,0.9294004961345156,0.5920011268854848,19.80188009536903,8.245929699588126,1.0,1.0,0.24,18.50593882079811,4.0,0.0026,0.4831966220163141,0.0,0.0,0.0,0.246031746031746,0.0,0.0,0.0,0.0,0.0,0.0,0.0,0.0,0.0,0.0,0.0,0.0,0.0,0.0,0.0,0.119047619047619,0.1666666666666666,0.0714285714285714,0.2619047619047619,0.0,0.0,0.0,0.0,0.0,0.0,0.1507936507936507,0.2142857142857142,0.2301587301587301,0.0,0.0,0.0,0.0,0.0,0.0,0.2619047619047619,0.0,0.0,0.0,0.0,0.0,0.0,0.0,0.0,0.119047619047619,0.2777777777777778,0.2777777777777778,0.2936507936507936,0.1507936507936507,0.2619047619047619,0.0,0.0,0.1984126984126984,0.2936507936507936,0.0,0.0,0.0,0.2936507936507936,0.2936507936507936,0.0,0.0,0.0,0.0,0.0,0.0,0.0,0.0,0.0,0.0,0.0,0.0,0.0555555555555555,0.2619047619047619,0.2936507936507936,0.0,0.0
128,1.4295906169146395,0.2095043497126359,0.8982064462147846,0.6074307806019673,22.72068538599004,8.596629889535127,1.0,1.0,0.24,9.23162443181289,4.0,0.0026,1.1855195361158226,0.0,0.0,0.0,0.1825396825396825,0.0,0.0,0.0,0.0,0.0,0.0,0.0,0.0,0.0,0.0,0.0,0.0,0.0,0.0,0.0,0.0,0.0873015873015873,0.0079365079365079,0.1666666666666666,0.0,0.0,0.0,0.0,0.0,0.0,0.0079365079365079,0.1349206349206349,0.1349206349206349,0.0,0.0,0.0,0.0,0.0,0.0,0.1984126984126984,0.0,0.0,0.0,0.0,0.0,0.0,0.0,0.0,0.0,0.2142857142857142,0.2142857142857142,0.2142857142857142,0.119047619047619,0.2142857142857142,0.0,0.0,0.1507936507936507,0.2301587301587301,0.0,0.0,0.0,0.2142857142857142,0.246031746031746,0.0,0.0,0.0,0.0,0.0,0.0,0.0,0.0,0.0,0.0,0.0,0.0,0.0,0.1507936507936507,0.246031746031746,0.0,0.0
129,0.7983322713430748,0.1211578880190377,0.8993730292415334,0.5481024584995572,8.800500047951584,11.71172141346211,1.0,1.0,0.24,6.586891158438428,4.0,0.0026,-2.352970810843792,0.0,0.0,0.0,0.5476190476190477,0.0,0.0,0.0,0.0,0.3412698412698413,0.0,0.0,0.0,0.0,0.1984126984126984,0.3571428571428571,0.0,0.0,0.0,0.0,0.4523809523809524,0.5317460317460317,0.2936507936507936,0.6111111111111112,0.0,0.0,0.0,0.0,0.0,0.2619047619047619,0.5476190476190477,0.5952380952380952,0.6111111111111112,0.0,0.0,0.0,0.0,0.0,0.119047619047619,0.6111111111111112,0.0,0.0,0.0,0.0,0.0,0.0,0.0,0.0,0.626984126984127,0.5476190476190477,0.5793650793650794,0.6428571428571429,0.3492063492063492,0.3571428571428571,0.0,0.0,0.5158730158730159,0.6428571428571429,0.0,0.0,0.2619047619047619,0.6428571428571429,0.4365079365079365,0.0,0.0,0.0,0.0,0.0,0.0,0.0,0.0,0.0,0.0,0.0,0.2619047619047619,0.5,0.626984126984127,0.4206349206349206,0.0,0.0
130,0.6352868229684652,0.2326383040752188,0.913108095822718,0.6696061269758407,23.299345700591985,1.7273045332374577,1.0,1.0,0.24,7.360065320247425,4.0,0.0026,-1.2263724348524263,0.0,0.0,0.0,0.4365079365079365,0.0,0.0,0.0,0.0,0.2619047619047619,0.0,0.0,0.0,0.0,0.119047619047619,0.2619047619047619,0.0,0.0,0.0,0.0,0.3571428571428571,0.4047619047619047,0.1031746031746031,0.3888888888888889,0.0,0.0,0.0,0.0,0.0,0.1349206349206349,0.4206349206349206,0.4206349206349206,0.2777777777777778,0.0,0.0,0.0,0.0,0.0,0.0714285714285714,0.4682539682539682,0.0,0.0,0.0,0.0,0.0,0.0,0.0,0.0,0.4841269841269841,0.4682539682539682,0.4841269841269841,0.5158730158730159,0.1666666666666666,0.2936507936507936,0.0,0.0,0.4206349206349206,0.4206349206349206,0.0,0.0,0.1666666666666666,0.5158730158730159,0.4523809523809524,0.0,0.0,0.0,0.0,0.0,0.0,0.0,0.0,0.0,0.0,0.0,0.1666666666666666,0.3888888888888889,0.5158730158730159,0.4206349206349206,0.0,0.0
131,0.5425592835524737,0.1834408367826247,0.9090156642945156,0.6034190885302042,13.24972587498338,9.182085071091167,1.0,1.0,0.24,17.25035722108166,4.0,0.0026,-3.1396307763528304,0.0,0.0,0.1507936507936507,0.6111111111111112,0.0,0.0,0.0,0.119047619047619,0.373015873015873,0.0,0.0,0.0,0.0,0.2619047619047619,0.4206349206349206,0.0,0.0,0.0,0.0,0.5634920634920635,0.626984126984127,0.4523809523809524,0.6746031746031746,0.0,0.0,0.0,0.0,0.0,0.3888888888888889,0.6428571428571429,0.6746031746031746,0.6746031746031746,0.0,0.0,0.0,0.0,0.0,0.246031746031746,0.6746031746031746,0.1111111111111111,0.0,0.0,0.0,0.0,0.0,0.0,0.0,0.6904761904761905,0.6428571428571429,0.6587301587301587,0.6904761904761905,0.6904761904761905,0.4365079365079365,0.0,0.0,0.5952380952380952,0.6904761904761905,0.0,0.0,0.3571428571428571,0.7063492063492064,0.4682539682539682,0.0,0.0,0.0,0.0,0.0,0.0,0.0,0.0,0.0,0.0,0.1349206349206349,0.373015873015873,0.5793650793650794,0.7063492063492064,0.4365079365079365,0.0,0.0
132,0.8934604756288913,0.2164257309005035,0.9061386287873182,0.5586565269367801,24.326326519033024,4.772477767501626,1.0,1.0,0.24,19.730976125851384,4.0,0.0026,-0.6977365653975859,0.0,0.0,0.0,0.373015873015873,0.0,0.0,0.0,0.0,0.119047619047619,0.0,0.0,0.0,0.0,0.0,0.1984126984126984,0.0,0.0,0.0,0.0,0.2619047619047619,0.3253968253968254,0.1031746031746031,0.3888888888888889,0.0,0.0,0.0,0.0,0.0,0.0,0.3412698412698413,0.3888888888888889,0.2777777777777778,0.0,0.0,0.0,0.0,0.0,0.0,0.3888888888888889,0.0,0.0,0.0,0.0,0.0,0.0,0.0,0.0,0.3888888888888889,0.4206349206349206,0.4206349206349206,0.4206349206349206,0.1666666666666666,0.2936507936507936,0.0,0.0,0.3412698412698413,0.4206349206349206,0.0,0.0,0.0,0.4365079365079365,0.4206349206349206,0.0,0.0,0.0,0.0,0.0,0.0,0.0,0.0,0.0,0.0,0.0,0.0,0.2619047619047619,0.4365079365079365,0.4047619047619047,0.0,0.0
133,1.9606100957982235,0.1812493564761647,0.910869577233116,0.5098013333266269,24.79277164480596,6.323194262526458,1.0,1.0,0.24,18.05295147431797,4.0,0.0026,2.517496166561551,0.0,0.0,0.0,0.0079365079365079,0.0,0.0,0.0,0.0,0.0,0.0,0.0,0.0,0.0,0.0,0.0,0.0,0.0,0.0,0.0,0.0,0.0,0.0,0.0079365079365079,0.0,0.0,0.0,0.0,0.0,0.0,0.0,0.0,0.0,0.0,0.0,0.0,0.0,0.0,0.0,0.0,0.0,0.0,0.0,0.0,0.0,0.0,0.0,0.0,0.0,0.0714285714285714,0.0714285714285714,0.0714285714285714,0.0,0.0714285714285714,0.0,0.0,0.0,0.0714285714285714,0.0,0.0,0.0,0.0,0.1031746031746031,0.0,0.0,0.0,0.0,0.0,0.0,0.0,0.0,0.0,0.0,0.0,0.0,0.0,0.0,0.0,0.0,0.0
134,1.8472140570146185,0.178244987003017,0.9031033844447172,0.5337718231834897,4.129863178092303,3.337413332566846,1.0,1.0,0.24,13.488248565944671,4.0,0.0026,0.7099912894842766,0.0,0.0,0.0,0.246031746031746,0.0,0.0,0.0,0.0,0.0,0.0,0.0,0.0,0.0,0.0,0.0,0.0,0.0,0.0,0.0,0.0714285714285714,0.1507936507936507,0.0,0.2619047619047619,0.0,0.0,0.0,0.0,0.0,0.0,0.119047619047619,0.2142857142857142,0.1349206349206349,0.0,0.0,0.0,0.0,0.0,0.0,0.2619047619047619,0.0,0.0,0.0,0.0,0.0,0.0,0.0,0.0,0.0476190476190476,0.2777777777777778,0.2777777777777778,0.2777777777777778,0.0,0.119047619047619,0.0,0.0,0.2301587301587301,0.2936507936507936,0.0,0.0,0.0,0.2619047619047619,0.2936507936507936,0.0,0.0,0.0,0.0,0.0,0.0,0.0,0.0,0.0,0.0,0.0,0.0,0.0,0.2301587301587301,0.3253968253968254,0.0,0.0
135,0.8385232984165215,0.1362658771947627,0.9105755490358378,0.5788604218669714,10.470546216284012,12.46682515985615,1.0,1.0,0.24,5.071790533373418,4.0,0.0026,-1.588898521698855,0.0,0.0,0.0,0.4682539682539682,0.0,0.0,0.0,0.0,0.2777777777777778,0.0,0.0,0.0,0.0,0.119047619047619,0.2936507936507936,0.0,0.0,0.0,0.0,0.3888888888888889,0.4365079365079365,0.2936507936507936,0.5158730158730159,0.0,0.0,0.0,0.0,0.0,0.1507936507936507,0.4365079365079365,0.5158730158730159,0.5158730158730159,0.0,0.0,0.0,0.0,0.0,0.0317460317460317,0.5158730158730159,0.0,0.0,0.0,0.0,0.0,0.0,0.0,0.0,0.5158730158730159,0.5158730158730159,0.5317460317460317,0.5317460317460317,0.2936507936507936,0.3412698412698413,0.0,0.0,0.4523809523809524,0.5476190476190477,0.0,0.0,0.1666666666666666,0.5476190476190477,0.4365079365079365,0.0,0.0,0.0,0.0,0.0,0.0,0.0,0.0,0.0,0.0,0.0,0.1825396825396825,0.4047619047619047,0.5634920634920635,0.4047619047619047,0.0,0.0
136,1.3371412222829866,0.1527767543682981,0.924414318781122,0.5387698183013286,3.387537351303405,11.74243049786682,1.0,1.0,0.24,16.767720963461073,4.0,0.0026,-1.0541870773089594,0.0,0.0,0.0,0.4206349206349206,0.0,0.0,0.0,0.0,0.0238095238095238,0.0,0.0,0.0,0.0,0.0,0.2301587301587301,0.0,0.0,0.0,0.0,0.2936507936507936,0.373015873015873,0.0873015873015873,0.4206349206349206,0.0,0.0,0.0,0.0,0.0,0.0,0.373015873015873,0.4365079365079365,0.3492063492063492,0.0,0.0,0.0,0.0,0.0,0.0,0.4523809523809524,0.0,0.0,0.0,0.0,0.0,0.0,0.0,0.0,0.4047619047619047,0.4206349206349206,0.4523809523809524,0.4682539682539682,0.1507936507936507,0.2619047619047619,0.0,0.0,0.4206349206349206,0.4682539682539682,0.0,0.0,0.0,0.5,0.3888888888888889,0.0,0.0,0.0,0.0,0.0,0.0,0.0,0.0,0.0,0.0,0.0,0.0,0.2936507936507936,0.4365079365079365,0.3888888888888889,0.0,0.0
137,0.6799656522220795,0.2033499562673404,0.9111835093688602,0.6582726900310124,13.109399167771093,4.831773797766007,1.0,1.0,0.24,1.3299792444857943,4.0,0.0026,-1.399855073357184,0.0,0.0,0.0,0.4682539682539682,0.0,0.0,0.0,0.0,0.2936507936507936,0.0,0.0,0.0,0.0,0.119047619047619,0.2936507936507936,0.0,0.0,0.0,0.0,0.4047619047619047,0.4523809523809524,0.246031746031746,0.5,0.0,0.0,0.0,0.0,0.0,0.1825396825396825,0.4523809523809524,0.5158730158730159,0.4523809523809524,0.0,0.0,0.0,0.0,0.0,0.0873015873015873,0.5158730158730159,0.0,0.0,0.0,0.0,0.0,0.0,0.0,0.0,0.5317460317460317,0.5,0.5158730158730159,0.5476190476190477,0.2142857142857142,0.3412698412698413,0.0,0.0,0.4523809523809524,0.5476190476190477,0.0,0.0,0.2142857142857142,0.5634920634920635,0.4523809523809524,0.0,0.0,0.0,0.0,0.0,0.0,0.0,0.0,0.0,0.0,0.0,0.2142857142857142,0.4206349206349206,0.5634920634920635,0.4206349206349206,0.0,0.0
138,0.641928967054377,0.1957175848065895,0.8972003714381837,0.6265372205266261,19.084816839368344,5.087217641860052,1.0,1.0,0.24,15.049396242527,4.0,0.0026,-2.008639994866632,0.0,0.0,0.0,0.5,0.0,0.0,0.0,0.0,0.3253968253968254,0.0,0.0,0.0,0.0,0.1666666666666666,0.3412698412698413,0.0,0.0,0.0,0.0,0.4206349206349206,0.4841269841269841,0.2619047619047619,0.5317460317460317,0.0,0.0,0.0,0.0,0.0,0.2301587301587301,0.5,0.5317460317460317,0.5,0.0,0.0,0.0,0.0,0.0,0.1031746031746031,0.5476190476190477,0.0,0.0,0.0,0.0,0.0,0.0,0.0,0.0,0.5476190476190477,0.5317460317460317,0.5476190476190477,0.5793650793650794,0.246031746031746,0.3571428571428571,0.0,0.0,0.4682539682539682,0.5793650793650794,0.0,0.0,0.246031746031746,0.5793650793650794,0.4523809523809524,0.0,0.0,0.0,0.0,0.0,0.0,0.0,0.0,0.0,0.0,0.0,0.246031746031746,0.4523809523809524,0.5793650793650794,0.4365079365079365,0.0,0.0
139,1.8066724332426265,0.2114373740419607,0.8907908621100155,0.624154886081776,19.27931941445415,1.464325664968054,1.0,1.0,0.24,17.382531818820418,4.0,0.0026,2.099142111020964,0.0,0.0,0.0,0.1031746031746031,0.0,0.0,0.0,0.0,0.0,0.0,0.0,0.0,0.0,0.0,0.0,0.0,0.0,0.0,0.0,0.0,0.0,0.0,0.0714285714285714,0.0,0.0,0.0,0.0,0.0,0.0,0.0,0.0,0.0,0.0,0.0,0.0,0.0,0.0,0.0,0.0714285714285714,0.0,0.0,0.0,0.0,0.0,0.0,0.0,0.0,0.0,0.0873015873015873,0.1031746031746031,0.119047619047619,0.0,0.0714285714285714,0.0,0.0,0.0555555555555555,0.119047619047619,0.0,0.0,0.0,0.0,0.1349206349206349,0.0,0.0,0.0,0.0,0.0,0.0,0.0,0.0,0.0,0.0,0.0,0.0,0.0,0.0,0.1031746031746031,0.0,0.0
140,1.0638712226027425,0.2139011874620875,0.9269504530911368,0.5178034602246501,15.82986202574243,14.45182784594824,1.0,1.0,0.24,18.753244911156244,4.0,0.0026,-0.4006331776952889,0.0,0.0,0.0,0.3412698412698413,0.0,0.0,0.0,0.0,0.0,0.0,0.0,0.0,0.0,0.0,0.1666666666666666,0.0,0.0,0.0,0.0,0.246031746031746,0.2936507936507936,0.246031746031746,0.3571428571428571,0.0,0.0,0.0,0.0,0.0,0.0,0.2777777777777778,0.3571428571428571,0.3571428571428571,0.0,0.0,0.0,0.0,0.0,0.0,0.373015873015873,0.0,0.0,0.0,0.0,0.0,0.0,0.0,0.0,0.3571428571428571,0.3888888888888889,0.3888888888888889,0.3888888888888889,0.2301587301587301,0.2936507936507936,0.0,0.0,0.2936507936507936,0.4047619047619047,0.0,0.0,0.0,0.4047619047619047,0.4047619047619047,0.0,0.0,0.0,0.0,0.0,0.0,0.0,0.0,0.0,0.0,0.0,0.0,0.2301587301587301,0.4206349206349206,0.3888888888888889,0.0,0.0
141,1.3290512378172563,0.1784858462532879,0.9009516889934078,0.6794380292704588,2.3195585174329327,8.517563291797865,1.0,1.0,0.24,19.70808378198759,4.0,0.0026,-0.2797146606067415,0.0,0.0,0.0,0.3412698412698413,0.0,0.0,0.0,0.0,0.0,0.0,0.0,0.0,0.0,0.0,0.1031746031746031,0.0,0.0,0.0,0.0,0.2142857142857142,0.2619047619047619,0.0714285714285714,0.3412698412698413,0.0,0.0,0.0,0.0,0.0,0.0,0.246031746031746,0.3412698412698413,0.2619047619047619,0.0,0.0,0.0,0.0,0.0,0.0,0.3571428571428571,0.0,0.0,0.0,0.0,0.0,0.0,0.0,0.0,0.2142857142857142,0.373015873015873,0.373015873015873,0.3888888888888889,0.1349206349206349,0.246031746031746,0.0,0.0,0.3412698412698413,0.4047619047619047,0.0,0.0,0.0,0.4047619047619047,0.3888888888888889,0.0,0.0,0.0,0.0,0.0,0.0,0.0,0.0,0.0,0.0,0.0,0.0,0.2142857142857142,0.3888888888888889,0.373015873015873,0.0,0.0
142,1.6553725479106975,0.2005750652893802,0.91579900634333,0.6087118173837078,3.1893646509098748,11.818396421105712,1.0,1.0,0.24,9.50905164383664,4.0,0.0026,0.5419670521281983,0.0,0.0,0.0,0.2619047619047619,0.0,0.0,0.0,0.0,0.0,0.0,0.0,0.0,0.0,0.0,0.0,0.0,0.0,0.0,0.0,0.0714285714285714,0.1666666666666666,0.0079365079365079,0.2619047619047619,0.0,0.0,0.0,0.0,0.0,0.0,0.1349206349206349,0.2301587301587301,0.2301587301587301,0.0,0.0,0.0,0.0,0.0,0.0,0.2777777777777778,0.0,0.0,0.0,0.0,0.0,0.0,0.0,0.0,0.0873015873015873,0.2777777777777778,0.2936507936507936,0.2936507936507936,0.0634920634920634,0.2142857142857142,0.0,0.0,0.246031746031746,0.2936507936507936,0.0,0.0,0.0,0.2936507936507936,0.3412698412698413,0.0,0.0,0.0,0.0,0.0,0.0,0.0,0.0,0.0,0.0,0.0,0.0,0.0317460317460317,0.246031746031746,0.3412698412698413,0.0,0.0
143,0.9223776868823796,0.1536816791230694,0.9279862308296216,0.6837027345509772,6.337605907020539,12.350441177609774,1.0,1.0,0.24,11.226625497287973,4.0,0.0026,-0.9303620023249192,0.0,0.0,0.0,0.4206349206349206,0.0,0.0,0.0,0.0,0.1349206349206349,0.0,0.0,0.0,0.0,0.0079365079365079,0.2301587301587301,0.0,0.0,0.0,0.0,0.2936507936507936,0.3412698412698413,0.2619047619047619,0.4365079365079365,0.0,0.0,0.0,0.0,0.0,0.0,0.373015873015873,0.4206349206349206,0.4206349206349206,0.0,0.0,0.0,0.0,0.0,0.0,0.4365079365079365,0.0,0.0,0.0,0.0,0.0,0.0,0.0,0.0,0.4365079365079365,0.4523809523809524,0.4523809523809524,0.4523809523809524,0.2619047619047619,0.3253968253968254,0.0,0.0,0.373015873015873,0.4523809523809524,0.0,0.0,0.0,0.4523809523809524,0.4206349206349206,0.0,0.0,0.0,0.0,0.0,0.0,0.0,0.0,0.0,0.0,0.0,0.0714285714285714,0.2936507936507936,0.4523809523809524,0.4047619047619047,0.0,0.0
144,0.6500653942447293,0.2046441316059635,0.9227970564587908,0.5685756960923418,7.2010235012604,8.610104642336468,1.0,1.0,0.24,2.647886023882975,4.0,0.0026,-2.5734646840829005,0.0,0.0,0.1349206349206349,0.6111111111111112,0.0,0.0,0.0,0.0714285714285714,0.3571428571428571,0.0,0.0,0.0,0.0,0.2619047619047619,0.4047619047619047,0.0,0.0,0.0,0.0,0.5634920634920635,0.6428571428571429,0.3571428571428571,0.6904761904761905,0.0,0.0,0.0,0.0,0.0,0.3888888888888889,0.626984126984127,0.6904761904761905,0.6904761904761905,0.0,0.0,0.0,0.0,0.0,0.2301587301587301,0.6904761904761905,0.1031746031746031,0.0,0.0,0.0,0.0,0.0,0.0,0.0,0.7063492063492064,0.5793650793650794,0.5952380952380952,0.7222222222222222,0.4365079365079365,0.4047619047619047,0.0,0.0,0.5952380952380952,0.7222222222222222,0.0,0.0,0.3253968253968254,0.7222222222222222,0.4523809523809524,0.0,0.0,0.0,0.0,0.0,0.0,0.0,0.0,0.0,0.0,0.119047619047619,0.373015873015873,0.5793650793650794,0.7222222222222222,0.4365079365079365,0.0,0.0
145,1.5295861782678983,0.1201207608972172,0.909775702066099,0.597600791174373,8.261727363145457,7.779847803762798,1.0,1.0,0.24,8.8771708526704,4.0,0.0026,0.8137214232474476,0.0,0.0,0.0,0.2142857142857142,0.0,0.0,0.0,0.0,0.0,0.0,0.0,0.0,0.0,0.0,0.0,0.0,0.0,0.0,0.0,0.0714285714285714,0.1349206349206349,0.0,0.2301587301587301,0.0,0.0,0.0,0.0,0.0,0.0,0.1031746031746031,0.1825396825396825,0.1666666666666666,0.0,0.0,0.0,0.0,0.0,0.0,0.246031746031746,0.0,0.0,0.0,0.0,0.0,0.0,0.0,0.0,0.1031746031746031,0.2619047619047619,0.2619047619047619,0.2619047619047619,0.0396825396825396,0.1984126984126984,0.0,0.0,0.1984126984126984,0.2777777777777778,0.0,0.0,0.0,0.2619047619047619,0.2936507936507936,0.0,0.0,0.0,0.0,0.0,0.0,0.0,0.0,0.0,0.0,0.0,0.0,0.0,0.2301587301587301,0.2936507936507936,0.0,0.0
146,0.7926610566941235,0.1867789501333939,0.9098505044335576,0.6217701484722624,15.054875957575373,9.96884087557848,1.0,1.0,0.24,2.871756582711261,4.0,0.0026,-1.106557934703828,0.0,0.0,0.0,0.4523809523809524,0.0,0.0,0.0,0.0,0.2301587301587301,0.0,0.0,0.0,0.0,0.0396825396825396,0.2619047619047619,0.0,0.0,0.0,0.0,0.3412698412698413,0.3888888888888889,0.2777777777777778,0.4682539682539682,0.0,0.0,0.0,0.0,0.0,0.0873015873015873,0.4047619047619047,0.4523809523809524,0.4682539682539682,0.0,0.0,0.0,0.0,0.0,0.0,0.4682539682539682,0.0,0.0,0.0,0.0,0.0,0.0,0.0,0.0,0.4682539682539682,0.4841269841269841,0.4841269841269841,0.5,0.2619047619047619,0.3412698412698413,0.0,0.0,0.4047619047619047,0.5,0.0,0.0,0.119047619047619,0.5,0.4365079365079365,0.0,0.0,0.0,0.0,0.0,0.0,0.0,0.0,0.0,0.0,0.0,0.1349206349206349,0.373015873015873,0.5158730158730159,0.4206349206349206,0.0,0.0
147,1.375355926968057,0.2078773131823,0.917352774394068,0.5893492654815216,21.414701493722184,2.7340472824167863,1.0,1.0,0.24,12.207319811047968,4.0,0.0026,1.1386909153717049,0.0,0.0,0.0,0.1825396825396825,0.0,0.0,0.0,0.0,0.0,0.0,0.0,0.0,0.0,0.0,0.0,0.0,0.0,0.0,0.0,0.0079365079365079,0.0873015873015873,0.0,0.1984126984126984,0.0,0.0,0.0,0.0,0.0,0.0,0.0238095238095238,0.1349206349206349,0.0873015873015873,0.0,0.0,0.0,0.0,0.0,0.0,0.1984126984126984,0.0,0.0,0.0,0.0,0.0,0.0,0.0,0.0,0.0,0.2142857142857142,0.2142857142857142,0.2301587301587301,0.0,0.1507936507936507,0.0,0.0,0.1507936507936507,0.2301587301587301,0.0,0.0,0.0,0.2142857142857142,0.246031746031746,0.0,0.0,0.0,0.0,0.0,0.0,0.0,0.0,0.0,0.0,0.0,0.0,0.0,0.1507936507936507,0.246031746031746,0.0,0.0
148,1.681795275114002,0.2285173914757258,0.9186481454499268,0.60517954412885,4.387318737178401,8.978609579949055,1.0,1.0,0.24,10.829364789408611,4.0,0.0026,0.8739631802781183,0.0,0.0,0.0,0.2301587301587301,0.0,0.0,0.0,0.0,0.0,0.0,0.0,0.0,0.0,0.0,0.0,0.0,0.0,0.0,0.0,0.0396825396825396,0.1349206349206349,0.0,0.2301587301587301,0.0,0.0,0.0,0.0,0.0,0.0,0.1031746031746031,0.1825396825396825,0.1666666666666666,0.0,0.0,0.0,0.0,0.0,0.0,0.246031746031746,0.0,0.0,0.0,0.0,0.0,0.0,0.0,0.0,0.0317460317460317,0.2619047619047619,0.2619047619047619,0.2619047619047619,0.0158730158730158,0.1825396825396825,0.0,0.0,0.2142857142857142,0.2777777777777778,0.0,0.0,0.0,0.246031746031746,0.2936507936507936,0.0,0.0,0.0,0.0,0.0,0.0,0.0,0.0,0.0,0.0,0.0,0.0,0.0,0.2301587301587301,0.2936507936507936,0.0,0.0
149,0.5786449012837205,0.1243402551062806,0.9273395236811616,0.6221568250629909,7.517908102620666,5.545973016626127,1.0,1.0,0.24,1.928513809112088,4.0,0.0026,-2.6879927305496936,0.0,0.0,0.1507936507936507,0.6111111111111112,0.0,0.0,0.0,0.0873015873015873,0.373015873015873,0.0,0.0,0.0,0.0,0.2619047619047619,0.4206349206349206,0.0,0.0,0.0,0.0,0.5476190476190477,0.626984126984127,0.2936507936507936,0.6746031746031746,0.0,0.0,0.0,0.0,0.0,0.3888888888888889,0.626984126984127,0.6746031746031746,0.6746031746031746,0.0,0.0,0.0,0.0,0.0,0.2301587301587301,0.6904761904761905,0.0634920634920634,0.0,0.0,0.0,0.0,0.0,0.0,0.0,0.6904761904761905,0.5634920634920635,0.5793650793650794,0.7063492063492064,0.2777777777777778,0.3888888888888889,0.0,0.0,0.5793650793650794,0.7063492063492064,0.0,0.0,0.3412698412698413,0.7222222222222222,0.4682539682539682,0.0,0.0,0.0,0.0,0.0,0.0,0.0,0.0,0.0,0.0,0.119047619047619,0.373015873015873,0.5793650793650794,0.7222222222222222,0.4365079365079365,0.0,0.0
150,0.6206209842642345,0.1375100621516155,0.8948799603595865,0.5274752351688375,8.517974583560592,13.72166787826602,1.0,1.0,0.24,11.556209227477344,4.0,0.0026,-3.689699070007884,0.0,0.0,0.2301587301587301,0.7063492063492064,0.0,0.0,0.0,0.1666666666666666,0.4206349206349206,0.0,0.0,0.0,0.0,0.373015873015873,0.4841269841269841,0.0,0.0,0.0,0.0,0.6428571428571429,0.7222222222222222,0.5,0.753968253968254,0.0,0.0,0.0,0.0,0.0,0.4523809523809524,0.7222222222222222,0.753968253968254,0.753968253968254,0.0,0.0,0.0,0.0,0.0,0.2777777777777778,0.753968253968254,0.1428571428571428,0.0,0.0,0.0,0.0,0.0,0.0,0.0,0.753968253968254,0.6746031746031746,0.7063492063492064,0.8015873015873016,0.8015873015873016,0.4365079365079365,0.0,0.0,0.6746031746031746,0.8015873015873016,0.0,0.0,0.4365079365079365,0.8015873015873016,0.4682539682539682,0.0,0.0,0.0,0.0,0.0,0.0,0.0,0.0,0.0,0.0,0.1984126984126984,0.4365079365079365,0.6746031746031746,0.8015873015873016,0.4365079365079365,0.0,0.0
151,1.603432941974694,0.1305231359791249,0.9066215392146028,0.6083429394653959,1.1745851870016175,8.154656817077473,1.0,1.0,0.24,10.251498167399369,4.0,0.0026,-0.4524132565028406,0.0,0.0,0.0,0.3571428571428571,0.0,0.0,0.0,0.0,0.0,0.0,0.0,0.0,0.0,0.0,0.119047619047619,0.0,0.0,0.0,0.0,0.2301587301587301,0.2619047619047619,0.0079365079365079,0.3571428571428571,0.0,0.0,0.0,0.0,0.0,0.0,0.2619047619047619,0.373015873015873,0.2619047619047619,0.0,0.0,0.0,0.0,0.0,0.0,0.4047619047619047,0.0,0.0,0.0,0.0,0.0,0.0,0.0,0.0,0.246031746031746,0.4206349206349206,0.4206349206349206,0.4206349206349206,0.0555555555555555,0.2142857142857142,0.0,0.0,0.3888888888888889,0.4047619047619047,0.0,0.0,0.0,0.4365079365079365,0.3888888888888889,0.0,0.0,0.0,0.0,0.0,0.0,0.0,0.0,0.0,0.0,0.0,0.0,0.2301587301587301,0.373015873015873,0.373015873015873,0.0,0.0
152,1.3088206031136778,0.1554907661700247,0.8925764852651363,0.5589226010659657,9.291789302421916,2.902876880814679,1.0,1.0,0.24,8.595509862313394,4.0,0.0026,-0.0630076849499377,0.0,0.0,0.0,0.2936507936507936,0.0,0.0,0.0,0.0,0.0,0.0,0.0,0.0,0.0,0.0,0.119047619047619,0.0,0.0,0.0,0.0,0.2142857142857142,0.2619047619047619,0.0,0.2936507936507936,0.0,0.0,0.0,0.0,0.0,0.0,0.2301587301587301,0.3412698412698413,0.1666666666666666,0.0,0.0,0.0,0.0,0.0,0.0,0.3412698412698413,0.0,0.0,0.0,0.0,0.0,0.0,0.0,0.0,0.2301587301587301,0.3571428571428571,0.373015873015873,0.373015873015873,0.0,0.1825396825396825,0.0,0.0,0.2777777777777778,0.3412698412698413,0.0,0.0,0.0,0.373015873015873,0.3888888888888889,0.0,0.0,0.0,0.0,0.0,0.0,0.0,0.0,0.0,0.0,0.0,0.0,0.1984126984126984,0.373015873015873,0.373015873015873,0.0,0.0
153,0.9144196573499676,0.2099836719398746,0.90714422753497,0.6804918931324655,23.87697244870524,6.796845065773833,1.0,1.0,0.24,14.8385022509569,4.0,0.0026,-0.2273933622487788,0.0,0.0,0.0,0.3253968253968254,0.0,0.0,0.0,0.0,0.0,0.0,0.0,0.0,0.0,0.0,0.1349206349206349,0.0,0.0,0.0,0.0,0.2142857142857142,0.2619047619047619,0.1349206349206349,0.3253968253968254,0.0,0.0,0.0,0.0,0.0,0.0,0.2619047619047619,0.3412698412698413,0.2936507936507936,0.0,0.0,0.0,0.0,0.0,0.0,0.3412698412698413,0.0,0.0,0.0,0.0,0.0,0.0,0.0,0.0,0.246031746031746,0.3571428571428571,0.3571428571428571,0.373015873015873,0.1825396825396825,0.2936507936507936,0.0,0.0,0.2936507936507936,0.373015873015873,0.0,0.0,0.0,0.3888888888888889,0.3888888888888889,0.0,0.0,0.0,0.0,0.0,0.0,0.0,0.0,0.0,0.0,0.0,0.0,0.2142857142857142,0.3888888888888889,0.3888888888888889,0.0,0.0
154,1.3916614327069543,0.2129457643915035,0.929105879722649,0.6618950921012566,16.907556001832152,7.909908885516087,1.0,1.0,0.24,11.41533400674903,4.0,0.0026,1.3520577295086742,0.0,0.0,0.0,0.1507936507936507,0.0,0.0,0.0,0.0,0.0,0.0,0.0,0.0,0.0,0.0,0.0,0.0,0.0,0.0,0.0,0.0,0.0714285714285714,0.0079365079365079,0.1349206349206349,0.0,0.0,0.0,0.0,0.0,0.0,0.0079365079365079,0.119047619047619,0.1349206349206349,0.0,0.0,0.0,0.0,0.0,0.0,0.1666666666666666,0.0,0.0,0.0,0.0,0.0,0.0,0.0,0.0,0.0,0.1825396825396825,0.1825396825396825,0.1984126984126984,0.0714285714285714,0.1984126984126984,0.0,0.0,0.1349206349206349,0.1984126984126984,0.0,0.0,0.0,0.1825396825396825,0.2142857142857142,0.0,0.0,0.0,0.0,0.0,0.0,0.0,0.0,0.0,0.0,0.0,0.0,0.0,0.119047619047619,0.2142857142857142,0.0,0.0
155,0.8056229754964522,0.1208899022850408,0.8879894605547769,0.6069233688958184,9.354710347588986,7.853067002031894,1.0,1.0,0.24,6.125222097535587,4.0,0.0026,-1.949377433431687,0.0,0.0,0.0,0.5,0.0,0.0,0.0,0.0,0.3095238095238095,0.0,0.0,0.0,0.0,0.1349206349206349,0.3412698412698413,0.0,0.0,0.0,0.0,0.4206349206349206,0.4841269841269841,0.2619047619047619,0.5158730158730159,0.0,0.0,0.0,0.0,0.0,0.2142857142857142,0.5,0.5476190476190477,0.5317460317460317,0.0,0.0,0.0,0.0,0.0,0.0714285714285714,0.5476190476190477,0.0,0.0,0.0,0.0,0.0,0.0,0.0,0.0,0.5634920634920635,0.5158730158730159,0.5317460317460317,0.5793650793650794,0.2619047619047619,0.3412698412698413,0.0,0.0,0.4841269841269841,0.5952380952380952,0.0,0.0,0.2301587301587301,0.5952380952380952,0.4365079365079365,0.0,0.0,0.0,0.0,0.0,0.0,0.0,0.0,0.0,0.0,0.0,0.2301587301587301,0.4523809523809524,0.6111111111111112,0.4206349206349206,0.0,0.0
156,0.8804043220589072,0.1763442492132065,0.9297561938468836,0.6519359533533384,15.945635270778777,2.809348122172657,1.0,1.0,0.24,15.538857435737333,4.0,0.0026,-0.4509058382333276,0.0,0.0,0.0,0.3412698412698413,0.0,0.0,0.0,0.0,0.0714285714285714,0.0,0.0,0.0,0.0,0.0,0.1666666666666666,0.0,0.0,0.0,0.0,0.246031746031746,0.2936507936507936,0.0555555555555555,0.3412698412698413,0.0,0.0,0.0,0.0,0.0,0.0,0.2777777777777778,0.3571428571428571,0.2301587301587301,0.0,0.0,0.0,0.0,0.0,0.0,0.373015873015873,0.0,0.0,0.0,0.0,0.0,0.0,0.0,0.0,0.3571428571428571,0.3888888888888889,0.3888888888888889,0.3888888888888889,0.119047619047619,0.246031746031746,0.0,0.0,0.2936507936507936,0.3888888888888889,0.0,0.0,0.0,0.4047619047619047,0.4206349206349206,0.0,0.0,0.0,0.0,0.0,0.0,0.0,0.0,0.0,0.0,0.0,0.0,0.2301587301587301,0.4047619047619047,0.4047619047619047,0.0,0.0
157,0.8555962362391403,0.1615039388457678,0.9109314219462592,0.6588244535288076,13.30127358418394,1.7590313188640416,1.0,1.0,0.24,7.715138484609143,4.0,0.0026,-0.7432198209279631,0.0,0.0,0.0,0.3888888888888889,0.0,0.0,0.0,0.0,0.1349206349206349,0.0,0.0,0.0,0.0,0.0079365079365079,0.2142857142857142,0.0,0.0,0.0,0.0,0.2936507936507936,0.3412698412698413,0.0396825396825396,0.3253968253968254,0.0,0.0,0.0,0.0,0.0,0.0,0.373015873015873,0.373015873015873,0.2301587301587301,0.0,0.0,0.0,0.0,0.0,0.0,0.4206349206349206,0.0,0.0,0.0,0.0,0.0,0.0,0.0,0.0,0.4206349206349206,0.4206349206349206,0.4365079365079365,0.4365079365079365,0.0317460317460317,0.246031746031746,0.0,0.0,0.3412698412698413,0.373015873015873,0.0,0.0,0.0,0.4523809523809524,0.4206349206349206,0.0,0.0,0.0,0.0,0.0,0.0,0.0,0.0,0.0,0.0,0.0,0.0555555555555555,0.2777777777777778,0.4523809523809524,0.4047619047619047,0.0,0.0
158,1.287531454286184,0.1948766315633842,0.8874881961559183,0.5941231868808561,16.670891615042713,12.560077911035368,1.0,1.0,0.24,4.699698758991136,4.0,0.0026,0.4333306444112464,0.0,0.0,0.0,0.2777777777777778,0.0,0.0,0.0,0.0,0.0,0.0,0.0,0.0,0.0,0.0,0.0,0.0,0.0,0.0,0.0,0.1349206349206349,0.1984126984126984,0.119047619047619,0.2777777777777778,0.0,0.0,0.0,0.0,0.0,0.0,0.1507936507936507,0.246031746031746,0.2619047619047619,0.0,0.0,0.0,0.0,0.0,0.0,0.2777777777777778,0.0,0.0,0.0,0.0,0.0,0.0,0.0,0.0,0.1349206349206349,0.2936507936507936,0.2936507936507936,0.2936507936507936,0.1666666666666666,0.2619047619047619,0.0,0.0,0.2301587301587301,0.2936507936507936,0.0,0.0,0.0,0.3253968253968254,0.3412698412698413,0.0,0.0,0.0,0.0,0.0,0.0,0.0,0.0,0.0,0.0,0.0,0.0,0.0873015873015873,0.2936507936507936,0.3412698412698413,0.0,0.0
159,0.877705322511493,0.1355314188751328,0.8991732831090405,0.5395207894764904,21.241363547660185,11.795160606358577,1.0,1.0,0.24,17.49345802791935,4.0,0.0026,-1.1738313281318749,0.0,0.0,0.0,0.4206349206349206,0.0,0.0,0.0,0.0,0.1825396825396825,0.0,0.0,0.0,0.0,0.0079365079365079,0.2301587301587301,0.0,0.0,0.0,0.0,0.3095238095238095,0.373015873015873,0.2777777777777778,0.4365079365079365,0.0,0.0,0.0,0.0,0.0,0.0,0.3888888888888889,0.4206349206349206,0.4365079365079365,0.0,0.0,0.0,0.0,0.0,0.0,0.4365079365079365,0.0,0.0,0.0,0.0,0.0,0.0,0.0,0.0,0.4523809523809524,0.4523809523809524,0.4523809523809524,0.4682539682539682,0.2619047619047619,0.3412698412698413,0.0,0.0,0.3888888888888889,0.4682539682539682,0.0,0.0,0.0079365079365079,0.4682539682539682,0.4206349206349206,0.0,0.0,0.0,0.0,0.0,0.0,0.0,0.0,0.0,0.0,0.0,0.0873015873015873,0.3412698412698413,0.4841269841269841,0.4047619047619047,0.0,0.0
160,0.7621195187796642,0.1768035077772263,0.9026239093510672,0.5577557616247939,8.608716302575331,13.945871720091876,1.0,1.0,0.24,11.359522732451762,4.0,0.0026,-2.5208274099559578,0.0,0.0,0.0,0.5793650793650794,0.0,0.0,0.0,0.0,0.3571428571428571,0.0,0.0,0.0,0.0,0.2301587301587301,0.373015873015873,0.0,0.0,0.0,0.0,0.4841269841269841,0.5634920634920635,0.3888888888888889,0.626984126984127,0.0,0.0,0.0,0.0,0.0,0.2777777777777778,0.5793650793650794,0.626984126984127,0.626984126984127,0.0,0.0,0.0,0.0,0.0,0.1349206349206349,0.626984126984127,0.0,0.0,0.0,0.0,0.0,0.0,0.0,0.0,0.6428571428571429,0.5793650793650794,0.6111111111111112,0.6428571428571429,0.5634920634920635,0.3888888888888889,0.0,0.0,0.5317460317460317,0.6587301587301587,0.0,0.0,0.2777777777777778,0.6587301587301587,0.4365079365079365,0.0,0.0,0.0,0.0,0.0,0.0,0.0,0.0,0.0,0.0,0.0,0.2777777777777778,0.5158730158730159,0.6428571428571429,0.4206349206349206,0.0,0.0
161,1.4173091145940313,0.2018483991416596,0.9163083997129272,0.6509599622756415,9.627238503079038,4.173266375998626,1.0,1.0,0.24,8.745761330607559,4.0,0.0026,0.948509143684966,0.0,0.0,0.0,0.2142857142857142,0.0,0.0,0.0,0.0,0.0,0.0,0.0,0.0,0.0,0.0,0.0,0.0,0.0,0.0,0.0,0.0317460317460317,0.1031746031746031,0.0,0.2142857142857142,0.0,0.0,0.0,0.0,0.0,0.0,0.0873015873015873,0.1507936507936507,0.1349206349206349,0.0,0.0,0.0,0.0,0.0,0.0,0.2301587301587301,0.0,0.0,0.0,0.0,0.0,0.0,0.0,0.0,0.0396825396825396,0.246031746031746,0.246031746031746,0.246031746031746,0.0,0.1666666666666666,0.0,0.0,0.1666666666666666,0.2619047619047619,0.0,0.0,0.0,0.246031746031746,0.2777777777777778,0.0,0.0,0.0,0.0,0.0,0.0,0.0,0.0,0.0,0.0,0.0,0.0,0.0,0.1984126984126984,0.2777777777777778,0.0,0.0
162,1.7172736547919434,0.2061260399205779,0.9104490514294872,0.619143090888231,5.594502460980854,1.3155087450160128,1.0,1.0,0.24,12.390992691007442,4.0,0.0026,1.2131085559500048,0.0,0.0,0.0,0.1825396825396825,0.0,0.0,0.0,0.0,0.0,0.0,0.0,0.0,0.0,0.0,0.0,0.0,0.0,0.0,0.0,0.0,0.0714285714285714,0.0,0.1984126984126984,0.0,0.0,0.0,0.0,0.0,0.0,0.0079365079365079,0.1349206349206349,0.0396825396825396,0.0,0.0,0.0,0.0,0.0,0.0,0.2142857142857142,0.0,0.0,0.0,0.0,0.0,0.0,0.0,0.0,0.0,0.2142857142857142,0.2142857142857142,0.2301587301587301,0.0,0.1031746031746031,0.0,0.0,0.1666666666666666,0.2301587301587301,0.0,0.0,0.0,0.2142857142857142,0.2619047619047619,0.0,0.0,0.0,0.0,0.0,0.0,0.0,0.0,0.0,0.0,0.0,0.0,0.0,0.1349206349206349,0.246031746031746,0.0,0.0
163,1.0834704144315093,0.177500763809295,0.9234378864655424,0.5497616892120901,6.597673412197876,4.907117413954838,1.0,1.0,0.24,14.894617441673727,4.0,0.0026,-1.0702717110017752,0.0,0.0,0.0,0.4047619047619047,0.0,0.0,0.0,0.0,0.1666666666666666,0.0,0.0,0.0,0.0,0.0,0.2301587301587301,0.0,0.0,0.0,0.0,0.3253968253968254,0.373015873015873,0.0555555555555555,0.373015873015873,0.0,0.0,0.0,0.0,0.0,0.0,0.373015873015873,0.4365079365079365,0.2777777777777778,0.0,0.0,0.0,0.0,0.0,0.0,0.4523809523809524,0.0,0.0,0.0,0.0,0.0,0.0,0.0,0.0,0.4523809523809524,0.4206349206349206,0.4365079365079365,0.4841269841269841,0.1349206349206349,0.246031746031746,0.0,0.0,0.4047619047619047,0.4047619047619047,0.0,0.0,0.0,0.5,0.4047619047619047,0.0,0.0,0.0,0.0,0.0,0.0,0.0,0.0,0.0,0.0,0.0,0.0714285714285714,0.3571428571428571,0.5,0.3888888888888889,0.0,0.0
164,1.0928016601751065,0.2029671002183701,0.8885126768488133,0.6749799731823536,7.246726678788162,3.6402151494723833,1.0,1.0,0.24,5.761787448025344,4.0,0.0026,-0.3434936329659771,0.0,0.0,0.0,0.3571428571428571,0.0,0.0,0.0,0.0,0.0,0.0,0.0,0.0,0.0,0.0,0.1507936507936507,0.0,0.0,0.0,0.0,0.246031746031746,0.2936507936507936,0.0396825396825396,0.3412698412698413,0.0,0.0,0.0,0.0,0.0,0.0,0.2777777777777778,0.373015873015873,0.2301587301587301,0.0,0.0,0.0,0.0,0.0,0.0,0.373015873015873,0.0,0.0,0.0,0.0,0.0,0.0,0.0,0.0,0.2619047619047619,0.4047619047619047,0.4047619047619047,0.4047619047619047,0.0873015873015873,0.2301587301587301,0.0,0.0,0.3253968253968254,0.3888888888888889,0.0,0.0,0.0,0.4206349206349206,0.4047619047619047,0.0,0.0,0.0,0.0,0.0,0.0,0.0,0.0,0.0,0.0,0.0,0.0,0.246031746031746,0.4047619047619047,0.3888888888888889,0.0,0.0
165,1.6857475843603396,0.179348559736732,0.9122205281525694,0.5871535844190019,3.6870139230317887,4.917247257518124,1.0,1.0,0.24,4.629606096452749,4.0,0.0026,0.6150739009724173,0.0,0.0,0.0,0.2619047619047619,0.0,0.0,0.0,0.0,0.0,0.0,0.0,0.0,0.0,0.0,0.0,0.0,0.0,0.0,0.0,0.0714285714285714,0.1666666666666666,0.0,0.2619047619047619,0.0,0.0,0.0,0.0,0.0,0.0,0.1349206349206349,0.2301587301587301,0.1507936507936507,0.0,0.0,0.0,0.0,0.0,0.0,0.2619047619047619,0.0,0.0,0.0,0.0,0.0,0.0,0.0,0.0,0.0873015873015873,0.2777777777777778,0.2777777777777778,0.2936507936507936,0.0,0.1507936507936507,0.0,0.0,0.246031746031746,0.2936507936507936,0.0,0.0,0.0,0.2777777777777778,0.3412698412698413,0.0,0.0,0.0,0.0,0.0,0.0,0.0,0.0,0.0,0.0,0.0,0.0,0.0,0.246031746031746,0.3412698412698413,0.0,0.0
166,0.6387796166482642,0.229165820129514,0.8985313661968779,0.5420825571534493,1.129110406108983,2.938733758162771,1.0,1.0,0.24,7.770134142483495,4.0,0.0026,-4.543855668560694,0.0,0.2301587301587301,0.5158730158730159,0.753968253968254,0.0,0.0,0.0,0.3571428571428571,0.8253968253968254,0.0,0.0,0.0,0.0,0.7222222222222222,0.873015873015873,0.0,0.0,0.0,0.0,1.0,1.0,0.2777777777777778,0.5634920634920635,0.0,0.0,0.0,0.0,0.1984126984126984,0.8253968253968254,1.0,0.6746031746031746,0.992063492063492,0.0,0.0,0.0,0.0,0.0,0.6904761904761905,1.0,0.0,0.0,0.0,0.0,0.0,0.0,0.1349206349206349,0.3095238095238095,1.0,0.6428571428571429,0.7380952380952381,1.0,0.246031746031746,0.3412698412698413,0.0,0.0,1.0,0.6428571428571429,0.0,0.2619047619047619,0.8333333333333334,1.0,0.4682539682539682,0.0,0.0,0.0,0.0,0.0,0.0,0.0,0.0,0.0,0.246031746031746,0.4523809523809524,0.753968253968254,0.992063492063492,1.0,0.4365079365079365,0.0,0.0
167,1.151059955524084,0.2309277835057706,0.9241025625726792,0.6721795699135946,2.883807462938905,9.71651595434455,1.0,1.0,0.24,18.965998152760143,4.0,0.0026,-0.6857682765087214,0.0,0.0,0.0,0.3888888888888889,0.0,0.0,0.0,0.0,0.0,0.0,0.0,0.0,0.0,0.0,0.1825396825396825,0.0,0.0,0.0,0.0,0.2619047619047619,0.2936507936507936,0.119047619047619,0.4047619047619047,0.0,0.0,0.0,0.0,0.0,0.0,0.3253968253968254,0.4047619047619047,0.3492063492063492,0.0,0.0,0.0,0.0,0.0,0.0,0.4047619047619047,0.0,0.0,0.0,0.0,0.0,0.0,0.0,0.0,0.2777777777777778,0.4206349206349206,0.4206349206349206,0.4206349206349206,0.1666666666666666,0.2777777777777778,0.0,0.0,0.3888888888888889,0.4365079365079365,0.0,0.0,0.0,0.4523809523809524,0.4047619047619047,0.0,0.0,0.0,0.0,0.0,0.0,0.0,0.0,0.0,0.0,0.0,0.0,0.2619047619047619,0.4206349206349206,0.3888888888888889,0.0,0.0
168,1.7234547336858934,0.2253757721557026,0.9145943560898748,0.5814597148132021,22.15441702805484,5.124307932720498,1.0,1.0,0.24,7.499932753982717,4.0,0.0026,2.061102859119944,0.0,0.0,0.0,0.119047619047619,0.0,0.0,0.0,0.0,0.0,0.0,0.0,0.0,0.0,0.0,0.0,0.0,0.0,0.0,0.0,0.0,0.0,0.0,0.0714285714285714,0.0,0.0,0.0,0.0,0.0,0.0,0.0,0.0,0.0,0.0,0.0,0.0,0.0,0.0,0.0,0.0714285714285714,0.0,0.0,0.0,0.0,0.0,0.0,0.0,0.0,0.0,0.1031746031746031,0.1031746031746031,0.119047619047619,0.0,0.119047619047619,0.0,0.0,0.0555555555555555,0.119047619047619,0.0,0.0,0.0,0.0,0.1349206349206349,0.0,0.0,0.0,0.0,0.0,0.0,0.0,0.0,0.0,0.0,0.0,0.0,0.0,0.0,0.119047619047619,0.0,0.0
169,0.7741672298665099,0.1777060354223206,0.9086506603463476,0.5689172200077257,22.31184389962093,1.835998992595748,1.0,1.0,0.24,16.558304598343398,4.0,0.0026,-1.171357018154115,0.0,0.0,0.0,0.4206349206349206,0.0,0.0,0.0,0.0,0.2301587301587301,0.0,0.0,0.0,0.0,0.0079365079365079,0.2301587301587301,0.0,0.0,0.0,0.0,0.3571428571428571,0.3888888888888889,0.0714285714285714,0.3571428571428571,0.0,0.0,0.0,0.0,0.0,0.0555555555555555,0.3888888888888889,0.3888888888888889,0.2619047619047619,0.0,0.0,0.0,0.0,0.0,0.0,0.4523809523809524,0.0,0.0,0.0,0.0,0.0,0.0,0.0,0.0,0.4523809523809524,0.4365079365079365,0.4523809523809524,0.4841269841269841,0.0952380952380952,0.2619047619047619,0.0,0.0,0.373015873015873,0.4047619047619047,0.0,0.0,0.0714285714285714,0.5,0.4365079365079365,0.0,0.0,0.0,0.0,0.0,0.0,0.0,0.0,0.0,0.0,0.0,0.119047619047619,0.3412698412698413,0.5,0.4206349206349206,0.0,0.0
170,0.943482676283102,0.1759505872978811,0.9270019001692904,0.5987395989136851,8.771827697830673,10.246401948952808,1.0,1.0,0.24,8.532336865782518,4.0,0.0026,-1.0048157308960568,0.0,0.0,0.0,0.4206349206349206,0.0,0.0,0.0,0.0,0.1984126984126984,0.0,0.0,0.0,0.0,0.0,0.2301587301587301,0.0,0.0,0.0,0.0,0.3253968253968254,0.373015873015873,0.246031746031746,0.4365079365079365,0.0,0.0,0.0,0.0,0.0,0.0,0.3888888888888889,0.4365079365079365,0.4365079365079365,0.0,0.0,0.0,0.0,0.0,0.0,0.4365079365079365,0.0,0.0,0.0,0.0,0.0,0.0,0.0,0.0,0.4523809523809524,0.4523809523809524,0.4523809523809524,0.4682539682539682,0.2301587301587301,0.2936507936507936,0.0,0.0,0.3888888888888889,0.4682539682539682,0.0,0.0,0.0,0.4841269841269841,0.4206349206349206,0.0,0.0,0.0,0.0,0.0,0.0,0.0,0.0,0.0,0.0,0.0,0.0873015873015873,0.3412698412698413,0.5,0.4047619047619047,0.0,0.0
171,1.313661682581266,0.1878758848639536,0.9057613125269736,0.6779650780198345,9.98188581484348,4.95487938964408,1.0,1.0,0.24,2.8500675837707004,4.0,0.0026,0.730852301317582,0.0,0.0,0.0,0.2301587301587301,0.0,0.0,0.0,0.0,0.0,0.0,0.0,0.0,0.0,0.0,0.0,0.0,0.0,0.0,0.0,0.0873015873015873,0.1349206349206349,0.0,0.246031746031746,0.0,0.0,0.0,0.0,0.0,0.0,0.1349206349206349,0.1984126984126984,0.1666666666666666,0.0,0.0,0.0,0.0,0.0,0.0,0.246031746031746,0.0,0.0,0.0,0.0,0.0,0.0,0.0,0.0,0.1031746031746031,0.2619047619047619,0.2619047619047619,0.2777777777777778,0.0317460317460317,0.1984126984126984,0.0,0.0,0.2142857142857142,0.2777777777777778,0.0,0.0,0.0,0.2619047619047619,0.2936507936507936,0.0,0.0,0.0,0.0,0.0,0.0,0.0,0.0,0.0,0.0,0.0,0.0,0.0,0.2301587301587301,0.2936507936507936,0.0,0.0
172,1.7371143313469328,0.1456402730649292,0.9245174310520508,0.5260644355066291,12.462993138603466,13.31805157985212,1.0,1.0,0.24,1.0983576767236207,4.0,0.0026,1.589432186288213,0.0,0.0,0.0,0.1349206349206349,0.0,0.0,0.0,0.0,0.0,0.0,0.0,0.0,0.0,0.0,0.0,0.0,0.0,0.0,0.0,0.0,0.0555555555555555,0.0,0.1666666666666666,0.0,0.0,0.0,0.0,0.0,0.0,0.0,0.0873015873015873,0.119047619047619,0.0,0.0,0.0,0.0,0.0,0.0,0.1507936507936507,0.0,0.0,0.0,0.0,0.0,0.0,0.0,0.0,0.0,0.1825396825396825,0.1825396825396825,0.1984126984126984,0.0396825396825396,0.1825396825396825,0.0,0.0,0.119047619047619,0.1984126984126984,0.0,0.0,0.0,0.1666666666666666,0.2142857142857142,0.0,0.0,0.0,0.0,0.0,0.0,0.0,0.0,0.0,0.0,0.0,0.0,0.0,0.1031746031746031,0.2301587301587301,0.0,0.0
173,1.6440490733952304,0.2260161934512413,0.9052134300717676,0.5554306195709039,18.84766386275899,11.125104144158607,1.0,1.0,0.24,17.974104398936905,4.0,0.0026,1.5707403820160817,0.0,0.0,0.0,0.1349206349206349,0.0,0.0,0.0,0.0,0.0,0.0,0.0,0.0,0.0,0.0,0.0,0.0,0.0,0.0,0.0,0.0,0.0079365079365079,0.0,0.1349206349206349,0.0,0.0,0.0,0.0,0.0,0.0,0.0,0.0714285714285714,0.1031746031746031,0.0,0.0,0.0,0.0,0.0,0.0,0.1507936507936507,0.0,0.0,0.0,0.0,0.0,0.0,0.0,0.0,0.0,0.1666666666666666,0.1666666666666666,0.1825396825396825,0.0396825396825396,0.1825396825396825,0.0,0.0,0.119047619047619,0.1984126984126984,0.0,0.0,0.0,0.1349206349206349,0.2142857142857142,0.0,0.0,0.0,0.0,0.0,0.0,0.0,0.0,0.0,0.0,0.0,0.0,0.0,0.0396825396825396,0.2142857142857142,0.0,0.0
174,1.1792014728138327,0.1754150787616938,0.8870549907046674,0.5991176179170131,1.596792665106038,12.60272369032038,1.0,1.0,0.24,10.859783765754331,4.0,0.0026,-2.046650876536812,0.0,0.0,0.0,0.5158730158730159,0.0,0.0,0.0,0.0,0.2301587301587301,0.0,0.0,0.0,0.0,0.1349206349206349,0.2936507936507936,0.0,0.0,0.0,0.0,0.4365079365079365,0.5,0.2301587301587301,0.4682539682539682,0.0,0.0,0.0,0.0,0.0,0.1666666666666666,0.5158730158730159,0.5793650793650794,0.5793650793650794,0.0,0.0,0.0,0.0,0.0,0.0,0.5952380952380952,0.0,0.0,0.0,0.0,0.0,0.0,0.0,0.0,0.5158730158730159,0.4841269841269841,0.5317460317460317,0.626984126984127,0.2142857142857142,0.2936507936507936,0.0,0.0,0.5317460317460317,0.5634920634920635,0.0,0.0,0.1507936507936507,0.6428571428571429,0.4047619047619047,0.0,0.0,0.0,0.0,0.0,0.0,0.0,0.0,0.0,0.0,0.0,0.2301587301587301,0.4365079365079365,0.6111111111111112,0.3888888888888889,0.0,0.0
175,1.915149653197301,0.2156908296906224,0.9180226548752162,0.6436123139615656,9.24854722675588,9.870394184271907,1.0,1.0,0.24,15.41914203697481,4.0,0.0026,2.242420760053516,0.0,0.0,0.0,0.0873015873015873,0.0,0.0,0.0,0.0,0.0,0.0,0.0,0.0,0.0,0.0,0.0,0.0,0.0,0.0,0.0,0.0,0.0,0.0,0.0317460317460317,0.0,0.0,0.0,0.0,0.0,0.0,0.0,0.0,0.0,0.0,0.0,0.0,0.0,0.0,0.0,0.0714285714285714,0.0,0.0,0.0,0.0,0.0,0.0,0.0,0.0,0.0,0.0714285714285714,0.0873015873015873,0.1031746031746031,0.0,0.1031746031746031,0.0,0.0,0.0555555555555555,0.119047619047619,0.0,0.0,0.0,0.0,0.119047619047619,0.0,0.0,0.0,0.0,0.0,0.0,0.0,0.0,0.0,0.0,0.0,0.0,0.0,0.0,0.1031746031746031,0.0,0.0
176,0.6760996446966384,0.1861647593082525,0.9254178575606696,0.550923654017628,1.93155168051416,6.90480977344533,1.0,1.0,0.24,15.088857337403985,4.0,0.0026,-4.362337893393976,0.0,0.0,0.3412698412698413,0.8015873015873016,0.0,0.0,0.0,0.246031746031746,0.5793650793650794,0.0,0.0,0.0,0.0,0.4682539682539682,0.7063492063492064,0.0,0.0,0.0,0.0,0.8492063492063492,0.8650793650793651,0.2936507936507936,0.7222222222222222,0.0,0.0,0.0,0.0,0.0,0.626984126984127,0.8650793650793651,0.8174603174603174,0.9603174603174603,0.0,0.0,0.0,0.0,0.0,0.4523809523809524,0.9603174603174603,0.0555555555555555,0.0,0.0,0.0,0.0,0.0,0.0,0.1349206349206349,0.9603174603174603,0.5952380952380952,0.6587301587301587,0.9444444444444444,0.3174603174603174,0.373015873015873,0.0,0.0,0.873015873015873,0.753968253968254,0.0,0.0317460317460317,0.626984126984127,0.9761904761904762,0.4523809523809524,0.0,0.0,0.0,0.0,0.0,0.0,0.0,0.0,0.0,0.0,0.2936507936507936,0.5476190476190477,0.7857142857142857,0.9761904761904762,0.4365079365079365,0.0,0.0
177,1.0384122068681474,0.2306920471318604,0.8901673288011258,0.6401910187625628,17.85305593899803,7.113052327211779,1.0,1.0,0.24,7.856614366147402,4.0,0.0026,-0.1681650145148844,0.0,0.0,0.0,0.3412698412698413,0.0,0.0,0.0,0.0,0.0,0.0,0.0,0.0,0.0,0.0,0.119047619047619,0.0,0.0,0.0,0.0,0.2142857142857142,0.2619047619047619,0.119047619047619,0.3412698412698413,0.0,0.0,0.0,0.0,0.0,0.0,0.2619047619047619,0.3412698412698413,0.2777777777777778,0.0,0.0,0.0,0.0,0.0,0.0,0.3571428571428571,0.0,0.0,0.0,0.0,0.0,0.0,0.0,0.0,0.246031746031746,0.373015873015873,0.373015873015873,0.373015873015873,0.1666666666666666,0.2936507936507936,0.0,0.0,0.2936507936507936,0.373015873015873,0.0,0.0,0.0,0.3888888888888889,0.4047619047619047,0.0,0.0,0.0,0.0,0.0,0.0,0.0,0.0,0.0,0.0,0.0,0.0,0.2142857142857142,0.3888888888888889,0.3888888888888889,0.0,0.0
178,0.9183893333724296,0.1347998862005301,0.9238725829449892,0.6832892775420839,7.450747939561175,2.642951802734733,1.0,1.0,0.24,16.97553590557343,4.0,0.0026,-0.8066425443049043,0.0,0.0,0.0,0.373015873015873,0.0,0.0,0.0,0.0,0.119047619047619,0.0,0.0,0.0,0.0,0.0,0.1984126984126984,0.0,0.0,0.0,0.0,0.2777777777777778,0.3412698412698413,0.0555555555555555,0.3412698412698413,0.0,0.0,0.0,0.0,0.0,0.0,0.3571428571428571,0.3888888888888889,0.246031746031746,0.0,0.0,0.0,0.0,0.0,0.0,0.4047619047619047,0.0,0.0,0.0,0.0,0.0,0.0,0.0,0.0,0.4047619047619047,0.4206349206349206,0.4365079365079365,0.4365079365079365,0.0873015873015873,0.246031746031746,0.0,0.0,0.3412698412698413,0.3888888888888889,0.0,0.0,0.0,0.4523809523809524,0.4206349206349206,0.0,0.0,0.0,0.0,0.0,0.0,0.0,0.0,0.0,0.0,0.0,0.0079365079365079,0.2777777777777778,0.4365079365079365,0.4047619047619047,0.0,0.0
179,0.7053255529076035,0.2288350150774305,0.8997047740719417,0.5740701094586281,1.7655353934097304,2.991694860649802,1.0,1.0,0.24,5.281357378399822,4.0,0.0026,-3.581329367105682,0.0,0.0,0.2936507936507936,0.7063492063492064,0.0,0.0,0.0,0.2142857142857142,0.5793650793650794,0.0,0.0,0.0,0.0,0.4523809523809524,0.6746031746031746,0.0,0.0,0.0,0.0,0.8015873015873016,0.8650793650793651,0.2301587301587301,0.4682539682539682,0.0,0.0,0.0,0.0,0.0,0.6111111111111112,0.8333333333333334,0.5793650793650794,0.873015873015873,0.0,0.0,0.0,0.0,0.0,0.4206349206349206,0.9285714285714286,0.0,0.0,0.0,0.0,0.0,0.0,0.0,0.1349206349206349,0.9285714285714286,0.5634920634920635,0.6428571428571429,0.8650793650793651,0.2142857142857142,0.3253968253968254,0.0,0.0,0.8492063492063492,0.5476190476190477,0.0,0.0,0.5793650793650794,0.9603174603174603,0.4523809523809524,0.0,0.0,0.0,0.0,0.0,0.0,0.0,0.0,0.0,0.0,0.2777777777777778,0.5317460317460317,0.753968253968254,0.9603174603174603,0.4206349206349206,0.0,0.0
180,0.5565421182975838,0.150237565044747,0.9275526645580834,0.5254433157498023,12.107672165128635,1.2653084956420064,1.0,1.0,0.24,10.300737869084472,4.0,0.0026,-2.822618529324287,0.0,0.0,0.1507936507936507,0.6111111111111112,0.0,0.0,0.0,0.119047619047619,0.373015873015873,0.0,0.0,0.0,0.0,0.2619047619047619,0.4206349206349206,0.0,0.0,0.0,0.0,0.5793650793650794,0.6428571428571429,0.1507936507936507,0.4047619047619047,0.0,0.0,0.0,0.0,0.0,0.3888888888888889,0.626984126984127,0.4206349206349206,0.4206349206349206,0.0,0.0,0.0,0.0,0.0,0.246031746031746,0.7063492063492064,0.0,0.0,0.0,0.0,0.0,0.0,0.0,0.0,0.7063492063492064,0.5,0.5317460317460317,0.7222222222222222,0.1666666666666666,0.2936507936507936,0.0,0.0,0.5952380952380952,0.4365079365079365,0.0,0.0,0.3412698412698413,0.7222222222222222,0.4682539682539682,0.0,0.0,0.0,0.0,0.0,0.0,0.0,0.0,0.0,0.0,0.119047619047619,0.3571428571428571,0.5793650793650794,0.7222222222222222,0.4365079365079365,0.0,0.0
181,0.6927241495499774,0.2297948890227006,0.9259128220015668,0.5869912478784102,7.675209419229564,14.097368957755636,1.0,1.0,0.24,8.015200894037976,4.0,0.0026,-2.4208936204097933,0.0,0.0,0.0555555555555555,0.5793650793650794,0.0,0.0,0.0,0.0,0.3571428571428571,0.0,0.0,0.0,0.0,0.246031746031746,0.3888888888888889,0.0,0.0,0.0,0.0,0.5,0.5793650793650794,0.4206349206349206,0.6428571428571429,0.0,0.0,0.0,0.0,0.0,0.2936507936507936,0.6111111111111112,0.6428571428571429,0.6428571428571429,0.0,0.0,0.0,0.0,0.0,0.1666666666666666,0.6428571428571429,0.1111111111111111,0.0,0.0,0.0,0.0,0.0,0.0,0.0,0.6428571428571429,0.6111111111111112,0.6428571428571429,0.6587301587301587,0.6587301587301587,0.4047619047619047,0.0,0.0,0.5476190476190477,0.6746031746031746,0.0,0.0,0.2936507936507936,0.6746031746031746,0.4523809523809524,0.0,0.0,0.0,0.0,0.0,0.0,0.0,0.0,0.0,0.0,0.0,0.2936507936507936,0.5158730158730159,0.6587301587301587,0.4206349206349206,0.0,0.0
182,0.9028658475111192,0.1525759713027305,0.904920591688232,0.5452984377890717,15.264583758793217,2.599421613830655,1.0,1.0,0.24,2.785523373849,4.0,0.0026,-0.8923969992891576,0.0,0.0,0.0,0.4047619047619047,0.0,0.0,0.0,0.0,0.2142857142857142,0.0,0.0,0.0,0.0,0.0079365079365079,0.2301587301587301,0.0,0.0,0.0,0.0,0.3412698412698413,0.373015873015873,0.0555555555555555,0.3412698412698413,0.0,0.0,0.0,0.0,0.0,0.0,0.3888888888888889,0.4047619047619047,0.2619047619047619,0.0,0.0,0.0,0.0,0.0,0.0,0.4523809523809524,0.0,0.0,0.0,0.0,0.0,0.0,0.0,0.0,0.4523809523809524,0.4365079365079365,0.4523809523809524,0.4841269841269841,0.119047619047619,0.246031746031746,0.0,0.0,0.373015873015873,0.3888888888888889,0.0,0.0,0.0079365079365079,0.5,0.4206349206349206,0.0,0.0,0.0,0.0,0.0,0.0,0.0,0.0,0.0,0.0,0.0,0.0873015873015873,0.3253968253968254,0.5,0.4047619047619047,0.0,0.0
183,1.3939747584763926,0.1888922592947145,0.8988474117862122,0.6493299837353397,15.402393782622674,1.228009070983666,1.0,1.0,0.24,11.773964834503476,4.0,0.0026,1.0198327493357298,0.0,0.0,0.0,0.1984126984126984,0.0,0.0,0.0,0.0,0.0,0.0,0.0,0.0,0.0,0.0,0.0,0.0,0.0,0.0,0.0,0.0079365079365079,0.0873015873015873,0.0,0.1984126984126984,0.0,0.0,0.0,0.0,0.0,0.0,0.0714285714285714,0.1349206349206349,0.0714285714285714,0.0,0.0,0.0,0.0,0.0,0.0,0.2142857142857142,0.0,0.0,0.0,0.0,0.0,0.0,0.0,0.0,0.0,0.2301587301587301,0.2301587301587301,0.2301587301587301,0.0,0.1349206349206349,0.0,0.0,0.1666666666666666,0.246031746031746,0.0,0.0,0.0,0.2301587301587301,0.2619047619047619,0.0,0.0,0.0,0.0,0.0,0.0,0.0,0.0,0.0,0.0,0.0,0.0,0.0,0.1666666666666666,0.2619047619047619,0.0,0.0
184,1.4652536765707571,0.2125210151971753,0.9001096766072166,0.6452634903875026,7.692597654637408,5.065182474049213,1.0,1.0,0.24,13.765860022432731,4.0,0.0026,0.7621359492632533,0.0,0.0,0.0,0.2301587301587301,0.0,0.0,0.0,0.0,0.0,0.0,0.0,0.0,0.0,0.0,0.0,0.0,0.0,0.0,0.0,0.0873015873015873,0.1349206349206349,0.0,0.2301587301587301,0.0,0.0,0.0,0.0,0.0,0.0,0.119047619047619,0.1825396825396825,0.1507936507936507,0.0,0.0,0.0,0.0,0.0,0.0,0.246031746031746,0.0,0.0,0.0,0.0,0.0,0.0,0.0,0.0,0.0555555555555555,0.2619047619047619,0.2619047619047619,0.2777777777777778,0.0,0.1825396825396825,0.0,0.0,0.2142857142857142,0.2777777777777778,0.0,0.0,0.0,0.2619047619047619,0.2936507936507936,0.0,0.0,0.0,0.0,0.0,0.0,0.0,0.0,0.0,0.0,0.0,0.0,0.0,0.2301587301587301,0.2936507936507936,0.0,0.0
185,0.9776226947173732,0.2209240143240542,0.8980019024809988,0.6373589071316887,14.893709583541709,7.747313144134485,1.0,1.0,0.24,16.23624520128661,4.0,0.0026,-0.5384515872536693,0.0,0.0,0.0,0.373015873015873,0.0,0.0,0.0,0.0,0.0317460317460317,0.0,0.0,0.0,0.0,0.0,0.1825396825396825,0.0,0.0,0.0,0.0,0.2619047619047619,0.2936507936507936,0.1507936507936507,0.373015873015873,0.0,0.0,0.0,0.0,0.0,0.0,0.2936507936507936,0.373015873015873,0.3253968253968254,0.0,0.0,0.0,0.0,0.0,0.0,0.3888888888888889,0.0,0.0,0.0,0.0,0.0,0.0,0.0,0.0,0.3412698412698413,0.4047619047619047,0.4047619047619047,0.4047619047619047,0.1825396825396825,0.2936507936507936,0.0,0.0,0.3253968253968254,0.4206349206349206,0.0,0.0,0.0,0.4206349206349206,0.4206349206349206,0.0,0.0,0.0,0.0,0.0,0.0,0.0,0.0,0.0,0.0,0.0,0.0,0.246031746031746,0.4206349206349206,0.4047619047619047,0.0,0.0
186,1.92802788616372,0.1736865188926185,0.9041858983723168,0.5478502180340548,20.434017347495683,13.342252121848462,1.0,1.0,0.24,15.36309460566671,4.0,0.0026,2.3422294187796724,0.0,0.0,0.0,0.0714285714285714,0.0,0.0,0.0,0.0,0.0,0.0,0.0,0.0,0.0,0.0,0.0,0.0,0.0,0.0,0.0,0.0,0.0,0.0,0.0714285714285714,0.0,0.0,0.0,0.0,0.0,0.0,0.0,0.0,0.0,0.0,0.0,0.0,0.0,0.0,0.0,0.0555555555555555,0.0,0.0,0.0,0.0,0.0,0.0,0.0,0.0,0.0,0.0714285714285714,0.0714285714285714,0.0873015873015873,0.0,0.1031746031746031,0.0,0.0,0.0079365079365079,0.1031746031746031,0.0,0.0,0.0,0.0,0.119047619047619,0.0,0.0,0.0,0.0,0.0,0.0,0.0,0.0,0.0,0.0,0.0,0.0,0.0,0.0,0.119047619047619,0.0,0.0
187,1.905860849897542,0.1864689644246931,0.8883949578934955,0.590761211799842,10.152633443446458,10.216734449781905,1.0,1.0,0.24,8.694806857355726,4.0,0.0026,1.8294586367753904,0.0,0.0,0.0,0.1031746031746031,0.0,0.0,0.0,0.0,0.0,0.0,0.0,0.0,0.0,0.0,0.0,0.0,0.0,0.0,0.0,0.0,0.0,0.0,0.119047619047619,0.0,0.0,0.0,0.0,0.0,0.0,0.0,0.0,0.0396825396825396,0.0,0.0,0.0,0.0,0.0,0.0,0.119047619047619,0.0,0.0,0.0,0.0,0.0,0.0,0.0,0.0,0.0,0.1349206349206349,0.1507936507936507,0.1507936507936507,0.0,0.1507936507936507,0.0,0.0,0.1031746031746031,0.1666666666666666,0.0,0.0,0.0,0.1031746031746031,0.1984126984126984,0.0,0.0,0.0,0.0,0.0,0.0,0.0,0.0,0.0,0.0,0.0,0.0,0.0,0.0,0.1984126984126984,0.0,0.0
188,1.0492300329262083,0.1695598546907914,0.8971169496565585,0.5240924746132664,5.341658772291618,10.693450021200327,1.0,1.0,0.24,16.15786383097477,4.0,0.0026,-2.0110832019949094,0.0,0.0,0.0,0.4841269841269841,0.0,0.0,0.0,0.0,0.2777777777777778,0.0,0.0,0.0,0.0,0.1349206349206349,0.3253968253968254,0.0,0.0,0.0,0.0,0.4206349206349206,0.4841269841269841,0.2301587301587301,0.4682539682539682,0.0,0.0,0.0,0.0,0.0,0.1666666666666666,0.4841269841269841,0.5476190476190477,0.5,0.0,0.0,0.0,0.0,0.0,0.0079365079365079,0.5793650793650794,0.0,0.0,0.0,0.0,0.0,0.0,0.0,0.0,0.5793650793650794,0.4682539682539682,0.5158730158730159,0.5952380952380952,0.2142857142857142,0.2936507936507936,0.0,0.0,0.4841269841269841,0.5793650793650794,0.0,0.0,0.1825396825396825,0.6111111111111112,0.4206349206349206,0.0,0.0,0.0,0.0,0.0,0.0,0.0,0.0,0.0,0.0,0.0,0.2142857142857142,0.4365079365079365,0.5793650793650794,0.4047619047619047,0.0,0.0
189,0.5642869877572245,0.20027002784615,0.9006929386950628,0.589234246908461,10.000445557774816,10.851921867565457,1.0,1.0,0.24,15.178700429318988,4.0,0.0026,-3.358425986060746,0.0,0.0,0.2142857142857142,0.6746031746031746,0.0,0.0,0.0,0.1349206349206349,0.4047619047619047,0.0,0.0,0.0,0.0,0.3253968253968254,0.4523809523809524,0.0,0.0,0.0,0.0,0.5952380952380952,0.6746031746031746,0.4682539682539682,0.7222222222222222,0.0,0.0,0.0,0.0,0.0,0.4206349206349206,0.6904761904761905,0.7222222222222222,0.7222222222222222,0.0,0.0,0.0,0.0,0.0,0.2619047619047619,0.7222222222222222,0.1269841269841269,0.0,0.0,0.0,0.0,0.0,0.0,0.0,0.7222222222222222,0.6587301587301587,0.6904761904761905,0.7380952380952381,0.7380952380952381,0.4365079365079365,0.0,0.0,0.626984126984127,0.7380952380952381,0.0,0.0,0.4047619047619047,0.7380952380952381,0.4682539682539682,0.0,0.0,0.0,0.0,0.0,0.0,0.0,0.0,0.0,0.0,0.1825396825396825,0.4047619047619047,0.6428571428571429,0.753968253968254,0.4365079365079365,0.0,0.0
190,0.6145499164712223,0.2280101887596237,0.9010958661211186,0.5727617331765096,3.0961590467343574,3.994756767730269,1.0,1.0,0.24,19.527152124697203,4.0,0.0026,-4.094122537655503,0.0,0.0,0.2777777777777778,0.753968253968254,0.0,0.0,0.0,0.246031746031746,0.5793650793650794,0.0,0.0,0.0,0.0,0.4365079365079365,0.6428571428571429,0.0,0.0,0.0,0.0,0.7698412698412699,0.8333333333333334,0.2777777777777778,0.5476190476190477,0.0,0.0,0.0,0.0,0.0,0.6111111111111112,0.8174603174603174,0.6904761904761905,0.8650793650793651,0.0,0.0,0.0,0.0,0.0,0.4206349206349206,0.9126984126984128,0.0,0.0,0.0,0.0,0.0,0.0,0.0,0.1349206349206349,0.9126984126984128,0.5793650793650794,0.626984126984127,0.8809523809523809,0.246031746031746,0.3571428571428571,0.0,0.0,0.8015873015873016,0.6428571428571429,0.0,0.0,0.5793650793650794,0.9285714285714286,0.4682539682539682,0.0,0.0,0.0,0.0,0.0,0.0,0.0,0.0,0.0,0.0,0.2936507936507936,0.5317460317460317,0.7380952380952381,0.9285714285714286,0.4365079365079365,0.0,0.0
191,1.5649263719449642,0.1884455780630481,0.8962393898115576,0.6706455082624706,18.41059377660456,14.657665587791248,1.0,1.0,0.24,8.18788666600726,4.0,0.0026,1.6141116153576955,0.0,0.0,0.0,0.119047619047619,0.0,0.0,0.0,0.0,0.0,0.0,0.0,0.0,0.0,0.0,0.0,0.0,0.0,0.0,0.0,0.0,0.0,0.0714285714285714,0.1031746031746031,0.0,0.0,0.0,0.0,0.0,0.0,0.0,0.0714285714285714,0.1031746031746031,0.0,0.0,0.0,0.0,0.0,0.0,0.119047619047619,0.0,0.0,0.0,0.0,0.0,0.0,0.0,0.0,0.0,0.1507936507936507,0.1507936507936507,0.1666666666666666,0.1349206349206349,0.1666666666666666,0.0,0.0,0.119047619047619,0.1666666666666666,0.0,0.0,0.0,0.119047619047619,0.1984126984126984,0.0,0.0,0.0,0.0,0.0,0.0,0.0,0.0,0.0,0.0,0.0,0.0,0.0,0.0079365079365079,0.1984126984126984,0.0,0.0
192,1.5725778142702562,0.1581842629898823,0.8923010399793475,0.5091329549169229,10.446553601985096,9.287713950966271,1.0,1.0,0.24,16.876858587020692,4.0,0.0026,0.5536608298090835,0.0,0.0,0.0,0.246031746031746,0.0,0.0,0.0,0.0,0.0,0.0,0.0,0.0,0.0,0.0,0.0,0.0,0.0,0.0,0.0,0.0873015873015873,0.1825396825396825,0.0079365079365079,0.2777777777777778,0.0,0.0,0.0,0.0,0.0,0.0,0.1349206349206349,0.2301587301587301,0.1825396825396825,0.0,0.0,0.0,0.0,0.0,0.0,0.2777777777777778,0.0,0.0,0.0,0.0,0.0,0.0,0.0,0.0,0.119047619047619,0.2777777777777778,0.2777777777777778,0.2936507936507936,0.0396825396825396,0.2142857142857142,0.0,0.0,0.2142857142857142,0.2936507936507936,0.0,0.0,0.0,0.2936507936507936,0.3253968253968254,0.0,0.0,0.0,0.0,0.0,0.0,0.0,0.0,0.0,0.0,0.0,0.0,0.0,0.2619047619047619,0.3253968253968254,0.0,0.0
193,1.2689335048464143,0.2240961247652714,0.8880342820933929,0.6297969033173983,11.61765930114392,3.9432150958072745,1.0,1.0,0.24,17.601442996316994,4.0,0.0026,0.2512574787275733,0.0,0.0,0.0,0.2777777777777778,0.0,0.0,0.0,0.0,0.0,0.0,0.0,0.0,0.0,0.0,0.0317460317460317,0.0,0.0,0.0,0.0,0.1507936507936507,0.2142857142857142,0.0,0.2936507936507936,0.0,0.0,0.0,0.0,0.0,0.0,0.1666666666666666,0.2619047619047619,0.1666666666666666,0.0,0.0,0.0,0.0,0.0,0.0,0.2936507936507936,0.0,0.0,0.0,0.0,0.0,0.0,0.0,0.0,0.1507936507936507,0.2936507936507936,0.2936507936507936,0.3253968253968254,0.0,0.1984126984126984,0.0,0.0,0.246031746031746,0.3253968253968254,0.0,0.0,0.0,0.3412698412698413,0.3571428571428571,0.0,0.0,0.0,0.0,0.0,0.0,0.0,0.0,0.0,0.0,0.0,0.0,0.119047619047619,0.2936507936507936,0.3571428571428571,0.0,0.0
194,0.7445598361770696,0.1653678297666936,0.9193931244409024,0.6351878344972925,16.560228753916636,13.760516260543527,1.0,1.0,0.24,19.940853520639173,4.0,0.0026,-1.4667481891241112,0.0,0.0,0.0,0.4523809523809524,0.0,0.0,0.0,0.0,0.2301587301587301,0.0,0.0,0.0,0.0,0.0873015873015873,0.2619047619047619,0.0,0.0,0.0,0.0,0.3571428571428571,0.3888888888888889,0.373015873015873,0.4682539682539682,0.0,0.0,0.0,0.0,0.0,0.1031746031746031,0.4047619047619047,0.4682539682539682,0.4682539682539682,0.0,0.0,0.0,0.0,0.0,0.0,0.4682539682539682,0.0,0.0,0.0,0.0,0.0,0.0,0.0,0.0,0.4682539682539682,0.5,0.5,0.5,0.4523809523809524,0.3888888888888889,0.0,0.0,0.4206349206349206,0.5,0.0,0.0,0.1349206349206349,0.5,0.4365079365079365,0.0,0.0,0.0,0.0,0.0,0.0,0.0,0.0,0.0,0.0,0.0,0.1349206349206349,0.373015873015873,0.5,0.4206349206349206,0.0,0.0
195,0.5533448338468917,0.1563449367397894,0.9194503972030996,0.6095173135349811,23.085316101651355,5.714671239125599,1.0,1.0,0.24,9.255183725783182,4.0,0.0026,-2.151686185883872,0.0,0.0,0.0238095238095238,0.5158730158730159,0.0,0.0,0.0,0.0,0.3412698412698413,0.0,0.0,0.0,0.0,0.1825396825396825,0.3571428571428571,0.0,0.0,0.0,0.0,0.4365079365079365,0.5,0.2936507936507936,0.5634920634920635,0.0,0.0,0.0,0.0,0.0,0.246031746031746,0.5158730158730159,0.5634920634920635,0.5634920634920635,0.0,0.0,0.0,0.0,0.0,0.1349206349206349,0.5634920634920635,0.0,0.0,0.0,0.0,0.0,0.0,0.0,0.0,0.5793650793650794,0.5634920634920635,0.5793650793650794,0.5793650793650794,0.3174603174603174,0.4047619047619047,0.0,0.0,0.5,0.5952380952380952,0.0,0.0,0.2777777777777778,0.5952380952380952,0.4682539682539682,0.0,0.0,0.0,0.0,0.0,0.0,0.0,0.0,0.0,0.0,0.0,0.2619047619047619,0.4682539682539682,0.6111111111111112,0.4365079365079365,0.0,0.0
196,1.3163636551381623,0.1409491005588949,0.9283127127684878,0.6442796279596819,23.8443960534212,11.642953546909409,1.0,1.0,0.24,19.09633279275297,4.0,0.0026,1.2239755643701866,0.0,0.0,0.0,0.1666666666666666,0.0,0.0,0.0,0.0,0.0,0.0,0.0,0.0,0.0,0.0,0.0,0.0,0.0,0.0,0.0,0.0,0.0714285714285714,0.0714285714285714,0.1666666666666666,0.0,0.0,0.0,0.0,0.0,0.0,0.0238095238095238,0.1349206349206349,0.1507936507936507,0.0,0.0,0.0,0.0,0.0,0.0,0.1666666666666666,0.0,0.0,0.0,0.0,0.0,0.0,0.0,0.0,0.0,0.1984126984126984,0.1984126984126984,0.1984126984126984,0.1507936507936507,0.2142857142857142,0.0,0.0,0.1349206349206349,0.2142857142857142,0.0,0.0,0.0,0.1984126984126984,0.2301587301587301,0.0,0.0,0.0,0.0,0.0,0.0,0.0,0.0,0.0,0.0,0.0,0.0,0.0,0.1349206349206349,0.2301587301587301,0.0,0.0
197,0.5853783962966658,0.217414079985978,0.9060558095050102,0.6754972100544807,16.642325632065376,12.447204367510098,1.0,1.0,0.24,10.419607954491257,4.0,0.0026,-2.176511318765892,0.0,0.0,0.0555555555555555,0.5476190476190477,0.0,0.0,0.0,0.0,0.3412698412698413,0.0,0.0,0.0,0.0,0.2142857142857142,0.3571428571428571,0.0,0.0,0.0,0.0,0.4365079365079365,0.5,0.4682539682539682,0.5793650793650794,0.0,0.0,0.0,0.0,0.0,0.2619047619047619,0.5476190476190477,0.5793650793650794,0.5793650793650794,0.0,0.0,0.0,0.0,0.0,0.1507936507936507,0.5793650793650794,0.1031746031746031,0.0,0.0,0.0,0.0,0.0,0.0,0.0,0.5793650793650794,0.5793650793650794,0.5793650793650794,0.5793650793650794,0.5952380952380952,0.4365079365079365,0.0,0.0,0.5,0.5952380952380952,0.0,0.0,0.2777777777777778,0.5952380952380952,0.4682539682539682,0.0,0.0,0.0,0.0,0.0,0.0,0.0,0.0,0.0,0.0,0.0,0.2777777777777778,0.4841269841269841,0.5952380952380952,0.4365079365079365,0.0,0.0
198,0.9469403945741244,0.1439757558489568,0.9175453568321909,0.6869478759171382,18.97450806178663,14.009251853097169,1.0,1.0,0.24,9.743604988715877,4.0,0.0026,-0.1319498202376659,0.0,0.0,0.0,0.3095238095238095,0.0,0.0,0.0,0.0,0.0,0.0,0.0,0.0,0.0,0.0,0.119047619047619,0.0,0.0,0.0,0.0,0.1984126984126984,0.246031746031746,0.2619047619047619,0.3095238095238095,0.0,0.0,0.0,0.0,0.0,0.0,0.2619047619047619,0.3095238095238095,0.3095238095238095,0.0,0.0,0.0,0.0,0.0,0.0,0.3412698412698413,0.0,0.0,0.0,0.0,0.0,0.0,0.0,0.0,0.246031746031746,0.3412698412698413,0.3571428571428571,0.3571428571428571,0.2619047619047619,0.3253968253968254,0.0,0.0,0.2777777777777778,0.3571428571428571,0.0,0.0,0.0,0.373015873015873,0.373015873015873,0.0,0.0,0.0,0.0,0.0,0.0,0.0,0.0,0.0,0.0,0.0,0.0,0.1984126984126984,0.373015873015873,0.373015873015873,0.0,0.0
199,0.9828406791688342,0.1186686061894223,0.922142432913596,0.5865587458163068,5.1924019036075055,11.035548767169178,1.0,1.0,0.24,3.3771806558856543,4.0,0.0026,-1.478193838461761,0.0,0.0,0.0,0.4523809523809524,0.0,0.0,0.0,0.0,0.246031746031746,0.0,0.0,0.0,0.0,0.0396825396825396,0.2936507936507936,0.0,0.0,0.0,0.0,0.373015873015873,0.4365079365079365,0.246031746031746,0.5,0.0,0.0,0.0,0.0,0.0,0.119047619047619,0.4365079365079365,0.5,0.5,0.0,0.0,0.0,0.0,0.0,0.0,0.5158730158730159,0.0,0.0,0.0,0.0,0.0,0.0,0.0,0.0,0.5158730158730159,0.4682539682539682,0.5,0.5317460317460317,0.2301587301587301,0.2936507936507936,0.0,0.0,0.4523809523809524,0.5476190476190477,0.0,0.0,0.119047619047619,0.5634920634920635,0.4206349206349206,0.0,0.0,0.0,0.0,0.0,0.0,0.0,0.0,0.0,0.0,0.0,0.1666666666666666,0.4047619047619047,0.5634920634920635,0.4047619047619047,0.0,0.0
200,1.435228217779696,0.2116031044282767,0.8963270202387443,0.5558798630841693,9.422132059492796,7.696330865149726,1.0,1.0,0.24,5.17567505264714,4.0,0.0026,0.3890961019373973,0.0,0.0,0.0,0.2777777777777778,0.0,0.0,0.0,0.0,0.0,0.0,0.0,0.0,0.0,0.0,0.0,0.0,0.0,0.0,0.0,0.1507936507936507,0.2142857142857142,0.0079365079365079,0.2936507936507936,0.0,0.0,0.0,0.0,0.0,0.0,0.1507936507936507,0.2619047619047619,0.1984126984126984,0.0,0.0,0.0,0.0,0.0,0.0,0.2936507936507936,0.0,0.0,0.0,0.0,0.0,0.0,0.0,0.0,0.1507936507936507,0.2936507936507936,0.2936507936507936,0.3253968253968254,0.0873015873015873,0.2142857142857142,0.0,0.0,0.246031746031746,0.3253968253968254,0.0,0.0,0.0,0.3412698412698413,0.3571428571428571,0.0,0.0,0.0,0.0,0.0,0.0,0.0,0.0,0.0,0.0,0.0,0.0,0.0873015873015873,0.2936507936507936,0.3571428571428571,0.0,0.0
201,1.9567608420014264,0.1539068739544599,0.8986517951798453,0.52210365232246,24.05904307414737,11.108755548994637,1.0,1.0,0.24,3.840091724156117,4.0,0.0026,2.409012794282361,0.0,0.0,0.0,0.0714285714285714,0.0,0.0,0.0,0.0,0.0,0.0,0.0,0.0,0.0,0.0,0.0,0.0,0.0,0.0,0.0,0.0,0.0,0.0,0.0396825396825396,0.0,0.0,0.0,0.0,0.0,0.0,0.0,0.0,0.0,0.0,0.0,0.0,0.0,0.0,0.0,0.0079365079365079,0.0,0.0,0.0,0.0,0.0,0.0,0.0,0.0,0.0,0.0714285714285714,0.0714285714285714,0.0714285714285714,0.0,0.0873015873015873,0.0,0.0,0.0,0.1031746031746031,0.0,0.0,0.0,0.0,0.1031746031746031,0.0,0.0,0.0,0.0,0.0,0.0,0.0,0.0,0.0,0.0,0.0,0.0,0.0,0.0,0.0396825396825396,0.0,0.0
202,0.9477226741820526,0.2042820840922337,0.922489860427668,0.5516736490500506,16.19484985961635,8.648215080696152,1.0,1.0,0.24,14.106195991719124,4.0,0.0026,-0.6805404510165833,0.0,0.0,0.0,0.3888888888888889,0.0,0.0,0.0,0.0,0.119047619047619,0.0,0.0,0.0,0.0,0.0,0.1984126984126984,0.0,0.0,0.0,0.0,0.2777777777777778,0.3412698412698413,0.1825396825396825,0.4047619047619047,0.0,0.0,0.0,0.0,0.0,0.0,0.3571428571428571,0.3888888888888889,0.3888888888888889,0.0,0.0,0.0,0.0,0.0,0.0,0.4047619047619047,0.0,0.0,0.0,0.0,0.0,0.0,0.0,0.0,0.4047619047619047,0.4206349206349206,0.4206349206349206,0.4206349206349206,0.2142857142857142,0.2936507936507936,0.0,0.0,0.3253968253968254,0.4365079365079365,0.0,0.0,0.0,0.4365079365079365,0.4206349206349206,0.0,0.0,0.0,0.0,0.0,0.0,0.0,0.0,0.0,0.0,0.0,0.0,0.2619047619047619,0.4365079365079365,0.4047619047619047,0.0,0.0
203,0.9065898205770744,0.1332802890372106,0.9239891665075044,0.6630563299080672,15.01334287793602,3.5900708424051846,1.0,1.0,0.24,10.364201910358524,4.0,0.0026,-0.3965889301138744,0.0,0.0,0.0,0.3412698412698413,0.0,0.0,0.0,0.0,0.0079365079365079,0.0,0.0,0.0,0.0,0.0,0.1507936507936507,0.0,0.0,0.0,0.0,0.2301587301587301,0.2936507936507936,0.0714285714285714,0.3571428571428571,0.0,0.0,0.0,0.0,0.0,0.0,0.2777777777777778,0.3571428571428571,0.246031746031746,0.0,0.0,0.0,0.0,0.0,0.0,0.373015873015873,0.0,0.0,0.0,0.0,0.0,0.0,0.0,0.0,0.2936507936507936,0.3888888888888889,0.3888888888888889,0.3888888888888889,0.1507936507936507,0.2619047619047619,0.0,0.0,0.2936507936507936,0.3888888888888889,0.0,0.0,0.0,0.4047619047619047,0.4206349206349206,0.0,0.0,0.0,0.0,0.0,0.0,0.0,0.0,0.0,0.0,0.0,0.0,0.2301587301587301,0.4047619047619047,0.4047619047619047,0.0,0.0
204,0.820998506107813,0.1466114800690903,0.929158966327712,0.6790314751508839,4.020231309711432,12.07431636924932,1.0,1.0,0.24,15.655329864912964,4.0,0.0026,-1.9366839767634985,0.0,0.0,0.0,0.4841269841269841,0.0,0.0,0.0,0.0,0.2777777777777778,0.0,0.0,0.0,0.0,0.1349206349206349,0.3095238095238095,0.0,0.0,0.0,0.0,0.3888888888888889,0.4523809523809524,0.2936507936507936,0.5158730158730159,0.0,0.0,0.0,0.0,0.0,0.1984126984126984,0.4682539682539682,0.5158730158730159,0.5158730158730159,0.0,0.0,0.0,0.0,0.0,0.0714285714285714,0.5317460317460317,0.0,0.0,0.0,0.0,0.0,0.0,0.0,0.0,0.5317460317460317,0.5317460317460317,0.5476190476190477,0.5476190476190477,0.2936507936507936,0.3571428571428571,0.0,0.0,0.4682539682539682,0.5634920634920635,0.0,0.0,0.1984126984126984,0.5793650793650794,0.4365079365079365,0.0,0.0,0.0,0.0,0.0,0.0,0.0,0.0,0.0,0.0,0.0,0.2301587301587301,0.4206349206349206,0.5793650793650794,0.4206349206349206,0.0,0.0
205,0.5373925513320474,0.1962614698204826,0.9246549569258724,0.6788089366267769,7.984357841933003,13.154785571221293,1.0,1.0,0.24,9.123029919080976,4.0,0.0026,-2.9151987578131693,0.0,0.0,0.1666666666666666,0.6428571428571429,0.0,0.0,0.0,0.1031746031746031,0.373015873015873,0.0,0.0,0.0,0.0,0.2777777777777778,0.4206349206349206,0.0,0.0,0.0,0.0,0.5476190476190477,0.6111111111111112,0.6428571428571429,0.6746031746031746,0.0793650793650793,0.0,0.0,0.0,0.0,0.4047619047619047,0.6587301587301587,0.6746031746031746,0.6746031746031746,0.0,0.0,0.0,0.0,0.0,0.246031746031746,0.6746031746031746,0.1428571428571428,0.0,0.0,0.0,0.0,0.0,0.0,0.0,0.6746031746031746,0.6904761904761905,0.6904761904761905,0.6904761904761905,0.6904761904761905,0.5238095238095238,0.0,0.0,0.5952380952380952,0.6904761904761905,0.0,0.0,0.3571428571428571,0.6904761904761905,0.4841269841269841,0.0,0.0,0.0,0.0,0.0,0.0,0.0,0.0,0.0,0.0,0.1349206349206349,0.373015873015873,0.5793650793650794,0.6904761904761905,0.4365079365079365,0.0,0.0
206,1.352652754629442,0.1624286831167192,0.8917823852664873,0.5276367857276795,12.885101889212107,4.26742228884124,1.0,1.0,0.24,11.611420511309294,4.0,0.0026,0.2037499555040451,0.0,0.0,0.0,0.2777777777777778,0.0,0.0,0.0,0.0,0.0,0.0,0.0,0.0,0.0,0.0,0.0714285714285714,0.0,0.0,0.0,0.0,0.1666666666666666,0.2301587301587301,0.0,0.2936507936507936,0.0,0.0,0.0,0.0,0.0,0.0,0.1825396825396825,0.2777777777777778,0.1666666666666666,0.0,0.0,0.0,0.0,0.0,0.0,0.2936507936507936,0.0,0.0,0.0,0.0,0.0,0.0,0.0,0.0,0.1984126984126984,0.3253968253968254,0.3412698412698413,0.3412698412698413,0.0,0.1825396825396825,0.0,0.0,0.246031746031746,0.3412698412698413,0.0,0.0,0.0,0.3571428571428571,0.3571428571428571,0.0,0.0,0.0,0.0,0.0,0.0,0.0,0.0,0.0,0.0,0.0,0.0,0.119047619047619,0.3095238095238095,0.373015873015873,0.0,0.0
207,1.7767928684559704,0.1992431580985197,0.9147617263679148,0.6422467567722835,3.8095167836008224,11.01199713016889,1.0,1.0,0.24,12.961616568999736,4.0,0.0026,1.253904971864523,0.0,0.0,0.0,0.1825396825396825,0.0,0.0,0.0,0.0,0.0,0.0,0.0,0.0,0.0,0.0,0.0,0.0,0.0,0.0,0.0,0.0,0.0714285714285714,0.0,0.1825396825396825,0.0,0.0,0.0,0.0,0.0,0.0,0.0,0.119047619047619,0.1349206349206349,0.0,0.0,0.0,0.0,0.0,0.0,0.1984126984126984,0.0,0.0,0.0,0.0,0.0,0.0,0.0,0.0,0.0,0.2142857142857142,0.2142857142857142,0.2301587301587301,0.0238095238095238,0.1666666666666666,0.0,0.0,0.1666666666666666,0.2301587301587301,0.0,0.0,0.0,0.2142857142857142,0.246031746031746,0.0,0.0,0.0,0.0,0.0,0.0,0.0,0.0,0.0,0.0,0.0,0.0,0.0,0.1349206349206349,0.246031746031746,0.0,0.0
208,0.6221929385593326,0.2074212615201645,0.8874073365244182,0.6799821493301752,22.54591409737984,10.563899017918173,1.0,1.0,0.24,3.25991142319324,4.0,0.0026,-1.775551078257637,0.0,0.0,0.0,0.5317460317460317,0.0,0.0,0.0,0.0,0.3253968253968254,0.0,0.0,0.0,0.0,0.1825396825396825,0.3571428571428571,0.0,0.0,0.0,0.0,0.4206349206349206,0.4682539682539682,0.4206349206349206,0.5476190476190477,0.0,0.0,0.0,0.0,0.0,0.2301587301587301,0.5,0.5476190476190477,0.5476190476190477,0.0,0.0,0.0,0.0,0.0,0.119047619047619,0.5476190476190477,0.0555555555555555,0.0,0.0,0.0,0.0,0.0,0.0,0.0,0.5476190476190477,0.5634920634920635,0.5634920634920635,0.5634920634920635,0.5793650793650794,0.4206349206349206,0.0,0.0,0.4841269841269841,0.5793650793650794,0.0,0.0,0.246031746031746,0.5793650793650794,0.4682539682539682,0.0,0.0,0.0,0.0,0.0,0.0,0.0,0.0,0.0,0.0,0.0,0.2619047619047619,0.4523809523809524,0.5793650793650794,0.4365079365079365,0.0,0.0
209,1.6729173048117212,0.1521908408575559,0.9289462863475322,0.5800277330782495,3.435753879182926,14.80523095346931,1.0,1.0,0.24,3.58510268897106,4.0,0.0026,0.533794944150723,0.0,0.0,0.0,0.2619047619047619,0.0,0.0,0.0,0.0,0.0,0.0,0.0,0.0,0.0,0.0,0.0,0.0,0.0,0.0,0.0,0.0714285714285714,0.1825396825396825,0.0079365079365079,0.2777777777777778,0.0,0.0,0.0,0.0,0.0,0.0,0.1349206349206349,0.2301587301587301,0.246031746031746,0.0,0.0,0.0,0.0,0.0,0.0,0.2777777777777778,0.0,0.0,0.0,0.0,0.0,0.0,0.0,0.0,0.1031746031746031,0.2936507936507936,0.2936507936507936,0.2936507936507936,0.119047619047619,0.2142857142857142,0.0,0.0,0.2619047619047619,0.3253968253968254,0.0,0.0,0.0,0.2936507936507936,0.3412698412698413,0.0,0.0,0.0,0.0,0.0,0.0,0.0,0.0,0.0,0.0,0.0,0.0,0.0396825396825396,0.2619047619047619,0.3412698412698413,0.0,0.0
210,0.6229324313721823,0.1282563887209747,0.8870881509249492,0.58076046660771,23.046809693554167,3.0784120999895093,1.0,1.0,0.24,10.128330771024151,4.0,0.0026,-2.2394716665589858,0.0,0.0,0.0079365079365079,0.5158730158730159,0.0,0.0,0.0,0.0,0.3412698412698413,0.0,0.0,0.0,0.0,0.1984126984126984,0.373015873015873,0.0,0.0,0.0,0.0,0.4523809523809524,0.5158730158730159,0.2301587301587301,0.4682539682539682,0.0,0.0,0.0,0.0,0.0,0.2619047619047619,0.5158730158730159,0.5793650793650794,0.4206349206349206,0.0,0.0,0.0,0.0,0.0,0.1349206349206349,0.5793650793650794,0.0,0.0,0.0,0.0,0.0,0.0,0.0,0.0,0.5793650793650794,0.5158730158730159,0.5317460317460317,0.6111111111111112,0.2142857142857142,0.3412698412698413,0.0,0.0,0.5,0.5158730158730159,0.0,0.0,0.2619047619047619,0.626984126984127,0.4682539682539682,0.0,0.0,0.0,0.0,0.0,0.0,0.0,0.0,0.0,0.0,0.0,0.2777777777777778,0.4841269841269841,0.626984126984127,0.4365079365079365,0.0,0.0
211,0.5998463884749997,0.2027257854797982,0.9005525945497873,0.6501204060361635,4.63597450597487,4.531556920232711,1.0,1.0,0.24,18.3315062817044,4.0,0.0026,-3.3627795926585784,0.0,0.0,0.2301587301587301,0.6746031746031746,0.0,0.0,0.0,0.119047619047619,0.4206349206349206,0.0,0.0,0.0,0.0,0.3412698412698413,0.4682539682539682,0.0,0.0,0.0,0.0,0.6111111111111112,0.6746031746031746,0.2777777777777778,0.5793650793650794,0.0,0.0,0.0,0.0,0.0,0.4206349206349206,0.6746031746031746,0.7222222222222222,0.7222222222222222,0.0,0.0,0.0,0.0,0.0,0.2619047619047619,0.7222222222222222,0.0555555555555555,0.0,0.0,0.0,0.0,0.0,0.0,0.0,0.7380952380952381,0.5634920634920635,0.5952380952380952,0.753968253968254,0.2619047619047619,0.373015873015873,0.0,0.0,0.6587301587301587,0.6587301587301587,0.0,0.0,0.4047619047619047,0.753968253968254,0.4682539682539682,0.0,0.0,0.0,0.0,0.0,0.0,0.0,0.0,0.0,0.0,0.1666666666666666,0.4206349206349206,0.6428571428571429,0.753968253968254,0.4365079365079365,0.0,0.0
212,1.2448985706326794,0.1936135105678311,0.8968824859941836,0.5309359412907323,13.721426408024524,2.2098474778217043,1.0,1.0,0.24,7.231154178865997,4.0,0.0026,0.0472786856850472,0.0,0.0,0.0,0.2936507936507936,0.0,0.0,0.0,0.0,0.0,0.0,0.0,0.0,0.0,0.0,0.1031746031746031,0.0,0.0,0.0,0.0,0.2142857142857142,0.246031746031746,0.0,0.2777777777777778,0.0,0.0,0.0,0.0,0.0,0.0,0.2142857142857142,0.2936507936507936,0.1666666666666666,0.0,0.0,0.0,0.0,0.0,0.0,0.3412698412698413,0.0,0.0,0.0,0.0,0.0,0.0,0.0,0.0,0.2301587301587301,0.3571428571428571,0.3571428571428571,0.3571428571428571,0.0,0.1666666666666666,0.0,0.0,0.2619047619047619,0.3412698412698413,0.0,0.0,0.0,0.373015873015873,0.3888888888888889,0.0,0.0,0.0,0.0,0.0,0.0,0.0,0.0,0.0,0.0,0.0,0.0,0.1666666666666666,0.373015873015873,0.3888888888888889,0.0,0.0
213,0.6251999494949485,0.1213948250649327,0.9058595168729926,0.5915454097520181,21.58289625629862,8.546078577613832,1.0,1.0,0.24,19.21911382588155,4.0,0.0026,-2.323498505555356,0.0,0.0,0.0,0.5158730158730159,0.0,0.0,0.0,0.0,0.3253968253968254,0.0,0.0,0.0,0.0,0.1666666666666666,0.3571428571428571,0.0,0.0,0.0,0.0,0.4206349206349206,0.4841269841269841,0.373015873015873,0.5476190476190477,0.0,0.0,0.0,0.0,0.0,0.2301587301587301,0.5,0.5476190476190477,0.5476190476190477,0.0,0.0,0.0,0.0,0.0,0.1031746031746031,0.5476190476190477,0.0,0.0,0.0,0.0,0.0,0.0,0.0,0.0,0.5634920634920635,0.5793650793650794,0.5793650793650794,0.5793650793650794,0.5079365079365079,0.4047619047619047,0.0,0.0,0.4682539682539682,0.5793650793650794,0.0,0.0,0.2619047619047619,0.5793650793650794,0.4682539682539682,0.0,0.0,0.0,0.0,0.0,0.0,0.0,0.0,0.0,0.0,0.0,0.246031746031746,0.4523809523809524,0.5952380952380952,0.4365079365079365,0.0,0.0
214,0.7084090515266606,0.1950760250446919,0.9224105978798286,0.6844728011823159,20.1394796817128,7.995441918409578,1.0,1.0,0.24,12.479478377480136,4.0,0.0026,-1.0582073430942658,0.0,0.0,0.0,0.4206349206349206,0.0,0.0,0.0,0.0,0.1984126984126984,0.0,0.0,0.0,0.0,0.0238095238095238,0.2301587301587301,0.0,0.0,0.0,0.0,0.3253968253968254,0.3571428571428571,0.2777777777777778,0.4365079365079365,0.0,0.0,0.0,0.0,0.0,0.0555555555555555,0.4047619047619047,0.4206349206349206,0.4365079365079365,0.0,0.0,0.0,0.0,0.0,0.0,0.4365079365079365,0.0,0.0,0.0,0.0,0.0,0.0,0.0,0.0,0.4365079365079365,0.4523809523809524,0.4523809523809524,0.4523809523809524,0.2777777777777778,0.3571428571428571,0.0,0.0,0.3888888888888889,0.4523809523809524,0.0,0.0,0.0714285714285714,0.4682539682539682,0.4523809523809524,0.0,0.0,0.0,0.0,0.0,0.0,0.0,0.0,0.0,0.0,0.0,0.119047619047619,0.3412698412698413,0.4682539682539682,0.4206349206349206,0.0,0.0
215,1.5586897809467,0.2146378867158705,0.9037221092440746,0.5085638907991862,8.18098991333079,5.64207975435589,1.0,1.0,0.24,18.23430947594997,4.0,0.0026,0.3879653535388923,0.0,0.0,0.0,0.2777777777777778,0.0,0.0,0.0,0.0,0.0,0.0,0.0,0.0,0.0,0.0,0.0,0.0,0.0,0.0,0.0,0.1349206349206349,0.2142857142857142,0.0,0.2777777777777778,0.0,0.0,0.0,0.0,0.0,0.0,0.1349206349206349,0.246031746031746,0.1666666666666666,0.0,0.0,0.0,0.0,0.0,0.0,0.2777777777777778,0.0,0.0,0.0,0.0,0.0,0.0,0.0,0.0,0.1349206349206349,0.2936507936507936,0.2936507936507936,0.3095238095238095,0.0,0.1666666666666666,0.0,0.0,0.2301587301587301,0.3253968253968254,0.0,0.0,0.0,0.3412698412698413,0.3571428571428571,0.0,0.0,0.0,0.0,0.0,0.0,0.0,0.0,0.0,0.0,0.0,0.0,0.0714285714285714,0.2777777777777778,0.3571428571428571,0.0,0.0
216,1.2037735920414168,0.2189975483448903,0.9280818149768388,0.5661267703001045,13.094019421056194,8.71672507705151,1.0,1.0,0.24,17.676816269493667,4.0,0.0026,0.1835178337466096,0.0,0.0,0.0,0.2777777777777778,0.0,0.0,0.0,0.0,0.0,0.0,0.0,0.0,0.0,0.0,0.0714285714285714,0.0,0.0,0.0,0.0,0.1666666666666666,0.2301587301587301,0.0714285714285714,0.2936507936507936,0.0,0.0,0.0,0.0,0.0,0.0,0.1825396825396825,0.2619047619047619,0.246031746031746,0.0,0.0,0.0,0.0,0.0,0.0,0.2936507936507936,0.0,0.0,0.0,0.0,0.0,0.0,0.0,0.0,0.1984126984126984,0.3253968253968254,0.3253968253968254,0.3412698412698413,0.1507936507936507,0.2619047619047619,0.0,0.0,0.246031746031746,0.3412698412698413,0.0,0.0,0.0,0.3571428571428571,0.3571428571428571,0.0,0.0,0.0,0.0,0.0,0.0,0.0,0.0,0.0,0.0,0.0,0.0,0.119047619047619,0.2936507936507936,0.3571428571428571,0.0,0.0
217,0.9953178346037836,0.1621613025100788,0.9060033090053874,0.633232803169709,23.380451300567763,14.135654554088946,1.0,1.0,0.24,1.4374988001334956,4.0,0.0026,-0.0063569514777249,0.0,0.0,0.0,0.3095238095238095,0.0,0.0,0.0,0.0,0.0,0.0,0.0,0.0,0.0,0.0,0.119047619047619,0.0,0.0,0.0,0.0,0.1984126984126984,0.246031746031746,0.2619047619047619,0.3253968253968254,0.0,0.0,0.0,0.0,0.0,0.0,0.246031746031746,0.3253968253968254,0.3253968253968254,0.0,0.0,0.0,0.0,0.0,0.0,0.3412698412698413,0.0,0.0,0.0,0.0,0.0,0.0,0.0,0.0,0.246031746031746,0.3571428571428571,0.3571428571428571,0.3571428571428571,0.246031746031746,0.3095238095238095,0.0,0.0,0.2777777777777778,0.373015873015873,0.0,0.0,0.0,0.373015873015873,0.373015873015873,0.0,0.0,0.0,0.0,0.0,0.0,0.0,0.0,0.0,0.0,0.0,0.0,0.1825396825396825,0.373015873015873,0.3888888888888889,0.0,0.0
218,0.6774382300551006,0.1421193801700853,0.9261848388835628,0.6104269517336156,1.247161159431306,5.562676633439684,1.0,1.0,0.24,17.90108347844002,4.0,0.0026,-4.455616092471728,0.0,0.0,0.3253968253968254,0.7698412698412699,0.0,0.0,0.0,0.2142857142857142,0.5634920634920635,0.0,0.0,0.0,0.0,0.4523809523809524,0.6587301587301587,0.0,0.0,0.0,0.0,0.8015873015873016,0.8492063492063492,0.2936507936507936,0.6746031746031746,0.0,0.0,0.0,0.0,0.0,0.5952380952380952,0.8333333333333334,0.753968253968254,0.8650793650793651,0.0,0.0,0.0,0.0,0.0,0.4206349206349206,0.9285714285714286,0.0,0.0,0.0,0.0,0.0,0.0,0.0,0.1349206349206349,0.9285714285714286,0.5952380952380952,0.6587301587301587,0.9126984126984128,0.2619047619047619,0.373015873015873,0.0,0.0,0.8492063492063492,0.7063492063492064,0.0,0.0079365079365079,0.5793650793650794,0.9285714285714286,0.4523809523809524,0.0,0.0,0.0,0.0,0.0,0.0,0.0,0.0,0.0,0.0,0.2936507936507936,0.5476190476190477,0.753968253968254,0.9603174603174603,0.4365079365079365,0.0,0.0
219,0.5115718913712985,0.2092737372128983,0.925599428948596,0.6740486398244834,23.499159862035672,14.409257092982571,1.0,1.0,0.24,18.901772449134327,4.0,0.0026,-2.419938375602876,0.0,0.0,0.0873015873015873,0.5476190476190477,0.0,0.0,0.0,0.0,0.3412698412698413,0.0,0.0,0.0,0.0,0.246031746031746,0.373015873015873,0.0,0.0,0.0,0.0,0.4365079365079365,0.5,0.5793650793650794,0.5793650793650794,0.1031746031746031,0.0,0.0,0.0,0.0,0.2936507936507936,0.5793650793650794,0.5793650793650794,0.5793650793650794,0.0,0.0,0.0,0.0,0.0,0.1984126984126984,0.5793650793650794,0.1269841269841269,0.0,0.0,0.0,0.0,0.0,0.0,0.0,0.5793650793650794,0.5793650793650794,0.5793650793650794,0.5793650793650794,0.5793650793650794,0.5317460317460317,0.0,0.0,0.5158730158730159,0.5793650793650794,0.0,0.0,0.2936507936507936,0.5793650793650794,0.4841269841269841,0.0,0.0,0.0,0.0,0.0,0.0,0.0,0.0,0.0,0.0,0.0079365079365079,0.2936507936507936,0.4682539682539682,0.5952380952380952,0.4523809523809524,0.0,0.0
220,1.1111026949265443,0.1821392935171072,0.9089298670819136,0.6514158436630124,17.12777813233416,14.899536607735708,1.0,1.0,0.24,12.851994246006305,4.0,0.0026,0.2060849221280566,0.0,0.0,0.0,0.2936507936507936,0.0,0.0,0.0,0.0,0.0,0.0,0.0,0.0,0.0,0.0,0.0714285714285714,0.0,0.0,0.0,0.0,0.1507936507936507,0.2142857142857142,0.2301587301587301,0.2936507936507936,0.0,0.0,0.0,0.0,0.0,0.0,0.1984126984126984,0.2619047619047619,0.2777777777777778,0.0,0.0,0.0,0.0,0.0,0.0,0.2936507936507936,0.0,0.0,0.0,0.0,0.0,0.0,0.0,0.0,0.1825396825396825,0.2936507936507936,0.2936507936507936,0.3095238095238095,0.2142857142857142,0.2936507936507936,0.0,0.0,0.246031746031746,0.3253968253968254,0.0,0.0,0.0,0.3412698412698413,0.3412698412698413,0.0,0.0,0.0,0.0,0.0,0.0,0.0,0.0,0.0,0.0,0.0,0.0,0.119047619047619,0.3253968253968254,0.3571428571428571,0.0,0.0
221,0.5376796252152086,0.1900844745878464,0.8933050622977486,0.5615439584603639,3.7139678095675808,4.060197040354838,1.0,1.0,0.24,16.43083632396665,4.0,0.0026,-4.548778562637248,0.0,0.119047619047619,0.3888888888888889,0.8015873015873016,0.0,0.0,0.0,0.3412698412698413,0.626984126984127,0.0,0.0,0.0,0.0,0.5,0.7063492063492064,0.0,0.0,0.0,0.0,0.8492063492063492,0.9126984126984128,0.2936507936507936,0.7222222222222222,0.0,0.0,0.0,0.0,0.0317460317460317,0.6587301587301587,0.9126984126984128,0.8015873015873016,0.9603174603174603,0.0,0.0,0.0,0.0,0.0,0.4841269841269841,0.9603174603174603,0.1269841269841269,0.0,0.0,0.0,0.0,0.0,0.0,0.1825396825396825,0.9603174603174603,0.6111111111111112,0.6746031746031746,0.9603174603174603,0.2936507936507936,0.4047619047619047,0.0,0.0,0.9285714285714286,0.7222222222222222,0.0,0.1349206349206349,0.6746031746031746,0.9761904761904762,0.4841269841269841,0.0,0.0,0.0,0.0,0.0,0.0,0.0,0.0,0.0,0.1349206349206349,0.3571428571428571,0.5793650793650794,0.8015873015873016,0.9761904761904762,0.4523809523809524,0.0,0.0
222,1.5547549232589843,0.1219864793434025,0.9290149673786372,0.5454734974085776,11.646937486747548,3.795251929870525,1.0,1.0,0.24,5.714463636109106,4.0,0.0026,1.1334346455429547,0.0,0.0,0.0,0.1825396825396825,0.0,0.0,0.0,0.0,0.0,0.0,0.0,0.0,0.0,0.0,0.0,0.0,0.0,0.0,0.0,0.0317460317460317,0.1031746031746031,0.0,0.2142857142857142,0.0,0.0,0.0,0.0,0.0,0.0,0.0079365079365079,0.1349206349206349,0.1031746031746031,0.0,0.0,0.0,0.0,0.0,0.0,0.2142857142857142,0.0,0.0,0.0,0.0,0.0,0.0,0.0,0.0,0.0396825396825396,0.2301587301587301,0.2301587301587301,0.246031746031746,0.0,0.1507936507936507,0.0,0.0,0.1666666666666666,0.246031746031746,0.0,0.0,0.0,0.2301587301587301,0.2619047619047619,0.0,0.0,0.0,0.0,0.0,0.0,0.0,0.0,0.0,0.0,0.0,0.0,0.0,0.1666666666666666,0.2619047619047619,0.0,0.0
223,1.37092251195945,0.200788695842082,0.8900574754942895,0.6623941720560911,7.946533695612034,5.157574274070374,1.0,1.0,0.24,1.6671487668826042,4.0,0.0026,0.591224604035504,0.0,0.0,0.0,0.2619047619047619,0.0,0.0,0.0,0.0,0.0,0.0,0.0,0.0,0.0,0.0,0.0,0.0,0.0,0.0,0.0,0.1031746031746031,0.1825396825396825,0.0,0.2619047619047619,0.0,0.0,0.0,0.0,0.0,0.0,0.1349206349206349,0.2301587301587301,0.1666666666666666,0.0,0.0,0.0,0.0,0.0,0.0,0.2777777777777778,0.0,0.0,0.0,0.0,0.0,0.0,0.0,0.0,0.1031746031746031,0.2777777777777778,0.2777777777777778,0.2936507936507936,0.0158730158730158,0.1984126984126984,0.0,0.0,0.2301587301587301,0.2936507936507936,0.0,0.0,0.0,0.2936507936507936,0.3095238095238095,0.0,0.0,0.0,0.0,0.0,0.0,0.0,0.0,0.0,0.0,0.0,0.0,0.0317460317460317,0.2619047619047619,0.3253968253968254,0.0,0.0
224,1.3844245741278656,0.1403546045991579,0.9218445934600732,0.6489976929439855,21.183076590887453,11.854527270565615,1.0,1.0,0.24,6.423378821838334,4.0,0.0026,1.3463639990412857,0.0,0.0,0.0,0.1507936507936507,0.0,0.0,0.0,0.0,0.0,0.0,0.0,0.0,0.0,0.0,0.0,0.0,0.0,0.0,0.0,0.0,0.0714285714285714,0.0714285714285714,0.1349206349206349,0.0,0.0,0.0,0.0,0.0,0.0,0.0079365079365079,0.119047619047619,0.1349206349206349,0.0,0.0,0.0,0.0,0.0,0.0,0.1507936507936507,0.0,0.0,0.0,0.0,0.0,0.0,0.0,0.0,0.0,0.1825396825396825,0.1825396825396825,0.1984126984126984,0.1349206349206349,0.1984126984126984,0.0,0.0,0.1349206349206349,0.1984126984126984,0.0,0.0,0.0,0.1825396825396825,0.2142857142857142,0.0,0.0,0.0,0.0,0.0,0.0,0.0,0.0,0.0,0.0,0.0,0.0,0.0,0.119047619047619,0.2142857142857142,0.0,0.0
225,0.5702441877529499,0.1818503002007848,0.9276277565841328,0.6603890862442343,22.2468778931938,5.289120516344572,1.0,1.0,0.24,1.5413745955313858,4.0,0.0026,-1.4764490005052842,0.0,0.0,0.0,0.4841269841269841,0.0,0.0,0.0,0.0,0.2936507936507936,0.0,0.0,0.0,0.0,0.1507936507936507,0.3095238095238095,0.0,0.0,0.0,0.0,0.3888888888888889,0.4523809523809524,0.2936507936507936,0.5158730158730159,0.0,0.0,0.0,0.0,0.0,0.1825396825396825,0.4523809523809524,0.5158730158730159,0.5158730158730159,0.0,0.0,0.0,0.0,0.0,0.119047619047619,0.5158730158730159,0.0,0.0,0.0,0.0,0.0,0.0,0.0,0.0,0.5158730158730159,0.5317460317460317,0.5317460317460317,0.5317460317460317,0.2619047619047619,0.3888888888888889,0.0,0.0,0.4523809523809524,0.5476190476190477,0.0,0.0,0.2301587301587301,0.5476190476190477,0.4682539682539682,0.0,0.0,0.0,0.0,0.0,0.0,0.0,0.0,0.0,0.0,0.0,0.2142857142857142,0.4206349206349206,0.5634920634920635,0.4365079365079365,0.0,0.0
226,1.748940226589098,0.204049927208506,0.8943288615852876,0.5409916323066886,4.883723215714465,11.971737486751682,1.0,1.0,0.24,8.085821614222986,4.0,0.0026,0.5706721425958889,0.0,0.0,0.0,0.2619047619047619,0.0,0.0,0.0,0.0,0.0,0.0,0.0,0.0,0.0,0.0,0.0,0.0,0.0,0.0,0.0,0.0714285714285714,0.1825396825396825,0.0,0.2777777777777778,0.0,0.0,0.0,0.0,0.0,0.0,0.1349206349206349,0.2301587301587301,0.2142857142857142,0.0,0.0,0.0,0.0,0.0,0.0,0.2777777777777778,0.0,0.0,0.0,0.0,0.0,0.0,0.0,0.0,0.1031746031746031,0.2936507936507936,0.2936507936507936,0.2936507936507936,0.0396825396825396,0.1984126984126984,0.0,0.0,0.246031746031746,0.2936507936507936,0.0,0.0,0.0,0.2936507936507936,0.3412698412698413,0.0,0.0,0.0,0.0,0.0,0.0,0.0,0.0,0.0,0.0,0.0,0.0,0.0,0.2619047619047619,0.3412698412698413,0.0,0.0
227,1.1930446519611515,0.118114925685562,0.92934948189394,0.645005473803649,22.1128759402186,3.820110184880432,1.0,1.0,0.24,5.243922338905869,4.0,0.0026,0.8769322502044646,0.0,0.0,0.0,0.2142857142857142,0.0,0.0,0.0,0.0,0.0,0.0,0.0,0.0,0.0,0.0,0.0,0.0,0.0,0.0,0.0,0.0714285714285714,0.119047619047619,0.0,0.2142857142857142,0.0,0.0,0.0,0.0,0.0,0.0,0.1031746031746031,0.1507936507936507,0.1349206349206349,0.0,0.0,0.0,0.0,0.0,0.0,0.2301587301587301,0.0,0.0,0.0,0.0,0.0,0.0,0.0,0.0,0.1031746031746031,0.246031746031746,0.246031746031746,0.246031746031746,0.0,0.1984126984126984,0.0,0.0,0.1666666666666666,0.246031746031746,0.0,0.0,0.0,0.246031746031746,0.2777777777777778,0.0,0.0,0.0,0.0,0.0,0.0,0.0,0.0,0.0,0.0,0.0,0.0,0.0,0.1984126984126984,0.2777777777777778,0.0,0.0
228,0.6124162942575804,0.2294254137163343,0.9027366382081776,0.5835169780002594,3.526724256345476,4.670791944663751,1.0,1.0,0.24,4.384967451504861,4.0,0.0026,-3.3796703359606908,0.0,0.0,0.2619047619047619,0.753968253968254,0.0,0.0,0.0,0.2142857142857142,0.5158730158730159,0.0,0.0,0.0,0.0,0.4047619047619047,0.5793650793650794,0.0,0.0,0.0,0.0,0.7380952380952381,0.8015873015873016,0.2936507936507936,0.5793650793650794,0.0,0.0,0.0,0.0,0.0,0.5317460317460317,0.7698412698412699,0.7222222222222222,0.8333333333333334,0.0,0.0,0.0,0.0,0.0,0.4047619047619047,0.8492063492063492,0.0555555555555555,0.0,0.0,0.0,0.0,0.0,0.0,0.1031746031746031,0.8492063492063492,0.5793650793650794,0.626984126984127,0.8333333333333334,0.2619047619047619,0.373015873015873,0.0,0.0,0.753968253968254,0.6746031746031746,0.0,0.0,0.5158730158730159,0.9126984126984128,0.4682539682539682,0.0,0.0,0.0,0.0,0.0,0.0,0.0,0.0,0.0,0.0,0.2619047619047619,0.5,0.7063492063492064,0.9126984126984128,0.4365079365079365,0.0,0.0
229,1.744263509720558,0.1725685906768258,0.926497615380435,0.6803587879207104,4.91736108754476,2.059013566319229,1.0,1.0,0.24,18.806126719806752,4.0,0.0026,1.6548550879166757,0.0,0.0,0.0,0.119047619047619,0.0,0.0,0.0,0.0,0.0,0.0,0.0,0.0,0.0,0.0,0.0,0.0,0.0,0.0,0.0,0.0,0.0,0.0,0.119047619047619,0.0,0.0,0.0,0.0,0.0,0.0,0.0,0.0317460317460317,0.0079365079365079,0.0,0.0,0.0,0.0,0.0,0.0,0.1349206349206349,0.0,0.0,0.0,0.0,0.0,0.0,0.0,0.0,0.0,0.1507936507936507,0.1507936507936507,0.1666666666666666,0.0,0.1031746031746031,0.0,0.0,0.119047619047619,0.1825396825396825,0.0,0.0,0.0,0.119047619047619,0.1984126984126984,0.0,0.0,0.0,0.0,0.0,0.0,0.0,0.0,0.0,0.0,0.0,0.0,0.0,0.0,0.1825396825396825,0.0,0.0
230,0.7880390703137784,0.2064312253347704,0.8891789471308797,0.6243534938418596,17.946965813249975,5.987423570036435,1.0,1.0,0.24,17.943790220713563,4.0,0.0026,-1.4070356376327902,0.0,0.0,0.0,0.4365079365079365,0.0,0.0,0.0,0.0,0.2301587301587301,0.0,0.0,0.0,0.0,0.0714285714285714,0.2619047619047619,0.0,0.0,0.0,0.0,0.3571428571428571,0.4047619047619047,0.2301587301587301,0.4523809523809524,0.0,0.0,0.0,0.0,0.0,0.1031746031746031,0.4047619047619047,0.4682539682539682,0.4365079365079365,0.0,0.0,0.0,0.0,0.0,0.0,0.4682539682539682,0.0,0.0,0.0,0.0,0.0,0.0,0.0,0.0,0.4682539682539682,0.4841269841269841,0.5,0.5,0.2142857142857142,0.3253968253968254,0.0,0.0,0.4206349206349206,0.5158730158730159,0.0,0.0,0.119047619047619,0.5158730158730159,0.4365079365079365,0.0,0.0,0.0,0.0,0.0,0.0,0.0,0.0,0.0,0.0,0.0,0.1507936507936507,0.3888888888888889,0.5158730158730159,0.4206349206349206,0.0,0.0
231,0.5910635923667302,0.1344899622936927,0.9179113724832366,0.6516809715487338,18.45400784994175,12.950770260830463,1.0,1.0,0.24,5.87328067299294,4.0,0.0026,-2.0700229808361423,0.0,0.0,0.0,0.5317460317460317,0.0,0.0,0.0,0.0,0.3253968253968254,0.0,0.0,0.0,0.0,0.1984126984126984,0.3571428571428571,0.0,0.0,0.0,0.0,0.4206349206349206,0.4841269841269841,0.4682539682539682,0.5634920634920635,0.0,0.0,0.0,0.0,0.0,0.246031746031746,0.5158730158730159,0.5634920634920635,0.5634920634920635,0.0,0.0,0.0,0.0,0.0,0.1349206349206349,0.5634920634920635,0.1031746031746031,0.0,0.0,0.0,0.0,0.0,0.0,0.0,0.5634920634920635,0.5793650793650794,0.5793650793650794,0.5793650793650794,0.5793650793650794,0.4365079365079365,0.0,0.0,0.4841269841269841,0.5793650793650794,0.0,0.0,0.2619047619047619,0.5793650793650794,0.4682539682539682,0.0,0.0,0.0,0.0,0.0,0.0,0.0,0.0,0.0,0.0,0.0,0.2619047619047619,0.4523809523809524,0.5793650793650794,0.4365079365079365,0.0,0.0
232,0.8683019606144461,0.2216115026843496,0.8876094767396061,0.5735824916115931,6.811770017971604,2.318061979937708,1.0,1.0,0.24,15.891801992929333,4.0,0.0026,-2.0336749236166227,0.0,0.0,0.0,0.5158730158730159,0.0,0.0,0.0,0.0,0.3095238095238095,0.0,0.0,0.0,0.0,0.1507936507936507,0.3412698412698413,0.0,0.0,0.0,0.0,0.4523809523809524,0.5,0.1031746031746031,0.3571428571428571,0.0,0.0,0.0,0.0,0.0,0.2301587301587301,0.5158730158730159,0.4206349206349206,0.3174603174603174,0.0,0.0,0.0,0.0,0.0,0.0714285714285714,0.5952380952380952,0.0,0.0,0.0,0.0,0.0,0.0,0.0,0.0,0.6111111111111112,0.4523809523809524,0.4841269841269841,0.626984126984127,0.1349206349206349,0.2619047619047619,0.0,0.0,0.5,0.4206349206349206,0.0,0.0,0.2301587301587301,0.6428571428571429,0.4206349206349206,0.0,0.0,0.0,0.0,0.0,0.0,0.0,0.0,0.0,0.0,0.0,0.246031746031746,0.4682539682539682,0.5952380952380952,0.4047619047619047,0.0,0.0
233,1.894532142572594,0.1293935275107502,0.8919647049046238,0.6404086879608806,9.863949716689625,1.857128105316391,1.0,1.0,0.24,9.578646379435169,4.0,0.0026,2.026584845872287,0.0,0.0,0.0,0.1031746031746031,0.0,0.0,0.0,0.0,0.0,0.0,0.0,0.0,0.0,0.0,0.0,0.0,0.0,0.0,0.0,0.0,0.0,0.0,0.0714285714285714,0.0,0.0,0.0,0.0,0.0,0.0,0.0,0.0,0.0,0.0,0.0,0.0,0.0,0.0,0.0,0.0714285714285714,0.0,0.0,0.0,0.0,0.0,0.0,0.0,0.0,0.0,0.119047619047619,0.119047619047619,0.119047619047619,0.0,0.0714285714285714,0.0,0.0,0.0714285714285714,0.1349206349206349,0.0,0.0,0.0,0.0,0.1507936507936507,0.0,0.0,0.0,0.0,0.0,0.0,0.0,0.0,0.0,0.0,0.0,0.0,0.0,0.0,0.119047619047619,0.0,0.0
234,1.4854846759225693,0.2048498620060713,0.9080015662911504,0.6292312517239691,17.955411790418793,11.57260578900703,1.0,1.0,0.24,14.52411947110211,4.0,0.0026,1.3462407197439696,0.0,0.0,0.0,0.1507936507936507,0.0,0.0,0.0,0.0,0.0,0.0,0.0,0.0,0.0,0.0,0.0,0.0,0.0,0.0,0.0,0.0,0.0555555555555555,0.0396825396825396,0.1507936507936507,0.0,0.0,0.0,0.0,0.0,0.0,0.0079365079365079,0.119047619047619,0.1349206349206349,0.0,0.0,0.0,0.0,0.0,0.0,0.1666666666666666,0.0,0.0,0.0,0.0,0.0,0.0,0.0,0.0,0.0,0.1825396825396825,0.1984126984126984,0.1984126984126984,0.1349206349206349,0.2142857142857142,0.0,0.0,0.1349206349206349,0.2142857142857142,0.0,0.0,0.0,0.1825396825396825,0.2301587301587301,0.0,0.0,0.0,0.0,0.0,0.0,0.0,0.0,0.0,0.0,0.0,0.0,0.0,0.119047619047619,0.2301587301587301,0.0,0.0
235,1.1826083960080482,0.1925973274927891,0.9186229555344098,0.5544743952546498,2.235143074383602,2.752221593290323,1.0,1.0,0.24,9.777746664205448,4.0,0.0026,-1.7524095567907676,0.0,0.0,0.0,0.5,0.0,0.0,0.0,0.0,0.2301587301587301,0.0,0.0,0.0,0.0,0.0634920634920634,0.2936507936507936,0.0,0.0,0.0,0.0,0.4206349206349206,0.4682539682539682,0.0238095238095238,0.2936507936507936,0.0,0.0,0.0,0.0,0.0,0.1349206349206349,0.4682539682539682,0.373015873015873,0.3253968253968254,0.0,0.0,0.0,0.0,0.0,0.0,0.5793650793650794,0.0,0.0,0.0,0.0,0.0,0.0,0.0,0.0,0.5158730158730159,0.4365079365079365,0.4682539682539682,0.6111111111111112,0.0,0.2142857142857142,0.0,0.0,0.5,0.3888888888888889,0.0,0.0,0.1349206349206349,0.6428571428571429,0.4047619047619047,0.0,0.0,0.0,0.0,0.0,0.0,0.0,0.0,0.0,0.0,0.0,0.2142857142857142,0.4206349206349206,0.5476190476190477,0.3888888888888889,0.0,0.0
236,1.7405590726228828,0.1366240772658419,0.9197418988666192,0.636771472252482,12.829607378287456,1.890751163955286,1.0,1.0,0.24,1.1480146712784849,4.0,0.0026,1.9965673914602693,0.0,0.0,0.0,0.119047619047619,0.0,0.0,0.0,0.0,0.0,0.0,0.0,0.0,0.0,0.0,0.0,0.0,0.0,0.0,0.0,0.0,0.0,0.0,0.0714285714285714,0.0,0.0,0.0,0.0,0.0,0.0,0.0,0.0,0.0,0.0,0.0,0.0,0.0,0.0,0.0,0.0714285714285714,0.0,0.0,0.0,0.0,0.0,0.0,0.0,0.0,0.0,0.119047619047619,0.119047619047619,0.119047619047619,0.0,0.1031746031746031,0.0,0.0,0.0714285714285714,0.1349206349206349,0.0,0.0,0.0,0.0,0.1507936507936507,0.0,0.0,0.0,0.0,0.0,0.0,0.0,0.0,0.0,0.0,0.0,0.0,0.0,0.0,0.1349206349206349,0.0,0.0
237,1.2860241262129468,0.1157606777342031,0.8922450990081547,0.5542973795769224,7.155479569636052,3.2808846256685182,1.0,1.0,0.24,12.277088841930238,4.0,0.0026,-0.4767790959409622,0.0,0.0,0.0,0.3412698412698413,0.0,0.0,0.0,0.0,0.0,0.0,0.0,0.0,0.0,0.0,0.1666666666666666,0.0,0.0,0.0,0.0,0.246031746031746,0.2936507936507936,0.0,0.2936507936507936,0.0,0.0,0.0,0.0,0.0,0.0,0.2777777777777778,0.373015873015873,0.2142857142857142,0.0,0.0,0.0,0.0,0.0,0.0,0.3888888888888889,0.0,0.0,0.0,0.0,0.0,0.0,0.0,0.0,0.2777777777777778,0.4047619047619047,0.4047619047619047,0.4206349206349206,0.0,0.1825396825396825,0.0,0.0,0.3253968253968254,0.3571428571428571,0.0,0.0,0.0,0.4365079365079365,0.3888888888888889,0.0,0.0,0.0,0.0,0.0,0.0,0.0,0.0,0.0,0.0,0.0,0.0,0.246031746031746,0.4047619047619047,0.3888888888888889,0.0,0.0
238,1.7873898082296402,0.2096864335306334,0.8952028192586395,0.6659996504743215,11.839017157430252,9.437255764289384,1.0,1.0,0.24,18.654620131782032,4.0,0.0026,1.9686285902985805,0.0,0.0,0.0,0.119047619047619,0.0,0.0,0.0,0.0,0.0,0.0,0.0,0.0,0.0,0.0,0.0,0.0,0.0,0.0,0.0,0.0,0.0,0.0,0.0714285714285714,0.0,0.0,0.0,0.0,0.0,0.0,0.0,0.0,0.0,0.0,0.0,0.0,0.0,0.0,0.0,0.0714285714285714,0.0,0.0,0.0,0.0,0.0,0.0,0.0,0.0,0.0,0.119047619047619,0.119047619047619,0.119047619047619,0.0,0.119047619047619,0.0,0.0,0.0714285714285714,0.1349206349206349,0.0,0.0,0.0,0.0,0.1507936507936507,0.0,0.0,0.0,0.0,0.0,0.0,0.0,0.0,0.0,0.0,0.0,0.0,0.0,0.0,0.1349206349206349,0.0,0.0
239,1.4329718922769128,0.1166265543779783,0.9099286042878524,0.5624137546374418,7.305538090985062,9.632697542795468,1.0,1.0,0.24,7.765724903837034,4.0,0.0026,0.2193304919352636,0.0,0.0,0.0,0.2777777777777778,0.0,0.0,0.0,0.0,0.0,0.0,0.0,0.0,0.0,0.0,0.0396825396825396,0.0,0.0,0.0,0.0,0.1666666666666666,0.2301587301587301,0.0396825396825396,0.2936507936507936,0.0,0.0,0.0,0.0,0.0,0.0,0.1666666666666666,0.2777777777777778,0.2301587301587301,0.0,0.0,0.0,0.0,0.0,0.0,0.2936507936507936,0.0,0.0,0.0,0.0,0.0,0.0,0.0,0.0,0.1666666666666666,0.3253968253968254,0.3253968253968254,0.3412698412698413,0.1349206349206349,0.2301587301587301,0.0,0.0,0.2619047619047619,0.3571428571428571,0.0,0.0,0.0,0.3571428571428571,0.373015873015873,0.0,0.0,0.0,0.0,0.0,0.0,0.0,0.0,0.0,0.0,0.0,0.0,0.119047619047619,0.2936507936507936,0.373015873015873,0.0,0.0
240,0.687959603348127,0.1672926865486326,0.9252606626296196,0.5346122117033835,20.17834083360425,1.6362460146959712,1.0,1.0,0.24,17.169510590764826,4.0,0.0026,-1.617476608558163,0.0,0.0,0.0,0.4523809523809524,0.0,0.0,0.0,0.0,0.2936507936507936,0.0,0.0,0.0,0.0,0.119047619047619,0.2777777777777778,0.0,0.0,0.0,0.0,0.3888888888888889,0.4523809523809524,0.0714285714285714,0.3571428571428571,0.0,0.0,0.0,0.0,0.0,0.1349206349206349,0.4206349206349206,0.3888888888888889,0.2777777777777778,0.0,0.0,0.0,0.0,0.0,0.0714285714285714,0.5158730158730159,0.0,0.0,0.0,0.0,0.0,0.0,0.0,0.0,0.5158730158730159,0.4523809523809524,0.4682539682539682,0.5317460317460317,0.119047619047619,0.2777777777777778,0.0,0.0,0.4206349206349206,0.4047619047619047,0.0,0.0,0.1825396825396825,0.5476190476190477,0.4523809523809524,0.0,0.0,0.0,0.0,0.0,0.0,0.0,0.0,0.0,0.0,0.0,0.1666666666666666,0.4047619047619047,0.5634920634920635,0.4206349206349206,0.0,0.0
241,1.2365932537171809,0.1549152255962991,0.888135100037959,0.5863502972404913,4.196345145531399,9.919238220273002,1.0,1.0,0.24,18.16590263586588,4.0,0.0026,-1.0965082412533345,0.0,0.0,0.0,0.4206349206349206,0.0,0.0,0.0,0.0,0.0396825396825396,0.0,0.0,0.0,0.0,0.0,0.2301587301587301,0.0,0.0,0.0,0.0,0.2936507936507936,0.3571428571428571,0.119047619047619,0.4206349206349206,0.0,0.0,0.0,0.0,0.0,0.0,0.373015873015873,0.4365079365079365,0.3333333333333333,0.0,0.0,0.0,0.0,0.0,0.0,0.4523809523809524,0.0,0.0,0.0,0.0,0.0,0.0,0.0,0.0,0.4047619047619047,0.4365079365079365,0.4682539682539682,0.4682539682539682,0.1666666666666666,0.2619047619047619,0.0,0.0,0.4206349206349206,0.4682539682539682,0.0,0.0,0.0,0.5,0.4047619047619047,0.0,0.0,0.0,0.0,0.0,0.0,0.0,0.0,0.0,0.0,0.0,0.0317460317460317,0.2936507936507936,0.4365079365079365,0.3888888888888889,0.0,0.0
242,0.9294383522130676,0.2217840231670902,0.8961255934869292,0.63222153100265,24.45067250557484,5.433017345593695,1.0,1.0,0.24,11.68298142123815,4.0,0.0026,-0.3770208471229527,0.0,0.0,0.0,0.3571428571428571,0.0,0.0,0.0,0.0,0.0079365079365079,0.0,0.0,0.0,0.0,0.0,0.1507936507936507,0.0,0.0,0.0,0.0,0.2301587301587301,0.2777777777777778,0.119047619047619,0.3571428571428571,0.0,0.0,0.0,0.0,0.0,0.0,0.2777777777777778,0.3571428571428571,0.2777777777777778,0.0,0.0,0.0,0.0,0.0,0.0,0.373015873015873,0.0,0.0,0.0,0.0,0.0,0.0,0.0,0.0,0.2777777777777778,0.3888888888888889,0.3888888888888889,0.3888888888888889,0.1666666666666666,0.2936507936507936,0.0,0.0,0.3095238095238095,0.3888888888888889,0.0,0.0,0.0,0.4047619047619047,0.4206349206349206,0.0,0.0,0.0,0.0,0.0,0.0,0.0,0.0,0.0,0.0,0.0,0.0,0.2301587301587301,0.4047619047619047,0.4047619047619047,0.0,0.0
243,1.0356063927945258,0.125402830906554,0.8875927274428226,0.635071682746706,19.163935394337,7.5992496319936835,1.0,1.0,0.24,4.850122460553822,4.0,0.0026,-0.2196121360112355,0.0,0.0,0.0,0.3412698412698413,0.0,0.0,0.0,0.0,0.0,0.0,0.0,0.0,0.0,0.0,0.119047619047619,0.0,0.0,0.0,0.0,0.2142857142857142,0.2619047619047619,0.1349206349206349,0.3412698412698413,0.0,0.0,0.0,0.0,0.0,0.0,0.2619047619047619,0.3412698412698413,0.2936507936507936,0.0,0.0,0.0,0.0,0.0,0.0,0.3571428571428571,0.0,0.0,0.0,0.0,0.0,0.0,0.0,0.0,0.246031746031746,0.373015873015873,0.373015873015873,0.373015873015873,0.1825396825396825,0.2936507936507936,0.0,0.0,0.2936507936507936,0.3888888888888889,0.0,0.0,0.0,0.3888888888888889,0.4047619047619047,0.0,0.0,0.0,0.0,0.0,0.0,0.0,0.0,0.0,0.0,0.0,0.0,0.2142857142857142,0.4047619047619047,0.3888888888888889,0.0,0.0
244,1.7924733267924635,0.1632586113056063,0.907519128647204,0.680991626965516,8.992774702264338,3.178992459657352,1.0,1.0,0.24,18.02526932539789,4.0,0.0026,2.0023830418198147,0.0,0.0,0.0,0.119047619047619,0.0,0.0,0.0,0.0,0.0,0.0,0.0,0.0,0.0,0.0,0.0,0.0,0.0,0.0,0.0,0.0,0.0,0.0,0.0714285714285714,0.0,0.0,0.0,0.0,0.0,0.0,0.0,0.0,0.0,0.0,0.0,0.0,0.0,0.0,0.0,0.0714285714285714,0.0,0.0,0.0,0.0,0.0,0.0,0.0,0.0,0.0,0.1031746031746031,0.119047619047619,0.119047619047619,0.0,0.119047619047619,0.0,0.0,0.0714285714285714,0.1349206349206349,0.0,0.0,0.0,0.0,0.1507936507936507,0.0,0.0,0.0,0.0,0.0,0.0,0.0,0.0,0.0,0.0,0.0,0.0,0.0,0.0,0.119047619047619,0.0,0.0
245,1.1869408791287204,0.1769192083929424,0.8946580520082865,0.6476277485858412,7.545879432385744,10.618816046285875,1.0,1.0,0.24,5.932675343960315,4.0,0.0026,-0.1726669946532495,0.0,0.0,0.0,0.3412698412698413,0.0,0.0,0.0,0.0,0.0,0.0,0.0,0.0,0.0,0.0,0.119047619047619,0.0,0.0,0.0,0.0,0.2142857142857142,0.2619047619047619,0.119047619047619,0.3412698412698413,0.0,0.0,0.0,0.0,0.0,0.0,0.246031746031746,0.3412698412698413,0.2936507936507936,0.0,0.0,0.0,0.0,0.0,0.0,0.3571428571428571,0.0,0.0,0.0,0.0,0.0,0.0,0.0,0.0,0.246031746031746,0.373015873015873,0.373015873015873,0.373015873015873,0.1666666666666666,0.2777777777777778,0.0,0.0,0.2936507936507936,0.3888888888888889,0.0,0.0,0.0,0.4047619047619047,0.4047619047619047,0.0,0.0,0.0,0.0,0.0,0.0,0.0,0.0,0.0,0.0,0.0,0.0,0.2142857142857142,0.3888888888888889,0.3888888888888889,0.0,0.0
246,0.6990794403225324,0.1477487369253164,0.9226211251742146,0.6264838868281347,16.84028051080088,6.079570379233909,1.0,1.0,0.24,15.60542429074129,4.0,0.0026,-1.551445928088247,0.0,0.0,0.0,0.4523809523809524,0.0,0.0,0.0,0.0,0.2619047619047619,0.0,0.0,0.0,0.0,0.1031746031746031,0.2619047619047619,0.0,0.0,0.0,0.0,0.3571428571428571,0.4206349206349206,0.2619047619047619,0.4682539682539682,0.0,0.0,0.0,0.0,0.0,0.119047619047619,0.4206349206349206,0.4682539682539682,0.4682539682539682,0.0,0.0,0.0,0.0,0.0,0.0238095238095238,0.4841269841269841,0.0,0.0,0.0,0.0,0.0,0.0,0.0,0.0,0.5,0.5,0.5158730158730159,0.5158730158730159,0.246031746031746,0.3412698412698413,0.0,0.0,0.4206349206349206,0.5158730158730159,0.0,0.0,0.1507936507936507,0.5158730158730159,0.4523809523809524,0.0,0.0,0.0,0.0,0.0,0.0,0.0,0.0,0.0,0.0,0.0,0.1666666666666666,0.3888888888888889,0.5317460317460317,0.4206349206349206,0.0,0.0
247,1.9396375301606807,0.1230176553202991,0.9161075860781824,0.5641577678291189,13.486399119768578,5.8488864284751525,1.0,1.0,0.24,11.783465982465971,4.0,0.0026,2.242753538968315,0.0,0.0,0.0,0.1031746031746031,0.0,0.0,0.0,0.0,0.0,0.0,0.0,0.0,0.0,0.0,0.0,0.0,0.0,0.0,0.0,0.0,0.0,0.0,0.0714285714285714,0.0,0.0,0.0,0.0,0.0,0.0,0.0,0.0,0.0,0.0,0.0,0.0,0.0,0.0,0.0,0.0714285714285714,0.0,0.0,0.0,0.0,0.0,0.0,0.0,0.0,0.0,0.0873015873015873,0.1031746031746031,0.1031746031746031,0.0,0.1031746031746031,0.0,0.0,0.0555555555555555,0.119047619047619,0.0,0.0,0.0,0.0,0.1349206349206349,0.0,0.0,0.0,0.0,0.0,0.0,0.0,0.0,0.0,0.0,0.0,0.0,0.0,0.0,0.119047619047619,0.0,0.0
248,1.887349127234445,0.2127509946641235,0.917527454452548,0.645526030257739,4.51515059136563,6.852108508944216,1.0,1.0,0.24,19.01282217863791,4.0,0.0026,1.710289394838566,0.0,0.0,0.0,0.119047619047619,0.0,0.0,0.0,0.0,0.0,0.0,0.0,0.0,0.0,0.0,0.0,0.0,0.0,0.0,0.0,0.0,0.0,0.0,0.119047619047619,0.0,0.0,0.0,0.0,0.0,0.0,0.0,0.0317460317460317,0.0714285714285714,0.0,0.0,0.0,0.0,0.0,0.0,0.119047619047619,0.0,0.0,0.0,0.0,0.0,0.0,0.0,0.0,0.0,0.1507936507936507,0.1507936507936507,0.1666666666666666,0.0,0.1349206349206349,0.0,0.0,0.119047619047619,0.1825396825396825,0.0,0.0,0.0,0.119047619047619,0.2142857142857142,0.0,0.0,0.0,0.0,0.0,0.0,0.0,0.0,0.0,0.0,0.0,0.0,0.0,0.0,0.1984126984126984,0.0,0.0
249,0.875717310959098,0.1667540230468167,0.891830717923745,0.5372099901127001,14.605340667922196,2.2615893878352464,1.0,1.0,0.24,17.182997985621583,4.0,0.0026,-1.4408808274065938,0.0,0.0,0.0,0.4365079365079365,0.0,0.0,0.0,0.0,0.2619047619047619,0.0,0.0,0.0,0.0,0.0317460317460317,0.2619047619047619,0.0,0.0,0.0,0.0,0.373015873015873,0.4206349206349206,0.0714285714285714,0.3412698412698413,0.0,0.0,0.0,0.0,0.0,0.1031746031746031,0.4047619047619047,0.4047619047619047,0.2619047619047619,0.0,0.0,0.0,0.0,0.0,0.0,0.5,0.0,0.0,0.0,0.0,0.0,0.0,0.0,0.0,0.5,0.4365079365079365,0.4523809523809524,0.5158730158730159,0.119047619047619,0.2619047619047619,0.0,0.0,0.4206349206349206,0.4047619047619047,0.0,0.0,0.119047619047619,0.5317460317460317,0.4206349206349206,0.0,0.0,0.0,0.0,0.0,0.0,0.0,0.0,0.0,0.0,0.0,0.1349206349206349,0.3888888888888889,0.5317460317460317,0.4047619047619047,0.0,0.0
250,0.5971696313244741,0.2014361145114487,0.90709606827961,0.5192253591148337,4.980756744091121,5.450949405628749,1.0,1.0,0.24,13.992316285220625,4.0,0.0026,-3.9656283675112265,0.0,0.0,0.2619047619047619,0.7698412698412699,0.0,0.0,0.0,0.246031746031746,0.5158730158730159,0.0,0.0,0.0,0.0,0.4206349206349206,0.5952380952380952,0.0,0.0,0.0,0.0,0.753968253968254,0.8333333333333334,0.2936507936507936,0.6904761904761905,0.0,0.0,0.0,0.0,0.0,0.5793650793650794,0.8015873015873016,0.8015873015873016,0.8650793650793651,0.0,0.0,0.0,0.0,0.0,0.4047619047619047,0.9126984126984128,0.1031746031746031,0.0,0.0,0.0,0.0,0.0,0.0,0.119047619047619,0.9126984126984128,0.5793650793650794,0.626984126984127,0.8492063492063492,0.2936507936507936,0.3888888888888889,0.0,0.0,0.7698412698412699,0.7380952380952381,0.0,0.0,0.5476190476190477,0.9285714285714286,0.4682539682539682,0.0,0.0,0.0,0.0,0.0,0.0,0.0,0.0,0.0,0.0,0.2777777777777778,0.5,0.7063492063492064,0.9285714285714286,0.4365079365079365,0.0,0.0
251,0.7841175065378461,0.115150904724436,0.9078569593135358,0.5547535481619358,18.1544517667466,4.3168322488865565,1.0,1.0,0.24,9.106188812160235,4.0,0.0026,-1.4055854810714838,0.0,0.0,0.0,0.4365079365079365,0.0,0.0,0.0,0.0,0.2619047619047619,0.0,0.0,0.0,0.0,0.0714285714285714,0.2619047619047619,0.0,0.0,0.0,0.0,0.3571428571428571,0.4206349206349206,0.1507936507936507,0.4365079365079365,0.0,0.0,0.0,0.0,0.0,0.1031746031746031,0.4047619047619047,0.4523809523809524,0.3571428571428571,0.0,0.0,0.0,0.0,0.0,0.0,0.4682539682539682,0.0,0.0,0.0,0.0,0.0,0.0,0.0,0.0,0.4841269841269841,0.4682539682539682,0.4841269841269841,0.5158730158730159,0.1825396825396825,0.2936507936507936,0.0,0.0,0.4206349206349206,0.4682539682539682,0.0,0.0,0.1349206349206349,0.5158730158730159,0.4365079365079365,0.0,0.0,0.0,0.0,0.0,0.0,0.0,0.0,0.0,0.0,0.0,0.1349206349206349,0.3888888888888889,0.5317460317460317,0.4206349206349206,0.0,0.0
252,0.8849005310720938,0.1509753916198038,0.8889913712369838,0.5908745649747935,3.976254388482602,11.50945506828287,1.0,1.0,0.24,17.784643695874372,4.0,0.0026,-2.791291322903094,0.0,0.0,0.0,0.5793650793650794,0.0,0.0,0.0,0.0,0.3412698412698413,0.0,0.0,0.0,0.0,0.2301587301587301,0.3888888888888889,0.0,0.0,0.0,0.0,0.5,0.5793650793650794,0.2777777777777778,0.5793650793650794,0.0,0.0,0.0,0.0,0.0,0.2777777777777778,0.5793650793650794,0.6428571428571429,0.6428571428571429,0.0,0.0,0.0,0.0,0.0,0.1349206349206349,0.6587301587301587,0.0,0.0,0.0,0.0,0.0,0.0,0.0,0.0,0.6587301587301587,0.5317460317460317,0.5793650793650794,0.6746031746031746,0.2619047619047619,0.3412698412698413,0.0,0.0,0.5793650793650794,0.6904761904761905,0.0,0.0,0.2619047619047619,0.6904761904761905,0.4206349206349206,0.0,0.0,0.0,0.0,0.0,0.0,0.0,0.0,0.0,0.0,0.0,0.2936507936507936,0.5158730158730159,0.6746031746031746,0.4047619047619047,0.0,0.0
253,0.7719058064494985,0.1692989063057968,0.8965686514583646,0.6658744571821495,12.253920378804244,13.10499427388688,1.0,1.0,0.24,7.195723826870039,4.0,0.0026,-1.4836800443059996,0.0,0.0,0.0,0.4682539682539682,0.0,0.0,0.0,0.0,0.2619047619047619,0.0,0.0,0.0,0.0,0.119047619047619,0.2936507936507936,0.0,0.0,0.0,0.0,0.3571428571428571,0.4206349206349206,0.3571428571428571,0.5,0.0,0.0,0.0,0.0,0.0,0.1349206349206349,0.4365079365079365,0.5,0.5,0.0,0.0,0.0,0.0,0.0,0.0317460317460317,0.5,0.0,0.0,0.0,0.0,0.0,0.0,0.0,0.0,0.5,0.5158730158730159,0.5158730158730159,0.5158730158730159,0.365079365079365,0.373015873015873,0.0,0.0,0.4365079365079365,0.5158730158730159,0.0,0.0,0.1666666666666666,0.5158730158730159,0.4365079365079365,0.0,0.0,0.0,0.0,0.0,0.0,0.0,0.0,0.0,0.0,0.0,0.1825396825396825,0.4047619047619047,0.5317460317460317,0.4206349206349206,0.0,0.0
254,1.6602797160597051,0.1626546226079899,0.9052711307195912,0.5204565549669156,5.898525818456516,9.132699066553112,1.0,1.0,0.24,8.207949301713104,4.0,0.0026,0.4481749878194568,0.0,0.0,0.0,0.2619047619047619,0.0,0.0,0.0,0.0,0.0,0.0,0.0,0.0,0.0,0.0,0.0,0.0,0.0,0.0,0.0,0.119047619047619,0.2142857142857142,0.0,0.2777777777777778,0.0,0.0,0.0,0.0,0.0,0.0,0.1349206349206349,0.246031746031746,0.1825396825396825,0.0,0.0,0.0,0.0,0.0,0.0,0.2777777777777778,0.0,0.0,0.0,0.0,0.0,0.0,0.0,0.0,0.1349206349206349,0.2936507936507936,0.2936507936507936,0.2936507936507936,0.0317460317460317,0.1825396825396825,0.0,0.0,0.246031746031746,0.3253968253968254,0.0,0.0,0.0,0.3412698412698413,0.3571428571428571,0.0,0.0,0.0,0.0,0.0,0.0,0.0,0.0,0.0,0.0,0.0,0.0,0.0396825396825396,0.2619047619047619,0.3571428571428571,0.0,0.0
255,0.9106254118937208,0.1327933691286503,0.9256611169877526,0.5929271790699407,22.805697617810964,10.41388909544238,1.0,1.0,0.24,0.7286767590060866,4.0,0.0026,-0.2274822555284765,0.0,0.0,0.0,0.3412698412698413,0.0,0.0,0.0,0.0,0.0079365079365079,0.0,0.0,0.0,0.0,0.0,0.1666666666666666,0.0,0.0,0.0,0.0,0.2301587301587301,0.2777777777777778,0.246031746031746,0.3571428571428571,0.0,0.0,0.0,0.0,0.0,0.0,0.2777777777777778,0.3571428571428571,0.3571428571428571,0.0,0.0,0.0,0.0,0.0,0.0,0.3571428571428571,0.0,0.0,0.0,0.0,0.0,0.0,0.0,0.0,0.3253968253968254,0.373015873015873,0.373015873015873,0.3888888888888889,0.2301587301587301,0.3253968253968254,0.0,0.0,0.2936507936507936,0.3888888888888889,0.0,0.0,0.0,0.4047619047619047,0.4047619047619047,0.0,0.0,0.0,0.0,0.0,0.0,0.0,0.0,0.0,0.0,0.0,0.0,0.2301587301587301,0.4047619047619047,0.4047619047619047,0.0,0.0
256,0.6024694069700097,0.231214857290347,0.9192560177477568,0.5962184751701779,14.575138052508128,10.19238699585619,1.0,1.0,0.24,13.66545483075563,4.0,0.0026,-2.371188666290946,0.0,0.0,0.0555555555555555,0.5634920634920635,0.0,0.0,0.0,0.0,0.3571428571428571,0.0,0.0,0.0,0.0,0.2142857142857142,0.373015873015873,0.0,0.0,0.0,0.0,0.4682539682539682,0.5476190476190477,0.4206349206349206,0.5952380952380952,0.0,0.0,0.0,0.0,0.0,0.2619047619047619,0.5793650793650794,0.5952380952380952,0.5952380952380952,0.0,0.0,0.0,0.0,0.0,0.1507936507936507,0.5952380952380952,0.0793650793650793,0.0,0.0,0.0,0.0,0.0,0.0,0.0,0.6111111111111112,0.6111111111111112,0.626984126984127,0.626984126984127,0.6428571428571429,0.4206349206349206,0.0,0.0,0.5158730158730159,0.6428571428571429,0.0,0.0,0.2936507936507936,0.6428571428571429,0.4682539682539682,0.0,0.0,0.0,0.0,0.0,0.0,0.0,0.0,0.0,0.0,0.0,0.2936507936507936,0.5,0.6428571428571429,0.4365079365079365,0.0,0.0
257,0.7223018571623884,0.2277361434248135,0.898965041665947,0.569588011297496,13.76314177480719,14.620547454636675,1.0,1.0,0.24,15.265927079790956,4.0,0.0026,-2.2067553961442887,0.0,0.0,0.0,0.5476190476190477,0.0,0.0,0.0,0.0,0.3253968253968254,0.0,0.0,0.0,0.0,0.1825396825396825,0.3571428571428571,0.0,0.0,0.0,0.0,0.4365079365079365,0.5158730158730159,0.4047619047619047,0.5793650793650794,0.0,0.0,0.0,0.0,0.0,0.246031746031746,0.5317460317460317,0.5793650793650794,0.5793650793650794,0.0,0.0,0.0,0.0,0.0,0.119047619047619,0.5793650793650794,0.1031746031746031,0.0,0.0,0.0,0.0,0.0,0.0,0.0,0.5793650793650794,0.5952380952380952,0.5952380952380952,0.6111111111111112,0.6111111111111112,0.4047619047619047,0.0,0.0,0.4841269841269841,0.6111111111111112,0.0,0.0,0.246031746031746,0.6111111111111112,0.4523809523809524,0.0,0.0,0.0,0.0,0.0,0.0,0.0,0.0,0.0,0.0,0.0,0.2619047619047619,0.4682539682539682,0.626984126984127,0.4206349206349206,0.0,0.0
258,1.5349377030825078,0.1411667012939292,0.9128777378571542,0.5321184856178142,19.237510812805123,12.826112520514508,1.0,1.0,0.24,14.051597108738834,4.0,0.0026,1.2654256308504408,0.0,0.0,0.0,0.1666666666666666,0.0,0.0,0.0,0.0,0.0,0.0,0.0,0.0,0.0,0.0,0.0,0.0,0.0,0.0,0.0,0.0,0.0873015873015873,0.0396825396825396,0.1825396825396825,0.0,0.0,0.0,0.0,0.0,0.0,0.0079365079365079,0.1349206349206349,0.1349206349206349,0.0,0.0,0.0,0.0,0.0,0.0,0.1984126984126984,0.0,0.0,0.0,0.0,0.0,0.0,0.0,0.0,0.0,0.2142857142857142,0.2142857142857142,0.2142857142857142,0.1349206349206349,0.2142857142857142,0.0,0.0,0.1349206349206349,0.2301587301587301,0.0,0.0,0.0,0.2142857142857142,0.246031746031746,0.0,0.0,0.0,0.0,0.0,0.0,0.0,0.0,0.0,0.0,0.0,0.0,0.0,0.1507936507936507,0.246031746031746,0.0,0.0
259,0.7777570565482315,0.1400423263129686,0.8906315992517061,0.5130704175386003,14.158111082988343,8.023833990863835,1.0,1.0,0.24,5.302346373051868,4.0,0.0026,-2.048354270730645,0.0,0.0,0.0,0.5158730158730159,0.0,0.0,0.0,0.0,0.3253968253968254,0.0,0.0,0.0,0.0,0.1666666666666666,0.3571428571428571,0.0,0.0,0.0,0.0,0.4365079365079365,0.5158730158730159,0.2619047619047619,0.5634920634920635,0.0,0.0,0.0,0.0,0.0,0.2301587301587301,0.5158730158730159,0.5793650793650794,0.5793650793650794,0.0,0.0,0.0,0.0,0.0,0.0714285714285714,0.5793650793650794,0.0,0.0,0.0,0.0,0.0,0.0,0.0,0.0,0.5793650793650794,0.5158730158730159,0.5476190476190477,0.6111111111111112,0.2619047619047619,0.3412698412698413,0.0,0.0,0.4841269841269841,0.6111111111111112,0.0,0.0,0.246031746031746,0.626984126984127,0.4365079365079365,0.0,0.0,0.0,0.0,0.0,0.0,0.0,0.0,0.0,0.0,0.0,0.246031746031746,0.4682539682539682,0.626984126984127,0.4206349206349206,0.0,0.0
260,0.629039279917612,0.2274738427417522,0.9165146091617962,0.6118297338489995,6.221440588955549,4.776353157450777,1.0,1.0,0.24,1.1681280761420396,4.0,0.0026,-2.3624146012738785,0.0,0.0,0.1507936507936507,0.626984126984127,0.0,0.0,0.0,0.0714285714285714,0.373015873015873,0.0,0.0,0.0,0.0,0.2619047619047619,0.4206349206349206,0.0,0.0,0.0,0.0,0.5793650793650794,0.6428571428571429,0.2619047619047619,0.5476190476190477,0.0,0.0,0.0,0.0,0.0,0.3888888888888889,0.626984126984127,0.6904761904761905,0.6904761904761905,0.0,0.0,0.0,0.0,0.0,0.2301587301587301,0.6904761904761905,0.0,0.0,0.0,0.0,0.0,0.0,0.0,0.0,0.7063492063492064,0.5317460317460317,0.5634920634920635,0.7222222222222222,0.246031746031746,0.3571428571428571,0.0,0.0,0.5952380952380952,0.6111111111111112,0.0,0.0,0.3253968253968254,0.7222222222222222,0.4682539682539682,0.0,0.0,0.0,0.0,0.0,0.0,0.0,0.0,0.0,0.0,0.1349206349206349,0.3888888888888889,0.5793650793650794,0.7222222222222222,0.4365079365079365,0.0,0.0
261,0.6299678381347232,0.1399312669844648,0.8924768768255852,0.5137397647616818,1.3598895864129068,10.328079243785243,1.0,1.0,0.24,8.807753038899147,4.0,0.0026,-5.384226714791064,0.0,0.2619047619047619,0.5793650793650794,0.8888888888888888,0.0,0.0,0.0,0.373015873015873,0.8650793650793651,0.0,0.0,0.0,0.0,0.8650793650793651,0.9603174603174603,0.0,0.0,0.0,0.0,1.0,1.0,0.5,0.8968253968253969,0.1111111111111111,0.0,0.0,0.0,0.246031746031746,0.873015873015873,1.0,0.9603174603174603,1.0,0.0,0.0,0.0,0.0,0.0,0.753968253968254,1.0,0.1428571428571428,0.0,0.0,0.0,0.0,0.0,0.1507936507936507,0.3888888888888889,1.0,0.7222222222222222,0.8015873015873016,1.0,0.8968253968253969,0.4206349206349206,0.0,0.0,1.0,0.9603174603174603,0.0,0.2619047619047619,0.8650793650793651,1.0,0.4682539682539682,0.0,0.0,0.0,0.0,0.0,0.0,0.0,0.0,0.0,0.2619047619047619,0.4682539682539682,0.8253968253968254,1.0,1.0,0.4365079365079365,0.0,0.0
262,1.0984924994962233,0.1303029130531648,0.9191953230465733,0.601259252988249,8.464576484284034,13.570326102602015,1.0,1.0,0.24,0.8283901488066393,4.0,0.0026,-0.3912878943537403,0.0,0.0,0.0,0.373015873015873,0.0,0.0,0.0,0.0,0.0079365079365079,0.0,0.0,0.0,0.0,0.0,0.1825396825396825,0.0,0.0,0.0,0.0,0.2619047619047619,0.2936507936507936,0.2142857142857142,0.3888888888888889,0.0,0.0,0.0,0.0,0.0,0.0,0.2936507936507936,0.373015873015873,0.3888888888888889,0.0,0.0,0.0,0.0,0.0,0.0,0.3888888888888889,0.0,0.0,0.0,0.0,0.0,0.0,0.0,0.0,0.3571428571428571,0.4047619047619047,0.4047619047619047,0.4206349206349206,0.2142857142857142,0.2936507936507936,0.0,0.0,0.3253968253968254,0.4206349206349206,0.0,0.0,0.0,0.4206349206349206,0.4047619047619047,0.0,0.0,0.0,0.0,0.0,0.0,0.0,0.0,0.0,0.0,0.0,0.0,0.246031746031746,0.4206349206349206,0.3888888888888889,0.0,0.0
263,0.5654950077625143,0.1442641349674862,0.917724830107177,0.6783549319594517,9.218067262978249,13.590367542300068,1.0,1.0,0.24,19.47588286933925,4.0,0.0026,-3.057070614979669,0.0,0.0,0.1349206349206349,0.6111111111111112,0.0,0.0,0.0,0.0317460317460317,0.3571428571428571,0.0,0.0,0.0,0.0,0.2619047619047619,0.3888888888888889,0.0,0.0,0.0,0.0,0.5,0.5793650793650794,0.5793650793650794,0.6428571428571429,0.0555555555555555,0.0,0.0,0.0,0.0,0.3571428571428571,0.626984126984127,0.6428571428571429,0.6428571428571429,0.0,0.0,0.0,0.0,0.0,0.2301587301587301,0.6428571428571429,0.1269841269841269,0.0,0.0,0.0,0.0,0.0,0.0,0.0,0.6428571428571429,0.6587301587301587,0.6587301587301587,0.6587301587301587,0.6587301587301587,0.4523809523809524,0.0,0.0,0.5634920634920635,0.6587301587301587,0.0,0.0,0.3412698412698413,0.6587301587301587,0.4682539682539682,0.0,0.0,0.0,0.0,0.0,0.0,0.0,0.0,0.0,0.0,0.1031746031746031,0.3412698412698413,0.5317460317460317,0.6746031746031746,0.4365079365079365,0.0,0.0
264,1.0895111275874096,0.155340781360777,0.908176526991925,0.6847015017427611,6.109110042245659,12.508266751599155,1.0,1.0,0.24,18.36066200237666,4.0,0.0026,-0.4830569750354538,0.0,0.0,0.0,0.3571428571428571,0.0,0.0,0.0,0.0,0.0,0.0,0.0,0.0,0.0,0.0,0.1507936507936507,0.0,0.0,0.0,0.0,0.2301587301587301,0.2777777777777778,0.2142857142857142,0.3571428571428571,0.0,0.0,0.0,0.0,0.0,0.0,0.2777777777777778,0.3571428571428571,0.3571428571428571,0.0,0.0,0.0,0.0,0.0,0.0,0.373015873015873,0.0,0.0,0.0,0.0,0.0,0.0,0.0,0.0,0.2619047619047619,0.3888888888888889,0.3888888888888889,0.4047619047619047,0.2142857142857142,0.2936507936507936,0.0,0.0,0.3412698412698413,0.4047619047619047,0.0,0.0,0.0,0.4206349206349206,0.4047619047619047,0.0,0.0,0.0,0.0,0.0,0.0,0.0,0.0,0.0,0.0,0.0,0.0,0.2301587301587301,0.4047619047619047,0.3888888888888889,0.0,0.0
265,0.8905903292723458,0.2054843807264341,0.9171843788730992,0.543840108516802,12.80454855876586,6.261727457969734,1.0,1.0,0.24,4.563643075598817,4.0,0.0026,-1.0469139588473602,0.0,0.0,0.0,0.4206349206349206,0.0,0.0,0.0,0.0,0.2301587301587301,0.0,0.0,0.0,0.0,0.0079365079365079,0.246031746031746,0.0,0.0,0.0,0.0,0.3412698412698413,0.3888888888888889,0.1507936507936507,0.4365079365079365,0.0,0.0,0.0,0.0,0.0,0.0079365079365079,0.3888888888888889,0.4523809523809524,0.3888888888888889,0.0,0.0,0.0,0.0,0.0,0.0,0.4523809523809524,0.0,0.0,0.0,0.0,0.0,0.0,0.0,0.0,0.4682539682539682,0.4523809523809524,0.4682539682539682,0.5,0.1825396825396825,0.2936507936507936,0.0,0.0,0.4047619047619047,0.5,0.0,0.0,0.0714285714285714,0.5,0.4206349206349206,0.0,0.0,0.0,0.0,0.0,0.0,0.0,0.0,0.0,0.0,0.0,0.1031746031746031,0.373015873015873,0.5158730158730159,0.4047619047619047,0.0,0.0
266,0.5599359614868875,0.1174115985620536,0.8980835700814929,0.6346615392944353,20.924571441595383,8.873250084508658,1.0,1.0,0.24,10.43198358387452,4.0,0.0026,-2.6175841465519705,0.0,0.0,0.1031746031746031,0.5793650793650794,0.0,0.0,0.0,0.0,0.3571428571428571,0.0,0.0,0.0,0.0,0.2301587301587301,0.373015873015873,0.0,0.0,0.0,0.0,0.4682539682539682,0.5476190476190477,0.4365079365079365,0.5952380952380952,0.0,0.0,0.0,0.0,0.0,0.2936507936507936,0.5793650793650794,0.5952380952380952,0.5952380952380952,0.0,0.0,0.0,0.0,0.0,0.1666666666666666,0.5952380952380952,0.0714285714285714,0.0,0.0,0.0,0.0,0.0,0.0,0.0,0.6111111111111112,0.626984126984127,0.626984126984127,0.626984126984127,0.626984126984127,0.4206349206349206,0.0,0.0,0.5317460317460317,0.626984126984127,0.0,0.0,0.3253968253968254,0.626984126984127,0.4682539682539682,0.0,0.0,0.0,0.0,0.0,0.0,0.0,0.0,0.0,0.0,0.0317460317460317,0.2936507936507936,0.5158730158730159,0.6428571428571429,0.4365079365079365,0.0,0.0
267,1.6321776646034836,0.1405950787946936,0.913479312408032,0.6123567851746815,18.13992314578392,2.4903393603480524,1.0,1.0,0.24,11.275851186711556,4.0,0.0026,1.7772639747316148,0.0,0.0,0.0,0.119047619047619,0.0,0.0,0.0,0.0,0.0,0.0,0.0,0.0,0.0,0.0,0.0,0.0,0.0,0.0,0.0,0.0,0.0,0.0,0.0873015873015873,0.0,0.0,0.0,0.0,0.0,0.0,0.0,0.0079365079365079,0.0079365079365079,0.0,0.0,0.0,0.0,0.0,0.0,0.119047619047619,0.0,0.0,0.0,0.0,0.0,0.0,0.0,0.0,0.0,0.1349206349206349,0.1349206349206349,0.1349206349206349,0.0,0.119047619047619,0.0,0.0,0.0714285714285714,0.1666666666666666,0.0,0.0,0.0,0.0714285714285714,0.1825396825396825,0.0,0.0,0.0,0.0,0.0,0.0,0.0,0.0,0.0,0.0,0.0,0.0,0.0,0.0,0.1666666666666666,0.0,0.0
268,0.9898454515655972,0.1928479191106966,0.8958306270917363,0.5706478784258362,20.811787280359923,14.056501445743606,1.0,1.0,0.24,9.85980594270186,4.0,0.0026,-0.5231417883204114,0.0,0.0,0.0,0.373015873015873,0.0,0.0,0.0,0.0,0.0317460317460317,0.0,0.0,0.0,0.0,0.0,0.1825396825396825,0.0,0.0,0.0,0.0,0.2619047619047619,0.2936507936507936,0.2619047619047619,0.373015873015873,0.0,0.0,0.0,0.0,0.0,0.0,0.3253968253968254,0.373015873015873,0.373015873015873,0.0,0.0,0.0,0.0,0.0,0.0,0.3888888888888889,0.0,0.0,0.0,0.0,0.0,0.0,0.0,0.0,0.3571428571428571,0.4047619047619047,0.4047619047619047,0.4047619047619047,0.246031746031746,0.3253968253968254,0.0,0.0,0.3253968253968254,0.4206349206349206,0.0,0.0,0.0,0.4206349206349206,0.4206349206349206,0.0,0.0,0.0,0.0,0.0,0.0,0.0,0.0,0.0,0.0,0.0,0.0,0.246031746031746,0.4365079365079365,0.4047619047619047,0.0,0.0
269,1.8188317436211203,0.208287711637181,0.8941022743951592,0.577155618793816,2.0178470913179014,5.004885682212586,1.0,1.0,0.24,5.489430070615369,4.0,0.0026,0.3285502196635848,0.0,0.0,0.0,0.2777777777777778,0.0,0.0,0.0,0.0,0.0,0.0,0.0,0.0,0.0,0.0,0.0,0.0,0.0,0.0,0.0,0.0714285714285714,0.2142857142857142,0.0,0.2777777777777778,0.0,0.0,0.0,0.0,0.0,0.0,0.1507936507936507,0.2619047619047619,0.1825396825396825,0.0,0.0,0.0,0.0,0.0,0.0,0.2936507936507936,0.0,0.0,0.0,0.0,0.0,0.0,0.0,0.0,0.119047619047619,0.3253968253968254,0.3412698412698413,0.3412698412698413,0.0,0.1507936507936507,0.0,0.0,0.2777777777777778,0.3412698412698413,0.0,0.0,0.0,0.3253968253968254,0.373015873015873,0.0,0.0,0.0,0.0,0.0,0.0,0.0,0.0,0.0,0.0,0.0,0.0,0.0396825396825396,0.2619047619047619,0.3571428571428571,0.0,0.0
270,1.7826202336486845,0.1297634401395308,0.905486329317114,0.6199466721061739,19.67357984164822,9.687508030141103,1.0,1.0,0.24,6.694431519630721,4.0,0.0026,2.1635648229799496,0.0,0.0,0.0,0.1031746031746031,0.0,0.0,0.0,0.0,0.0,0.0,0.0,0.0,0.0,0.0,0.0,0.0,0.0,0.0,0.0,0.0,0.0,0.0,0.0714285714285714,0.0,0.0,0.0,0.0,0.0,0.0,0.0,0.0,0.0,0.0,0.0,0.0,0.0,0.0,0.0,0.0714285714285714,0.0,0.0,0.0,0.0,0.0,0.0,0.0,0.0,0.0,0.0714285714285714,0.0873015873015873,0.1031746031746031,0.0,0.1031746031746031,0.0,0.0,0.0238095238095238,0.119047619047619,0.0,0.0,0.0,0.0,0.119047619047619,0.0,0.0,0.0,0.0,0.0,0.0,0.0,0.0,0.0,0.0,0.0,0.0,0.0,0.0,0.119047619047619,0.0,0.0
271,1.156257561713858,0.2031862683270462,0.91029027095562,0.6438403041429185,7.626998479845737,4.102109617014939,1.0,1.0,0.24,6.466237755113883,4.0,0.0026,-0.0980215141791757,0.0,0.0,0.0,0.2936507936507936,0.0,0.0,0.0,0.0,0.0,0.0,0.0,0.0,0.0,0.0,0.119047619047619,0.0,0.0,0.0,0.0,0.2142857142857142,0.2619047619047619,0.0079365079365079,0.3412698412698413,0.0,0.0,0.0,0.0,0.0,0.0,0.246031746031746,0.3412698412698413,0.2142857142857142,0.0,0.0,0.0,0.0,0.0,0.0,0.3571428571428571,0.0,0.0,0.0,0.0,0.0,0.0,0.0,0.0,0.2301587301587301,0.3571428571428571,0.373015873015873,0.373015873015873,0.0396825396825396,0.2142857142857142,0.0,0.0,0.2936507936507936,0.373015873015873,0.0,0.0,0.0,0.3888888888888889,0.4047619047619047,0.0,0.0,0.0,0.0,0.0,0.0,0.0,0.0,0.0,0.0,0.0,0.0,0.2142857142857142,0.3571428571428571,0.3888888888888889,0.0,0.0
272,1.5889648860269727,0.1484057536480648,0.909120331270855,0.6664901543841466,2.271408090648512,1.0935643191552331,1.0,1.0,0.24,4.666692566561474,4.0,0.0026,0.6125173614988757,0.0,0.0,0.0,0.246031746031746,0.0,0.0,0.0,0.0,0.0,0.0,0.0,0.0,0.0,0.0,0.0,0.0,0.0,0.0,0.0,0.0714285714285714,0.1666666666666666,0.0,0.246031746031746,0.0,0.0,0.0,0.0,0.0,0.0,0.1349206349206349,0.2142857142857142,0.1349206349206349,0.0,0.0,0.0,0.0,0.0,0.0,0.2619047619047619,0.0,0.0,0.0,0.0,0.0,0.0,0.0,0.0,0.0396825396825396,0.2777777777777778,0.2777777777777778,0.2777777777777778,0.0,0.119047619047619,0.0,0.0,0.246031746031746,0.2936507936507936,0.0,0.0,0.0,0.2619047619047619,0.3253968253968254,0.0,0.0,0.0,0.0,0.0,0.0,0.0,0.0,0.0,0.0,0.0,0.0,0.0,0.2301587301587301,0.3253968253968254,0.0,0.0
273,0.941136700226098,0.2319802774848667,0.9038440760230096,0.5286881026864368,5.697496323990954,6.613418610727135,1.0,1.0,0.24,12.982220522432916,4.0,0.0026,-2.0802647735985205,0.0,0.0,0.0,0.5158730158730159,0.0,0.0,0.0,0.0,0.2936507936507936,0.0,0.0,0.0,0.0,0.1507936507936507,0.3412698412698413,0.0,0.0,0.0,0.0,0.4523809523809524,0.5158730158730159,0.1825396825396825,0.4523809523809524,0.0,0.0,0.0,0.0,0.0,0.2301587301587301,0.5158730158730159,0.5793650793650794,0.4523809523809524,0.0,0.0,0.0,0.0,0.0,0.0555555555555555,0.6111111111111112,0.0,0.0,0.0,0.0,0.0,0.0,0.0,0.0,0.6111111111111112,0.4682539682539682,0.5,0.6428571428571429,0.1825396825396825,0.2936507936507936,0.0,0.0,0.5,0.5,0.0,0.0,0.2301587301587301,0.6428571428571429,0.4206349206349206,0.0,0.0,0.0,0.0,0.0,0.0,0.0,0.0,0.0,0.0,0.0,0.246031746031746,0.4682539682539682,0.6111111111111112,0.4047619047619047,0.0,0.0
274,0.9939095025129334,0.1224882167016597,0.9176987779511556,0.5595205450912837,22.645030100631068,7.157150016644319,1.0,1.0,0.24,19.86123538889536,4.0,0.0026,-0.3044467024834645,0.0,0.0,0.0,0.3095238095238095,0.0,0.0,0.0,0.0,0.0,0.0,0.0,0.0,0.0,0.0,0.1349206349206349,0.0,0.0,0.0,0.0,0.2142857142857142,0.2619047619047619,0.119047619047619,0.3412698412698413,0.0,0.0,0.0,0.0,0.0,0.0,0.2619047619047619,0.3412698412698413,0.2936507936507936,0.0,0.0,0.0,0.0,0.0,0.0,0.3412698412698413,0.0,0.0,0.0,0.0,0.0,0.0,0.0,0.0,0.2619047619047619,0.373015873015873,0.373015873015873,0.373015873015873,0.1825396825396825,0.2936507936507936,0.0,0.0,0.2777777777777778,0.373015873015873,0.0,0.0,0.0,0.3888888888888889,0.3888888888888889,0.0,0.0,0.0,0.0,0.0,0.0,0.0,0.0,0.0,0.0,0.0,0.0,0.2142857142857142,0.3888888888888889,0.3888888888888889,0.0,0.0
275,1.8013294825855108,0.2085574536033976,0.920617641276933,0.6290615987457656,3.28745161400516,7.458438314338823,1.0,1.0,0.24,13.274825496093973,4.0,0.0026,1.1683929092427765,0.0,0.0,0.0,0.1984126984126984,0.0,0.0,0.0,0.0,0.0,0.0,0.0,0.0,0.0,0.0,0.0,0.0,0.0,0.0,0.0,0.0,0.0714285714285714,0.0,0.1984126984126984,0.0,0.0,0.0,0.0,0.0,0.0,0.0,0.119047619047619,0.1349206349206349,0.0,0.0,0.0,0.0,0.0,0.0,0.2142857142857142,0.0,0.0,0.0,0.0,0.0,0.0,0.0,0.0,0.0,0.2301587301587301,0.2301587301587301,0.2301587301587301,0.0,0.1507936507936507,0.0,0.0,0.1825396825396825,0.246031746031746,0.0,0.0,0.0,0.2142857142857142,0.2619047619047619,0.0,0.0,0.0,0.0,0.0,0.0,0.0,0.0,0.0,0.0,0.0,0.0,0.0,0.1666666666666666,0.2619047619047619,0.0,0.0
276,0.7569364136725523,0.1911833421259059,0.925777159896878,0.619507409733173,10.105955505754077,3.872076967632924,1.0,1.0,0.24,14.69769881206679,4.0,0.0026,-1.5967402162592514,0.0,0.0,0.0,0.4523809523809524,0.0,0.0,0.0,0.0,0.2777777777777778,0.0,0.0,0.0,0.0,0.0873015873015873,0.2936507936507936,0.0,0.0,0.0,0.0,0.3888888888888889,0.4523809523809524,0.1349206349206349,0.4365079365079365,0.0,0.0,0.0,0.0,0.0,0.1349206349206349,0.4365079365079365,0.5,0.373015873015873,0.0,0.0,0.0,0.0,0.0,0.0714285714285714,0.5158730158730159,0.0,0.0,0.0,0.0,0.0,0.0,0.0,0.0,0.5158730158730159,0.4523809523809524,0.4841269841269841,0.5317460317460317,0.1825396825396825,0.2936507936507936,0.0,0.0,0.4365079365079365,0.4523809523809524,0.0,0.0,0.1666666666666666,0.5476190476190477,0.4365079365079365,0.0,0.0,0.0,0.0,0.0,0.0,0.0,0.0,0.0,0.0,0.0,0.1825396825396825,0.4047619047619047,0.5634920634920635,0.4206349206349206,0.0,0.0
277,1.854661338000392,0.183067963882325,0.9213539889843612,0.5793028188585833,12.05464214587294,1.43931777119156,1.0,1.0,0.24,15.240226260736096,4.0,0.0026,2.047794762719,0.0,0.0,0.0,0.1031746031746031,0.0,0.0,0.0,0.0,0.0,0.0,0.0,0.0,0.0,0.0,0.0,0.0,0.0,0.0,0.0,0.0,0.0,0.0,0.0714285714285714,0.0,0.0,0.0,0.0,0.0,0.0,0.0,0.0,0.0,0.0,0.0,0.0,0.0,0.0,0.0,0.0873015873015873,0.0,0.0,0.0,0.0,0.0,0.0,0.0,0.0,0.0,0.119047619047619,0.119047619047619,0.119047619047619,0.0,0.0714285714285714,0.0,0.0,0.0714285714285714,0.1349206349206349,0.0,0.0,0.0,0.0,0.1507936507936507,0.0,0.0,0.0,0.0,0.0,0.0,0.0,0.0,0.0,0.0,0.0,0.0,0.0,0.0,0.1349206349206349,0.0,0.0
278,1.5455738567726982,0.1587400754148732,0.9263468317839032,0.6387900627654632,2.972191265264868,13.433964106659902,1.0,1.0,0.24,6.848626629300754,4.0,0.0026,0.4505812851262818,0.0,0.0,0.0,0.2777777777777778,0.0,0.0,0.0,0.0,0.0,0.0,0.0,0.0,0.0,0.0,0.0,0.0,0.0,0.0,0.0,0.119047619047619,0.1825396825396825,0.0555555555555555,0.2619047619047619,0.0,0.0,0.0,0.0,0.0,0.0,0.1349206349206349,0.246031746031746,0.2619047619047619,0.0,0.0,0.0,0.0,0.0,0.0,0.2777777777777778,0.0,0.0,0.0,0.0,0.0,0.0,0.0,0.0,0.1031746031746031,0.2936507936507936,0.2936507936507936,0.2936507936507936,0.1349206349206349,0.2301587301587301,0.0,0.0,0.2619047619047619,0.3253968253968254,0.0,0.0,0.0,0.2936507936507936,0.3412698412698413,0.0,0.0,0.0,0.0,0.0,0.0,0.0,0.0,0.0,0.0,0.0,0.0,0.0714285714285714,0.2619047619047619,0.3412698412698413,0.0,0.0
279,1.4759148656593966,0.216505154601989,0.9226921005833446,0.5609555343577015,9.131585676264852,7.220922297325407,1.0,1.0,0.24,6.277577739388232,4.0,0.0026,0.7096633899841478,0.0,0.0,0.0,0.2301587301587301,0.0,0.0,0.0,0.0,0.0,0.0,0.0,0.0,0.0,0.0,0.0,0.0,0.0,0.0,0.0,0.0873015873015873,0.1666666666666666,0.0,0.2619047619047619,0.0,0.0,0.0,0.0,0.0,0.0,0.1349206349206349,0.2142857142857142,0.1666666666666666,0.0,0.0,0.0,0.0,0.0,0.0,0.2619047619047619,0.0,0.0,0.0,0.0,0.0,0.0,0.0,0.0,0.1031746031746031,0.2777777777777778,0.2777777777777778,0.2777777777777778,0.0317460317460317,0.1984126984126984,0.0,0.0,0.2142857142857142,0.2936507936507936,0.0,0.0,0.0,0.2777777777777778,0.2936507936507936,0.0,0.0,0.0,0.0,0.0,0.0,0.0,0.0,0.0,0.0,0.0,0.0,0.0,0.246031746031746,0.2936507936507936,0.0,0.0
280,1.1082735696780035,0.1813640489657093,0.920884034910814,0.6830365999139425,6.020636936110124,3.694962442864993,1.0,1.0,0.24,9.911839683173165,4.0,0.0026,-0.1604490122405737,0.0,0.0,0.0,0.3095238095238095,0.0,0.0,0.0,0.0,0.0,0.0,0.0,0.0,0.0,0.0,0.119047619047619,0.0,0.0,0.0,0.0,0.2142857142857142,0.2619047619047619,0.0079365079365079,0.3253968253968254,0.0,0.0,0.0,0.0,0.0,0.0,0.246031746031746,0.3412698412698413,0.2142857142857142,0.0,0.0,0.0,0.0,0.0,0.0,0.3571428571428571,0.0,0.0,0.0,0.0,0.0,0.0,0.0,0.0,0.2301587301587301,0.373015873015873,0.373015873015873,0.373015873015873,0.0396825396825396,0.2142857142857142,0.0,0.0,0.2936507936507936,0.373015873015873,0.0,0.0,0.0,0.3888888888888889,0.4047619047619047,0.0,0.0,0.0,0.0,0.0,0.0,0.0,0.0,0.0,0.0,0.0,0.0,0.2142857142857142,0.3571428571428571,0.3888888888888889,0.0,0.0
281,0.7653934613228554,0.2235782860715121,0.8975589618771622,0.5431482100492312,21.04210753906873,3.6581349641098857,1.0,1.0,0.24,19.966333411952675,4.0,0.0026,-1.5286089325824972,0.0,0.0,0.0,0.4523809523809524,0.0,0.0,0.0,0.0,0.2777777777777778,0.0,0.0,0.0,0.0,0.0873015873015873,0.2777777777777778,0.0,0.0,0.0,0.0,0.373015873015873,0.4206349206349206,0.1349206349206349,0.4206349206349206,0.0,0.0,0.0,0.0,0.0,0.119047619047619,0.4206349206349206,0.4682539682539682,0.3571428571428571,0.0,0.0,0.0,0.0,0.0,0.0079365079365079,0.5,0.0,0.0,0.0,0.0,0.0,0.0,0.0,0.0,0.5,0.4682539682539682,0.4841269841269841,0.5158730158730159,0.1825396825396825,0.2936507936507936,0.0,0.0,0.4206349206349206,0.4682539682539682,0.0,0.0,0.1507936507936507,0.5317460317460317,0.4365079365079365,0.0,0.0,0.0,0.0,0.0,0.0,0.0,0.0,0.0,0.0,0.0,0.1666666666666666,0.4047619047619047,0.5317460317460317,0.4206349206349206,0.0,0.0
282,0.5495981530476902,0.1412581598159772,0.9105587479803378,0.5157065014537374,6.9670674281382965,6.815218273075224,1.0,1.0,0.24,15.817225951636397,4.0,0.0026,-4.209999045488872,0.0,0.0,0.2619047619047619,0.753968253968254,0.0,0.0,0.0,0.2619047619047619,0.5,0.0,0.0,0.0,0.0,0.3888888888888889,0.5793650793650794,0.0,0.0,0.0,0.0,0.7222222222222222,0.8015873015873016,0.4047619047619047,0.8333333333333334,0.0,0.0,0.0,0.0,0.0,0.5476190476190477,0.8015873015873016,0.8333333333333334,0.8333333333333334,0.0,0.0,0.0,0.0,0.0,0.4047619047619047,0.8492063492063492,0.1428571428571428,0.0,0.0,0.0,0.0,0.0,0.0,0.0714285714285714,0.8492063492063492,0.626984126984127,0.6428571428571429,0.8492063492063492,0.6825396825396826,0.4206349206349206,0.0,0.0,0.8015873015873016,0.8650793650793651,0.0,0.0,0.5158730158730159,0.9126984126984128,0.4682539682539682,0.0,0.0,0.0,0.0,0.0,0.0,0.0,0.0,0.0,0.0,0.2619047619047619,0.4682539682539682,0.7380952380952381,0.9126984126984128,0.4523809523809524,0.0,0.0
283,0.5437592688544032,0.1842098214419345,0.8972471441770953,0.582339513995302,10.564005587185074,4.343934627707583,1.0,1.0,0.24,12.525048306240503,4.0,0.0026,-3.2902827893562416,0.0,0.0,0.2301587301587301,0.6746031746031746,0.0,0.0,0.0,0.1507936507936507,0.4206349206349206,0.0,0.0,0.0,0.0,0.3253968253968254,0.4523809523809524,0.0,0.0,0.0,0.0,0.6111111111111112,0.6746031746031746,0.2936507936507936,0.6746031746031746,0.0,0.0,0.0,0.0,0.0,0.4206349206349206,0.6904761904761905,0.7222222222222222,0.7222222222222222,0.0,0.0,0.0,0.0,0.0,0.2619047619047619,0.7222222222222222,0.0793650793650793,0.0,0.0,0.0,0.0,0.0,0.0,0.0,0.7380952380952381,0.5793650793650794,0.5952380952380952,0.753968253968254,0.2619047619047619,0.4047619047619047,0.0,0.0,0.6746031746031746,0.6904761904761905,0.0,0.0,0.4047619047619047,0.753968253968254,0.4682539682539682,0.0,0.0,0.0,0.0,0.0,0.0,0.0,0.0,0.0,0.0,0.1825396825396825,0.4206349206349206,0.6428571428571429,0.753968253968254,0.4365079365079365,0.0,0.0
284,0.7472825008979072,0.1188280239868016,0.92372247685436,0.6473034616839763,24.348656260714925,12.138384774786608,1.0,1.0,0.24,13.948509264791143,4.0,0.0026,-1.0077325331906068,0.0,0.0,0.0,0.4047619047619047,0.0,0.0,0.0,0.0,0.1666666666666666,0.0,0.0,0.0,0.0,0.0079365079365079,0.2142857142857142,0.0,0.0,0.0,0.0,0.2936507936507936,0.3571428571428571,0.3174603174603174,0.4206349206349206,0.0,0.0,0.0,0.0,0.0,0.0,0.3888888888888889,0.4047619047619047,0.4206349206349206,0.0,0.0,0.0,0.0,0.0,0.0,0.4206349206349206,0.0,0.0,0.0,0.0,0.0,0.0,0.0,0.0,0.4206349206349206,0.4365079365079365,0.4365079365079365,0.4365079365079365,0.3571428571428571,0.373015873015873,0.0,0.0,0.373015873015873,0.4523809523809524,0.0,0.0,0.0238095238095238,0.4523809523809524,0.4365079365079365,0.0,0.0,0.0,0.0,0.0,0.0,0.0,0.0,0.0,0.0,0.0,0.0873015873015873,0.2936507936507936,0.4523809523809524,0.4206349206349206,0.0,0.0
285,1.7051545712636187,0.1489538941976961,0.9163455732119172,0.6506858152855116,14.031518204955512,7.125245023298158,1.0,1.0,0.24,12.166197173047284,4.0,0.0026,1.9608799868852864,0.0,0.0,0.0,0.119047619047619,0.0,0.0,0.0,0.0,0.0,0.0,0.0,0.0,0.0,0.0,0.0,0.0,0.0,0.0,0.0,0.0,0.0,0.0,0.0714285714285714,0.0,0.0,0.0,0.0,0.0,0.0,0.0,0.0,0.0079365079365079,0.0,0.0,0.0,0.0,0.0,0.0,0.0714285714285714,0.0,0.0,0.0,0.0,0.0,0.0,0.0,0.0,0.0,0.119047619047619,0.119047619047619,0.119047619047619,0.0,0.119047619047619,0.0,0.0,0.0714285714285714,0.1349206349206349,0.0,0.0,0.0,0.0,0.1507936507936507,0.0,0.0,0.0,0.0,0.0,0.0,0.0,0.0,0.0,0.0,0.0,0.0,0.0,0.0,0.1349206349206349,0.0,0.0
286,1.9716024279388311,0.1641774376560785,0.9065953339107162,0.5827811869888284,17.87967690652968,14.469304736575335,1.0,1.0,0.24,18.93546955924251,4.0,0.0026,2.477776068990025,0.0,0.0,0.0,0.0317460317460317,0.0,0.0,0.0,0.0,0.0,0.0,0.0,0.0,0.0,0.0,0.0,0.0,0.0,0.0,0.0,0.0,0.0,0.0,0.0079365079365079,0.0,0.0,0.0,0.0,0.0,0.0,0.0,0.0,0.0,0.0,0.0,0.0,0.0,0.0,0.0,0.0,0.0,0.0,0.0,0.0,0.0,0.0,0.0,0.0,0.0,0.0714285714285714,0.0714285714285714,0.0714285714285714,0.0,0.0714285714285714,0.0,0.0,0.0,0.0873015873015873,0.0,0.0,0.0,0.0,0.1031746031746031,0.0,0.0,0.0,0.0,0.0,0.0,0.0,0.0,0.0,0.0,0.0,0.0,0.0,0.0,0.0396825396825396,0.0,0.0
287,0.5205890105925957,0.1740746178183201,0.8974523865965903,0.5756565001562184,15.57981715880885,10.58614118430556,1.0,1.0,0.24,1.7109712475877268,4.0,0.0026,-2.888961775435719,0.0,0.0,0.2142857142857142,0.6746031746031746,0.0,0.0,0.0,0.1507936507936507,0.4047619047619047,0.0,0.0,0.0,0.0,0.2936507936507936,0.4365079365079365,0.0,0.0,0.0,0.0,0.5793650793650794,0.6746031746031746,0.5793650793650794,0.7063492063492064,0.0555555555555555,0.0,0.0,0.0,0.0,0.4206349206349206,0.6904761904761905,0.7063492063492064,0.7063492063492064,0.0,0.0,0.0,0.0,0.0,0.2619047619047619,0.7063492063492064,0.1269841269841269,0.0,0.0,0.0,0.0,0.0,0.0,0.0,0.7063492063492064,0.6746031746031746,0.7063492063492064,0.7222222222222222,0.7222222222222222,0.5158730158730159,0.0,0.0,0.6428571428571429,0.7222222222222222,0.0,0.0,0.4047619047619047,0.7222222222222222,0.4841269841269841,0.0,0.0,0.0,0.0,0.0,0.0,0.0,0.0,0.0,0.0,0.1666666666666666,0.4047619047619047,0.626984126984127,0.7380952380952381,0.4523809523809524,0.0,0.0
288,1.5311358776987585,0.2250305777092158,0.9177973226190606,0.646119096418787,16.278692378106413,3.3004810005421312,1.0,1.0,0.24,10.63037005121901,4.0,0.0026,1.5897500849141966,0.0,0.0,0.0,0.119047619047619,0.0,0.0,0.0,0.0,0.0,0.0,0.0,0.0,0.0,0.0,0.0,0.0,0.0,0.0,0.0,0.0,0.0,0.0,0.119047619047619,0.0,0.0,0.0,0.0,0.0,0.0,0.0,0.0555555555555555,0.0714285714285714,0.0,0.0,0.0,0.0,0.0,0.0,0.1349206349206349,0.0,0.0,0.0,0.0,0.0,0.0,0.0,0.0,0.0,0.1507936507936507,0.1507936507936507,0.1666666666666666,0.0,0.1349206349206349,0.0,0.0,0.119047619047619,0.1825396825396825,0.0,0.0,0.0,0.119047619047619,0.1984126984126984,0.0,0.0,0.0,0.0,0.0,0.0,0.0,0.0,0.0,0.0,0.0,0.0,0.0,0.0079365079365079,0.1984126984126984,0.0,0.0
289,0.6546270327155755,0.2059297746277961,0.9050828074630028,0.531413348533878,14.788946634511504,8.92680060857125,1.0,1.0,0.24,19.31891907571271,4.0,0.0026,-2.6289954632067176,0.0,0.0,0.0555555555555555,0.5634920634920635,0.0,0.0,0.0,0.0,0.3571428571428571,0.0,0.0,0.0,0.0,0.2142857142857142,0.373015873015873,0.0,0.0,0.0,0.0,0.5,0.5634920634920635,0.3571428571428571,0.626984126984127,0.0,0.0,0.0,0.0,0.0,0.2777777777777778,0.5793650793650794,0.626984126984127,0.626984126984127,0.0,0.0,0.0,0.0,0.0,0.1507936507936507,0.626984126984127,0.0634920634920634,0.0,0.0,0.0,0.0,0.0,0.0,0.0,0.6428571428571429,0.5793650793650794,0.5952380952380952,0.6587301587301587,0.4682539682539682,0.4047619047619047,0.0,0.0,0.5158730158730159,0.6428571428571429,0.0,0.0,0.3095238095238095,0.6587301587301587,0.4523809523809524,0.0,0.0,0.0,0.0,0.0,0.0,0.0,0.0,0.0,0.0,0.0,0.2777777777777778,0.5158730158730159,0.6746031746031746,0.4365079365079365,0.0,0.0
290,0.8417527984997072,0.1337022040918158,0.8889212615444205,0.5882003598837685,21.48242454221292,3.517976431529367,1.0,1.0,0.24,13.855973973503309,4.0,0.0026,-1.1313147158601002,0.0,0.0,0.0,0.4206349206349206,0.0,0.0,0.0,0.0,0.1984126984126984,0.0,0.0,0.0,0.0,0.0079365079365079,0.2301587301587301,0.0,0.0,0.0,0.0,0.3253968253968254,0.373015873015873,0.1031746031746031,0.4047619047619047,0.0,0.0,0.0,0.0,0.0,0.0079365079365079,0.3888888888888889,0.4206349206349206,0.2936507936507936,0.0,0.0,0.0,0.0,0.0,0.0,0.4365079365079365,0.0,0.0,0.0,0.0,0.0,0.0,0.0,0.0,0.4523809523809524,0.4523809523809524,0.4682539682539682,0.4682539682539682,0.1666666666666666,0.2936507936507936,0.0,0.0,0.3888888888888889,0.4365079365079365,0.0,0.0,0.0317460317460317,0.4841269841269841,0.4365079365079365,0.0,0.0,0.0,0.0,0.0,0.0,0.0,0.0,0.0,0.0,0.0,0.1031746031746031,0.3412698412698413,0.5,0.4047619047619047,0.0,0.0
291,0.699890619073229,0.1657299269632429,0.9299249759905662,0.5266865967341081,18.669361113703367,8.429454834032637,1.0,1.0,0.24,15.742427054143969,4.0,0.0026,-1.7994111147302465,0.0,0.0,0.0,0.4682539682539682,0.0,0.0,0.0,0.0,0.2936507936507936,0.0,0.0,0.0,0.0,0.1031746031746031,0.2936507936507936,0.0,0.0,0.0,0.0,0.3888888888888889,0.4523809523809524,0.2936507936507936,0.5158730158730159,0.0,0.0,0.0,0.0,0.0,0.1507936507936507,0.4523809523809524,0.5158730158730159,0.5158730158730159,0.0,0.0,0.0,0.0,0.0,0.0714285714285714,0.5158730158730159,0.0,0.0,0.0,0.0,0.0,0.0,0.0,0.0,0.5317460317460317,0.5158730158730159,0.5317460317460317,0.5476190476190477,0.2936507936507936,0.373015873015873,0.0,0.0,0.4365079365079365,0.5476190476190477,0.0,0.0,0.1984126984126984,0.5476190476190477,0.4523809523809524,0.0,0.0,0.0,0.0,0.0,0.0,0.0,0.0,0.0,0.0,0.0,0.1825396825396825,0.4206349206349206,0.5634920634920635,0.4206349206349206,0.0,0.0
292,0.7702587123790365,0.2024470746713139,0.8942583484434421,0.507761967291669,16.46197884133937,13.280473543403636,1.0,1.0,0.24,6.059251082295816,4.0,0.0026,-1.895801071605569,0.0,0.0,0.0,0.5158730158730159,0.0,0.0,0.0,0.0,0.3095238095238095,0.0,0.0,0.0,0.0,0.1666666666666666,0.3571428571428571,0.0,0.0,0.0,0.0,0.4206349206349206,0.5,0.3571428571428571,0.5634920634920635,0.0,0.0,0.0,0.0,0.0,0.2142857142857142,0.5,0.5634920634920635,0.5634920634920635,0.0,0.0,0.0,0.0,0.0,0.0714285714285714,0.5634920634920635,0.0,0.0,0.0,0.0,0.0,0.0,0.0,0.0,0.5793650793650794,0.5793650793650794,0.5793650793650794,0.5952380952380952,0.5238095238095238,0.373015873015873,0.0,0.0,0.4682539682539682,0.5952380952380952,0.0,0.0,0.2301587301587301,0.5952380952380952,0.4365079365079365,0.0,0.0,0.0,0.0,0.0,0.0,0.0,0.0,0.0,0.0,0.0,0.2301587301587301,0.4523809523809524,0.6111111111111112,0.4206349206349206,0.0,0.0
293,0.6693974584255435,0.1597098727972886,0.9139268402514638,0.6079779562945543,15.451352414292012,3.388119250113623,1.0,1.0,0.24,7.029437969141932,4.0,0.0026,-1.7314530668058905,0.0,0.0,0.0,0.4682539682539682,0.0,0.0,0.0,0.0,0.3253968253968254,0.0,0.0,0.0,0.0,0.1349206349206349,0.3253968253968254,0.0,0.0,0.0,0.0,0.4047619047619047,0.4682539682539682,0.1825396825396825,0.4523809523809524,0.0,0.0,0.0,0.0,0.0,0.1984126984126984,0.4682539682539682,0.5158730158730159,0.4047619047619047,0.0,0.0,0.0,0.0,0.0,0.1031746031746031,0.5317460317460317,0.0,0.0,0.0,0.0,0.0,0.0,0.0,0.0,0.5317460317460317,0.4841269841269841,0.5,0.5793650793650794,0.1984126984126984,0.3253968253968254,0.0,0.0,0.4523809523809524,0.4841269841269841,0.0,0.0,0.2301587301587301,0.5793650793650794,0.4523809523809524,0.0,0.0,0.0,0.0,0.0,0.0,0.0,0.0,0.0,0.0,0.0,0.2301587301587301,0.4365079365079365,0.5793650793650794,0.4206349206349206,0.0,0.0
294,0.5867113979924633,0.2269631538701945,0.8942152127679899,0.560512618145026,6.577150070609372,12.65988090068155,1.0,1.0,0.24,8.940420704899333,4.0,0.0026,-3.5729642484278683,0.0,0.0,0.246031746031746,0.7380952380952381,0.0,0.0,0.0,0.2301587301587301,0.4523809523809524,0.0,0.0,0.0,0.0,0.3888888888888889,0.5476190476190477,0.0,0.0,0.0,0.0,0.6904761904761905,0.753968253968254,0.5,0.8015873015873016,0.0476190476190476,0.0,0.0,0.0,0.0,0.5158730158730159,0.7698412698412699,0.8015873015873016,0.8015873015873016,0.0,0.0,0.0,0.0,0.0,0.373015873015873,0.8015873015873016,0.1428571428571428,0.0,0.0,0.0,0.0,0.0,0.0,0.0317460317460317,0.8015873015873016,0.6746031746031746,0.7222222222222222,0.8333333333333334,0.8333333333333334,0.4365079365079365,0.0,0.0,0.7222222222222222,0.8333333333333334,0.0,0.0,0.5,0.8333333333333334,0.4682539682539682,0.0,0.0,0.0,0.0,0.0,0.0,0.0,0.0,0.0,0.0,0.246031746031746,0.4682539682539682,0.7063492063492064,0.8333333333333334,0.4365079365079365,0.0,0.0
295,0.7553203642808813,0.1619638306625454,0.9250109587509636,0.5954359516685049,19.498779623513144,9.725209538481211,1.0,1.0,0.24,18.459310237592348,4.0,0.0026,-1.2926850314533505,0.0,0.0,0.0,0.4365079365079365,0.0,0.0,0.0,0.0,0.2301587301587301,0.0,0.0,0.0,0.0,0.0317460317460317,0.246031746031746,0.0,0.0,0.0,0.0,0.3412698412698413,0.373015873015873,0.2777777777777778,0.4523809523809524,0.0,0.0,0.0,0.0,0.0,0.0555555555555555,0.3888888888888889,0.4365079365079365,0.4523809523809524,0.0,0.0,0.0,0.0,0.0,0.0,0.4523809523809524,0.0,0.0,0.0,0.0,0.0,0.0,0.0,0.0,0.4523809523809524,0.4682539682539682,0.4682539682539682,0.4841269841269841,0.2936507936507936,0.3571428571428571,0.0,0.0,0.3888888888888889,0.4841269841269841,0.0,0.0,0.1031746031746031,0.4841269841269841,0.4365079365079365,0.0,0.0,0.0,0.0,0.0,0.0,0.0,0.0,0.0,0.0,0.0,0.119047619047619,0.3571428571428571,0.5,0.4206349206349206,0.0,0.0
296,1.0576529719689185,0.1313471868467302,0.9266705726209744,0.600286482214414,12.651392659036912,1.351459626749608,1.0,1.0,0.24,7.066263049366592,4.0,0.0026,-0.1248685828739303,0.0,0.0,0.0,0.2936507936507936,0.0,0.0,0.0,0.0,0.0,0.0,0.0,0.0,0.0,0.0,0.119047619047619,0.0,0.0,0.0,0.0,0.2142857142857142,0.2619047619047619,0.0,0.2777777777777778,0.0,0.0,0.0,0.0,0.0,0.0,0.246031746031746,0.3095238095238095,0.1666666666666666,0.0,0.0,0.0,0.0,0.0,0.0,0.3412698412698413,0.0,0.0,0.0,0.0,0.0,0.0,0.0,0.0,0.246031746031746,0.373015873015873,0.373015873015873,0.373015873015873,0.0,0.1825396825396825,0.0,0.0,0.2619047619047619,0.3253968253968254,0.0,0.0,0.0,0.3888888888888889,0.4047619047619047,0.0,0.0,0.0,0.0,0.0,0.0,0.0,0.0,0.0,0.0,0.0,0.0,0.1984126984126984,0.373015873015873,0.3888888888888889,0.0,0.0
297,1.2944079145090934,0.1799272411662189,0.8927647606209758,0.5597254073137548,19.116756393728604,12.340000931797944,1.0,1.0,0.24,5.138708133575995,4.0,0.0026,0.4792400971178059,0.0,0.0,0.0,0.2619047619047619,0.0,0.0,0.0,0.0,0.0,0.0,0.0,0.0,0.0,0.0,0.0,0.0,0.0,0.0,0.0,0.119047619047619,0.1825396825396825,0.1031746031746031,0.2777777777777778,0.0,0.0,0.0,0.0,0.0,0.0,0.1507936507936507,0.246031746031746,0.2619047619047619,0.0,0.0,0.0,0.0,0.0,0.0,0.2777777777777778,0.0,0.0,0.0,0.0,0.0,0.0,0.0,0.0,0.1349206349206349,0.2936507936507936,0.2936507936507936,0.2936507936507936,0.1666666666666666,0.2619047619047619,0.0,0.0,0.2301587301587301,0.2936507936507936,0.0,0.0,0.0,0.2936507936507936,0.3253968253968254,0.0,0.0,0.0,0.0,0.0,0.0,0.0,0.0,0.0,0.0,0.0,0.0,0.0873015873015873,0.2777777777777778,0.3412698412698413,0.0,0.0
298,1.3984432523118426,0.2273135418808883,0.9018326497082628,0.6841347043160171,5.531286788787048,10.732978752296647,1.0,1.0,0.24,8.999632802396057,4.0,0.0026,0.6006486744557143,0.0,0.0,0.0,0.246031746031746,0.0,0.0,0.0,0.0,0.0,0.0,0.0,0.0,0.0,0.0,0.0,0.0,0.0,0.0,0.0,0.0873015873015873,0.1666666666666666,0.0714285714285714,0.246031746031746,0.0,0.0,0.0,0.0,0.0,0.0,0.1349206349206349,0.2301587301587301,0.2301587301587301,0.0,0.0,0.0,0.0,0.0,0.0,0.2619047619047619,0.0,0.0,0.0,0.0,0.0,0.0,0.0,0.0,0.1031746031746031,0.2777777777777778,0.2777777777777778,0.2777777777777778,0.1349206349206349,0.246031746031746,0.0,0.0,0.2301587301587301,0.2936507936507936,0.0,0.0,0.0,0.2777777777777778,0.2936507936507936,0.0,0.0,0.0,0.0,0.0,0.0,0.0,0.0,0.0,0.0,0.0,0.0,0.0079365079365079,0.2619047619047619,0.2936507936507936,0.0,0.0
299,0.6896807714412315,0.2009949061222694,0.9215043783204852,0.5152840832628609,23.985968868269296,13.00930194747672,1.0,1.0,0.24,19.13922562309493,4.0,0.0026,-1.798609890661297,0.0,0.0,0.0,0.4841269841269841,0.0,0.0,0.0,0.0,0.2936507936507936,0.0,0.0,0.0,0.0,0.1349206349206349,0.2936507936507936,0.0,0.0,0.0,0.0,0.3888888888888889,0.4365079365079365,0.4047619047619047,0.5158730158730159,0.0,0.0,0.0,0.0,0.0,0.1666666666666666,0.4523809523809524,0.5158730158730159,0.5158730158730159,0.0,0.0,0.0,0.0,0.0,0.0714285714285714,0.5158730158730159,0.0555555555555555,0.0,0.0,0.0,0.0,0.0,0.0,0.0,0.5158730158730159,0.5317460317460317,0.5317460317460317,0.5317460317460317,0.5317460317460317,0.4047619047619047,0.0,0.0,0.4365079365079365,0.5317460317460317,0.0,0.0,0.2142857142857142,0.5476190476190477,0.4523809523809524,0.0,0.0,0.0,0.0,0.0,0.0,0.0,0.0,0.0,0.0,0.0,0.1984126984126984,0.4206349206349206,0.5476190476190477,0.4206349206349206,0.0,0.0
300,1.2983959135125114,0.1872887489705835,0.923155641926946,0.573231216215999,16.25308692602683,1.9905362504992008,1.0,1.0,0.24,1.4298935401841106,4.0,0.0026,0.7833567159212262,0.0,0.0,0.0,0.2301587301587301,0.0,0.0,0.0,0.0,0.0,0.0,0.0,0.0,0.0,0.0,0.0,0.0,0.0,0.0,0.0,0.0873015873015873,0.1349206349206349,0.0,0.246031746031746,0.0,0.0,0.0,0.0,0.0,0.0,0.1349206349206349,0.1984126984126984,0.119047619047619,0.0,0.0,0.0,0.0,0.0,0.0,0.246031746031746,0.0,0.0,0.0,0.0,0.0,0.0,0.0,0.0,0.1031746031746031,0.2777777777777778,0.2777777777777778,0.2777777777777778,0.0,0.1507936507936507,0.0,0.0,0.1825396825396825,0.2777777777777778,0.0,0.0,0.0,0.2619047619047619,0.2936507936507936,0.0,0.0,0.0,0.0,0.0,0.0,0.0,0.0,0.0,0.0,0.0,0.0,0.0,0.2301587301587301,0.2936507936507936,0.0,0.0
301,0.6589630341440333,0.1744891201750203,0.9107452050940832,0.6168839907159475,22.580315938751298,12.738894820723417,1.0,1.0,0.24,4.240086397641405,4.0,0.0026,-1.5727958551061216,0.0,0.0,0.0,0.4841269841269841,0.0,0.0,0.0,0.0,0.2936507936507936,0.0,0.0,0.0,0.0,0.1507936507936507,0.2936507936507936,0.0,0.0,0.0,0.0,0.3888888888888889,0.4365079365079365,0.4206349206349206,0.5158730158730159,0.0,0.0,0.0,0.0,0.0,0.1825396825396825,0.4523809523809524,0.5158730158730159,0.5158730158730159,0.0,0.0,0.0,0.0,0.0,0.1031746031746031,0.5158730158730159,0.0555555555555555,0.0,0.0,0.0,0.0,0.0,0.0,0.0,0.5158730158730159,0.5317460317460317,0.5317460317460317,0.5317460317460317,0.5317460317460317,0.4206349206349206,0.0,0.0,0.4523809523809524,0.5317460317460317,0.0,0.0,0.2142857142857142,0.5317460317460317,0.4523809523809524,0.0,0.0,0.0,0.0,0.0,0.0,0.0,0.0,0.0,0.0,0.0,0.2142857142857142,0.4206349206349206,0.5476190476190477,0.4206349206349206,0.0,0.0
302,1.0734780907147592,0.1516330285715394,0.9207378816892128,0.5472458172938207,20.225205983974657,7.489331949409802,1.0,1.0,0.24,3.672286220583267,4.0,0.0026,0.0527397989775205,0.0,0.0,0.0,0.2936507936507936,0.0,0.0,0.0,0.0,0.0,0.0,0.0,0.0,0.0,0.0,0.119047619047619,0.0,0.0,0.0,0.0,0.1984126984126984,0.246031746031746,0.0873015873015873,0.3095238095238095,0.0,0.0,0.0,0.0,0.0,0.0,0.2301587301587301,0.2936507936507936,0.2619047619047619,0.0,0.0,0.0,0.0,0.0,0.0,0.3253968253968254,0.0,0.0,0.0,0.0,0.0,0.0,0.0,0.0,0.2301587301587301,0.3412698412698413,0.3412698412698413,0.3571428571428571,0.1666666666666666,0.2777777777777778,0.0,0.0,0.2619047619047619,0.3571428571428571,0.0,0.0,0.0,0.373015873015873,0.373015873015873,0.0,0.0,0.0,0.0,0.0,0.0,0.0,0.0,0.0,0.0,0.0,0.0,0.1666666666666666,0.3571428571428571,0.373015873015873,0.0,0.0
303,1.1712779060170286,0.119485533707284,0.8914040176046464,0.630572446043241,11.255767439028087,11.951824386947768,1.0,1.0,0.24,19.45791478362224,4.0,0.0026,-0.2118529142345296,0.0,0.0,0.0,0.3253968253968254,0.0,0.0,0.0,0.0,0.0,0.0,0.0,0.0,0.0,0.0,0.119047619047619,0.0,0.0,0.0,0.0,0.2142857142857142,0.246031746031746,0.1507936507936507,0.3253968253968254,0.0,0.0,0.0,0.0,0.0,0.0,0.246031746031746,0.3253968253968254,0.3095238095238095,0.0,0.0,0.0,0.0,0.0,0.0,0.3412698412698413,0.0,0.0,0.0,0.0,0.0,0.0,0.0,0.0,0.2301587301587301,0.3571428571428571,0.3571428571428571,0.3571428571428571,0.1825396825396825,0.2936507936507936,0.0,0.0,0.2936507936507936,0.373015873015873,0.0,0.0,0.0,0.3888888888888889,0.3888888888888889,0.0,0.0,0.0,0.0,0.0,0.0,0.0,0.0,0.0,0.0,0.0,0.0,0.1825396825396825,0.373015873015873,0.3888888888888889,0.0,0.0
304,0.7913778720095862,0.2225304880990792,0.900041889512957,0.5931354958489403,24.958161029157605,2.4092534110804245,1.0,1.0,0.24,7.915365666522927,4.0,0.0026,-0.893848328251803,0.0,0.0,0.0,0.4047619047619047,0.0,0.0,0.0,0.0,0.1825396825396825,0.0,0.0,0.0,0.0,0.0079365079365079,0.2301587301587301,0.0,0.0,0.0,0.0,0.3095238095238095,0.373015873015873,0.0714285714285714,0.373015873015873,0.0,0.0,0.0,0.0,0.0,0.0079365079365079,0.3888888888888889,0.4206349206349206,0.2619047619047619,0.0,0.0,0.0,0.0,0.0,0.0,0.4365079365079365,0.0,0.0,0.0,0.0,0.0,0.0,0.0,0.0,0.4365079365079365,0.4523809523809524,0.4523809523809524,0.4682539682539682,0.1507936507936507,0.2777777777777778,0.0,0.0,0.373015873015873,0.4047619047619047,0.0,0.0,0.0317460317460317,0.4682539682539682,0.4365079365079365,0.0,0.0,0.0,0.0,0.0,0.0,0.0,0.0,0.0,0.0,0.0,0.1031746031746031,0.3253968253968254,0.4841269841269841,0.4047619047619047,0.0,0.0
305,0.6677854246733985,0.1319785266925831,0.9262818599768496,0.6020746545542871,13.904644704197407,7.845535692841156,1.0,1.0,0.24,16.62986853051814,4.0,0.0026,-2.089423160884184,0.0,0.0,0.0,0.4841269841269841,0.0,0.0,0.0,0.0,0.3253968253968254,0.0,0.0,0.0,0.0,0.1349206349206349,0.3412698412698413,0.0,0.0,0.0,0.0,0.4047619047619047,0.4682539682539682,0.2936507936507936,0.5317460317460317,0.0,0.0,0.0,0.0,0.0,0.2142857142857142,0.4841269841269841,0.5317460317460317,0.5317460317460317,0.0,0.0,0.0,0.0,0.0,0.1031746031746031,0.5317460317460317,0.0,0.0,0.0,0.0,0.0,0.0,0.0,0.0,0.5476190476190477,0.5317460317460317,0.5634920634920635,0.5793650793650794,0.2936507936507936,0.373015873015873,0.0,0.0,0.4682539682539682,0.5793650793650794,0.0,0.0,0.2301587301587301,0.5793650793650794,0.4523809523809524,0.0,0.0,0.0,0.0,0.0,0.0,0.0,0.0,0.0,0.0,0.0,0.2301587301587301,0.4365079365079365,0.5793650793650794,0.4206349206349206,0.0,0.0
306,1.5199878396012,0.1290135514842548,0.8938152099656617,0.581116608517679,23.67706053226759,10.771042999776698,1.0,1.0,0.24,1.5976162648567362,4.0,0.0026,1.3638023155272827,0.0,0.0,0.0,0.1507936507936507,0.0,0.0,0.0,0.0,0.0,0.0,0.0,0.0,0.0,0.0,0.0,0.0,0.0,0.0,0.0,0.0,0.0714285714285714,0.0079365079365079,0.1507936507936507,0.0,0.0,0.0,0.0,0.0,0.0,0.0079365079365079,0.119047619047619,0.1349206349206349,0.0,0.0,0.0,0.0,0.0,0.0,0.1666666666666666,0.0,0.0,0.0,0.0,0.0,0.0,0.0,0.0,0.0,0.1984126984126984,0.1984126984126984,0.2142857142857142,0.119047619047619,0.2142857142857142,0.0,0.0,0.1349206349206349,0.2142857142857142,0.0,0.0,0.0,0.1825396825396825,0.2301587301587301,0.0,0.0,0.0,0.0,0.0,0.0,0.0,0.0,0.0,0.0,0.0,0.0,0.0,0.119047619047619,0.2301587301587301,0.0,0.0
307,0.704286749779247,0.164556532887132,0.8930381445245484,0.5231495725317404,20.65171562872945,13.694061811864112,1.0,1.0,0.24,14.732632838718764,4.0,0.0026,-2.2778642678229515,0.0,0.0,0.0,0.5476190476190477,0.0,0.0,0.0,0.0,0.3253968253968254,0.0,0.0,0.0,0.0,0.1825396825396825,0.3571428571428571,0.0,0.0,0.0,0.0,0.4365079365079365,0.5,0.4047619047619047,0.5793650793650794,0.0,0.0,0.0,0.0,0.0,0.2301587301587301,0.5158730158730159,0.5793650793650794,0.5793650793650794,0.0,0.0,0.0,0.0,0.0,0.119047619047619,0.5793650793650794,0.0714285714285714,0.0,0.0,0.0,0.0,0.0,0.0,0.0,0.5793650793650794,0.5952380952380952,0.5952380952380952,0.5952380952380952,0.5952380952380952,0.4047619047619047,0.0,0.0,0.4841269841269841,0.5952380952380952,0.0,0.0,0.2619047619047619,0.6111111111111112,0.4523809523809524,0.0,0.0,0.0,0.0,0.0,0.0,0.0,0.0,0.0,0.0,0.0,0.2619047619047619,0.4682539682539682,0.6111111111111112,0.4206349206349206,0.0,0.0
308,0.7241630797329274,0.2105318618433899,0.896964864597006,0.5102799921671745,17.385275479576077,14.376812912242752,1.0,1.0,0.24,14.249064528728356,4.0,0.0026,-2.237252662755879,0.0,0.0,0.0,0.5476190476190477,0.0,0.0,0.0,0.0,0.3253968253968254,0.0,0.0,0.0,0.0,0.1825396825396825,0.3571428571428571,0.0,0.0,0.0,0.0,0.4365079365079365,0.5158730158730159,0.4047619047619047,0.5793650793650794,0.0,0.0,0.0,0.0,0.0,0.246031746031746,0.5317460317460317,0.5793650793650794,0.5793650793650794,0.0,0.0,0.0,0.0,0.0,0.119047619047619,0.5793650793650794,0.0793650793650793,0.0,0.0,0.0,0.0,0.0,0.0,0.0,0.5793650793650794,0.5952380952380952,0.6111111111111112,0.6111111111111112,0.6111111111111112,0.4047619047619047,0.0,0.0,0.4841269841269841,0.6111111111111112,0.0,0.0,0.246031746031746,0.626984126984127,0.4523809523809524,0.0,0.0,0.0,0.0,0.0,0.0,0.0,0.0,0.0,0.0,0.0,0.2619047619047619,0.4682539682539682,0.626984126984127,0.4206349206349206,0.0,0.0
309,1.2248485348860496,0.1709901068220781,0.8955115127404748,0.6496393510612499,13.175859373664784,3.98160847265232,1.0,1.0,0.24,1.5661549479334622,4.0,0.0026,0.4376566177342176,0.0,0.0,0.0,0.2777777777777778,0.0,0.0,0.0,0.0,0.0,0.0,0.0,0.0,0.0,0.0,0.0,0.0,0.0,0.0,0.0,0.1349206349206349,0.1984126984126984,0.0079365079365079,0.2777777777777778,0.0,0.0,0.0,0.0,0.0,0.0,0.1507936507936507,0.246031746031746,0.1666666666666666,0.0,0.0,0.0,0.0,0.0,0.0,0.2777777777777778,0.0,0.0,0.0,0.0,0.0,0.0,0.0,0.0,0.1349206349206349,0.2936507936507936,0.2936507936507936,0.2936507936507936,0.0317460317460317,0.2142857142857142,0.0,0.0,0.246031746031746,0.2936507936507936,0.0,0.0,0.0,0.2936507936507936,0.3412698412698413,0.0,0.0,0.0,0.0,0.0,0.0,0.0,0.0,0.0,0.0,0.0,0.0,0.1031746031746031,0.2777777777777778,0.3412698412698413,0.0,0.0
310,1.4085024393188053,0.1226785498295833,0.9083857653591746,0.564622850843266,14.664069987629086,7.558885438747699,1.0,1.0,0.24,0.7435572150655532,4.0,0.0026,0.8278292811242723,0.0,0.0,0.0,0.2301587301587301,0.0,0.0,0.0,0.0,0.0,0.0,0.0,0.0,0.0,0.0,0.0,0.0,0.0,0.0,0.0,0.0873015873015873,0.1349206349206349,0.0079365079365079,0.246031746031746,0.0,0.0,0.0,0.0,0.0,0.0,0.119047619047619,0.1825396825396825,0.1666666666666666,0.0,0.0,0.0,0.0,0.0,0.0,0.246031746031746,0.0,0.0,0.0,0.0,0.0,0.0,0.0,0.0,0.1031746031746031,0.2619047619047619,0.2619047619047619,0.2777777777777778,0.0396825396825396,0.2142857142857142,0.0,0.0,0.1825396825396825,0.2777777777777778,0.0,0.0,0.0,0.2619047619047619,0.2936507936507936,0.0,0.0,0.0,0.0,0.0,0.0,0.0,0.0,0.0,0.0,0.0,0.0,0.0,0.2301587301587301,0.2936507936507936,0.0,0.0
311,1.8695574475750425,0.1417101618438051,0.902033444741808,0.6542995504920175,11.482704055740143,5.924820053007272,1.0,1.0,0.24,17.83691992856904,4.0,0.0026,2.173741473361768,0.0,0.0,0.0,0.1031746031746031,0.0,0.0,0.0,0.0,0.0,0.0,0.0,0.0,0.0,0.0,0.0,0.0,0.0,0.0,0.0,0.0,0.0,0.0,0.0555555555555555,0.0,0.0,0.0,0.0,0.0,0.0,0.0,0.0,0.0,0.0,0.0,0.0,0.0,0.0,0.0,0.0714285714285714,0.0,0.0,0.0,0.0,0.0,0.0,0.0,0.0,0.0,0.0873015873015873,0.0873015873015873,0.1031746031746031,0.0,0.1031746031746031,0.0,0.0,0.0555555555555555,0.119047619047619,0.0,0.0,0.0,0.0,0.1349206349206349,0.0,0.0,0.0,0.0,0.0,0.0,0.0,0.0,0.0,0.0,0.0,0.0,0.0,0.0,0.0714285714285714,0.0,0.0
312,0.8334144642374035,0.1982936599651166,0.8964560281697669,0.6771488238076376,5.290699701365369,5.478612873721577,1.0,1.0,0.24,5.1921895813915855,4.0,0.0026,-1.5394916917468635,0.0,0.0,0.0,0.4682539682539682,0.0,0.0,0.0,0.0,0.2619047619047619,0.0,0.0,0.0,0.0,0.119047619047619,0.3095238095238095,0.0,0.0,0.0,0.0,0.3888888888888889,0.4523809523809524,0.2142857142857142,0.4523809523809524,0.0,0.0,0.0,0.0,0.0,0.1666666666666666,0.4523809523809524,0.5158730158730159,0.4365079365079365,0.0,0.0,0.0,0.0,0.0,0.0555555555555555,0.5158730158730159,0.0,0.0,0.0,0.0,0.0,0.0,0.0,0.0,0.5158730158730159,0.4841269841269841,0.5,0.5476190476190477,0.1984126984126984,0.2936507936507936,0.0,0.0,0.4523809523809524,0.5158730158730159,0.0,0.0,0.1666666666666666,0.5793650793650794,0.4365079365079365,0.0,0.0,0.0,0.0,0.0,0.0,0.0,0.0,0.0,0.0,0.0,0.2142857142857142,0.4206349206349206,0.5793650793650794,0.4047619047619047,0.0,0.0
313,0.8076298475525104,0.1827537824383802,0.8949801188253352,0.6319072328033005,15.543947177153733,6.015154786727177,1.0,1.0,0.24,14.62523601098071,4.0,0.0026,-1.3026630345323258,0.0,0.0,0.0,0.4365079365079365,0.0,0.0,0.0,0.0,0.2301587301587301,0.0,0.0,0.0,0.0,0.0238095238095238,0.2619047619047619,0.0,0.0,0.0,0.0,0.3412698412698413,0.3888888888888889,0.2142857142857142,0.4523809523809524,0.0,0.0,0.0,0.0,0.0,0.0873015873015873,0.3888888888888889,0.4523809523809524,0.4206349206349206,0.0,0.0,0.0,0.0,0.0,0.0,0.4523809523809524,0.0,0.0,0.0,0.0,0.0,0.0,0.0,0.0,0.4682539682539682,0.4841269841269841,0.5,0.5,0.2142857142857142,0.3253968253968254,0.0,0.0,0.4206349206349206,0.5,0.0,0.0,0.1031746031746031,0.5,0.4365079365079365,0.0,0.0,0.0,0.0,0.0,0.0,0.0,0.0,0.0,0.0,0.0,0.1349206349206349,0.373015873015873,0.5158730158730159,0.4206349206349206,0.0,0.0
314,1.094241849648789,0.1178382624888454,0.9150645679502434,0.6012305478786021,14.732019938112163,3.066165711483647,1.0,1.0,0.24,12.021565377487866,4.0,0.0026,-0.0464160215532227,0.0,0.0,0.0,0.2936507936507936,0.0,0.0,0.0,0.0,0.0,0.0,0.0,0.0,0.0,0.0,0.119047619047619,0.0,0.0,0.0,0.0,0.1984126984126984,0.246031746031746,0.0079365079365079,0.2936507936507936,0.0,0.0,0.0,0.0,0.0,0.0,0.2301587301587301,0.2936507936507936,0.1825396825396825,0.0,0.0,0.0,0.0,0.0,0.0,0.3253968253968254,0.0,0.0,0.0,0.0,0.0,0.0,0.0,0.0,0.2301587301587301,0.3571428571428571,0.3571428571428571,0.3571428571428571,0.0238095238095238,0.2142857142857142,0.0,0.0,0.2619047619047619,0.3571428571428571,0.0,0.0,0.0,0.373015873015873,0.373015873015873,0.0,0.0,0.0,0.0,0.0,0.0,0.0,0.0,0.0,0.0,0.0,0.0,0.1666666666666666,0.3571428571428571,0.3888888888888889,0.0,0.0
315,0.9212875158185057,0.1720137466602727,0.914315376889873,0.6549644834453414,22.92648842429889,2.689061985042709,1.0,1.0,0.24,2.72108720810852,4.0,0.0026,-0.0666758574245702,0.0,0.0,0.0,0.3095238095238095,0.0,0.0,0.0,0.0,0.0,0.0,0.0,0.0,0.0,0.0,0.1349206349206349,0.0,0.0,0.0,0.0,0.2142857142857142,0.2619047619047619,0.0396825396825396,0.2936507936507936,0.0,0.0,0.0,0.0,0.0,0.0,0.246031746031746,0.3253968253968254,0.2142857142857142,0.0,0.0,0.0,0.0,0.0,0.0,0.3412698412698413,0.0,0.0,0.0,0.0,0.0,0.0,0.0,0.0,0.246031746031746,0.3571428571428571,0.3571428571428571,0.373015873015873,0.0873015873015873,0.2301587301587301,0.0,0.0,0.2777777777777778,0.373015873015873,0.0,0.0,0.0,0.373015873015873,0.3888888888888889,0.0,0.0,0.0,0.0,0.0,0.0,0.0,0.0,0.0,0.0,0.0,0.0,0.1984126984126984,0.373015873015873,0.3888888888888889,0.0,0.0
316,0.8230179093428295,0.1431200700673777,0.8877765625608717,0.5422808305363769,7.757194542853616,11.003533208782375,1.0,1.0,0.24,5.73282758512754,4.0,0.0026,-2.4369733148445816,0.0,0.0,0.0,0.5793650793650794,0.0,0.0,0.0,0.0,0.3412698412698413,0.0,0.0,0.0,0.0,0.2142857142857142,0.373015873015873,0.0,0.0,0.0,0.0,0.4841269841269841,0.5634920634920635,0.2936507936507936,0.6428571428571429,0.0,0.0,0.0,0.0,0.0,0.2777777777777778,0.5793650793650794,0.6428571428571429,0.6428571428571429,0.0,0.0,0.0,0.0,0.0,0.119047619047619,0.6428571428571429,0.0,0.0,0.0,0.0,0.0,0.0,0.0,0.0,0.6428571428571429,0.5476190476190477,0.5793650793650794,0.6587301587301587,0.2936507936507936,0.3571428571428571,0.0,0.0,0.5317460317460317,0.6746031746031746,0.0,0.0,0.2619047619047619,0.6746031746031746,0.4365079365079365,0.0,0.0,0.0,0.0,0.0,0.0,0.0,0.0,0.0,0.0,0.0,0.2777777777777778,0.5158730158730159,0.6587301587301587,0.4206349206349206,0.0,0.0
317,1.0652625732418712,0.1281237549173374,0.9286027988607553,0.6340901134458455,8.382702937336067,6.965992933783456,1.0,1.0,0.24,3.813024319033624,4.0,0.0026,-0.3010325825242842,0.0,0.0,0.0,0.3412698412698413,0.0,0.0,0.0,0.0,0.0,0.0,0.0,0.0,0.0,0.0,0.1507936507936507,0.0,0.0,0.0,0.0,0.246031746031746,0.2777777777777778,0.0714285714285714,0.3571428571428571,0.0,0.0,0.0,0.0,0.0,0.0,0.2619047619047619,0.3571428571428571,0.2777777777777778,0.0,0.0,0.0,0.0,0.0,0.0,0.373015873015873,0.0,0.0,0.0,0.0,0.0,0.0,0.0,0.0,0.2777777777777778,0.3888888888888889,0.3888888888888889,0.3888888888888889,0.1666666666666666,0.2619047619047619,0.0,0.0,0.2936507936507936,0.4047619047619047,0.0,0.0,0.0,0.4047619047619047,0.4047619047619047,0.0,0.0,0.0,0.0,0.0,0.0,0.0,0.0,0.0,0.0,0.0,0.0,0.2301587301587301,0.4047619047619047,0.3888888888888889,0.0,0.0
318,1.1003688000364908,0.1599395640670009,0.9094357543189372,0.6463668344134078,11.177164026069454,5.267097592930447,1.0,1.0,0.24,7.966636542194547,4.0,0.0026,-0.0622139461507387,0.0,0.0,0.0,0.2936507936507936,0.0,0.0,0.0,0.0,0.0,0.0,0.0,0.0,0.0,0.0,0.119047619047619,0.0,0.0,0.0,0.0,0.2142857142857142,0.246031746031746,0.0396825396825396,0.3253968253968254,0.0,0.0,0.0,0.0,0.0,0.0,0.2301587301587301,0.3253968253968254,0.2301587301587301,0.0,0.0,0.0,0.0,0.0,0.0,0.3412698412698413,0.0,0.0,0.0,0.0,0.0,0.0,0.0,0.0,0.2301587301587301,0.3571428571428571,0.3571428571428571,0.3571428571428571,0.1349206349206349,0.246031746031746,0.0,0.0,0.2777777777777778,0.373015873015873,0.0,0.0,0.0,0.373015873015873,0.3888888888888889,0.0,0.0,0.0,0.0,0.0,0.0,0.0,0.0,0.0,0.0,0.0,0.0,0.1825396825396825,0.3571428571428571,0.3888888888888889,0.0,0.0
319,1.9082670903243808,0.2090825105271939,0.9056237960758128,0.5683728597335262,24.665672030364643,2.536990129180687,1.0,1.0,0.24,14.403017700380568,4.0,0.0026,2.471656237741965,0.0,0.0,0.0,0.0079365079365079,0.0,0.0,0.0,0.0,0.0,0.0,0.0,0.0,0.0,0.0,0.0,0.0,0.0,0.0,0.0,0.0,0.0,0.0,0.0079365079365079,0.0,0.0,0.0,0.0,0.0,0.0,0.0,0.0,0.0,0.0,0.0,0.0,0.0,0.0,0.0,0.0,0.0,0.0,0.0,0.0,0.0,0.0,0.0,0.0,0.0,0.0555555555555555,0.0714285714285714,0.0714285714285714,0.0,0.0714285714285714,0.0,0.0,0.0,0.0714285714285714,0.0,0.0,0.0,0.0,0.0714285714285714,0.0,0.0,0.0,0.0,0.0,0.0,0.0,0.0,0.0,0.0,0.0,0.0,0.0,0.0,0.0,0.0,0.0
320,1.6578866112522543,0.1857724131088188,0.8910659057298674,0.5362297398783705,22.39158280539965,13.884564884906982,1.0,1.0,0.24,11.895816835233274,4.0,0.0026,1.5391269626928936,0.0,0.0,0.0,0.1349206349206349,0.0,0.0,0.0,0.0,0.0,0.0,0.0,0.0,0.0,0.0,0.0,0.0,0.0,0.0,0.0,0.0,0.0238095238095238,0.0079365079365079,0.1349206349206349,0.0,0.0,0.0,0.0,0.0,0.0,0.0,0.0873015873015873,0.119047619047619,0.0,0.0,0.0,0.0,0.0,0.0,0.1507936507936507,0.0,0.0,0.0,0.0,0.0,0.0,0.0,0.0,0.0,0.1825396825396825,0.1825396825396825,0.1825396825396825,0.119047619047619,0.1984126984126984,0.0,0.0,0.119047619047619,0.1984126984126984,0.0,0.0,0.0,0.1507936507936507,0.2142857142857142,0.0,0.0,0.0,0.0,0.0,0.0,0.0,0.0,0.0,0.0,0.0,0.0,0.0,0.0714285714285714,0.2142857142857142,0.0,0.0
321,1.1421314445147908,0.146644214214688,0.9101346727872152,0.5535896246852504,4.536171951163095,1.3660214149929673,1.0,1.0,0.24,17.28968562250945,4.0,0.0026,-1.329969086007981,0.0,0.0,0.0,0.4365079365079365,0.0,0.0,0.0,0.0,0.1825396825396825,0.0,0.0,0.0,0.0,0.0,0.2619047619047619,0.0,0.0,0.0,0.0,0.3571428571428571,0.4206349206349206,0.0079365079365079,0.2777777777777778,0.0,0.0,0.0,0.0,0.0,0.0079365079365079,0.3888888888888889,0.3253968253968254,0.2619047619047619,0.0,0.0,0.0,0.0,0.0,0.0,0.4841269841269841,0.0,0.0,0.0,0.0,0.0,0.0,0.0,0.0,0.5,0.4047619047619047,0.4365079365079365,0.5158730158730159,0.0,0.1825396825396825,0.0,0.0,0.4365079365079365,0.3412698412698413,0.0,0.0,0.0,0.5317460317460317,0.4047619047619047,0.0,0.0,0.0,0.0,0.0,0.0,0.0,0.0,0.0,0.0,0.0,0.1031746031746031,0.3571428571428571,0.4682539682539682,0.3888888888888889,0.0,0.0
322,0.780107312895508,0.159412889302392,0.892656735992393,0.5859641221623998,8.411643361233843,5.950148246949554,1.0,1.0,0.24,14.47989812431387,4.0,0.0026,-2.337958806678418,0.0,0.0,0.0,0.5317460317460317,0.0,0.0,0.0,0.0,0.3253968253968254,0.0,0.0,0.0,0.0,0.1666666666666666,0.3571428571428571,0.0,0.0,0.0,0.0,0.4523809523809524,0.5158730158730159,0.246031746031746,0.5,0.0,0.0,0.0,0.0,0.0,0.246031746031746,0.5317460317460317,0.5952380952380952,0.4841269841269841,0.0,0.0,0.0,0.0,0.0,0.119047619047619,0.6111111111111112,0.0,0.0,0.0,0.0,0.0,0.0,0.0,0.0,0.6111111111111112,0.5,0.5317460317460317,0.626984126984127,0.2301587301587301,0.3253968253968254,0.0,0.0,0.5,0.5793650793650794,0.0,0.0,0.246031746031746,0.6428571428571429,0.4365079365079365,0.0,0.0,0.0,0.0,0.0,0.0,0.0,0.0,0.0,0.0,0.0,0.2619047619047619,0.4841269841269841,0.626984126984127,0.4206349206349206,0.0,0.0
323,1.3595585691076355,0.1698924282851222,0.9167443343530146,0.6235088981089397,6.849028618284537,3.194200320761292,1.0,1.0,0.24,17.05528970323493,4.0,0.0026,0.3459290961681494,0.0,0.0,0.0,0.2619047619047619,0.0,0.0,0.0,0.0,0.0,0.0,0.0,0.0,0.0,0.0,0.0,0.0,0.0,0.0,0.0,0.1349206349206349,0.2142857142857142,0.0,0.2777777777777778,0.0,0.0,0.0,0.0,0.0,0.0,0.1507936507936507,0.246031746031746,0.1507936507936507,0.0,0.0,0.0,0.0,0.0,0.0,0.2777777777777778,0.0,0.0,0.0,0.0,0.0,0.0,0.0,0.0,0.119047619047619,0.2936507936507936,0.2936507936507936,0.2936507936507936,0.0,0.1666666666666666,0.0,0.0,0.246031746031746,0.3253968253968254,0.0,0.0,0.0,0.3095238095238095,0.3412698412698413,0.0,0.0,0.0,0.0,0.0,0.0,0.0,0.0,0.0,0.0,0.0,0.0,0.0873015873015873,0.2619047619047619,0.3571428571428571,0.0,0.0
324,0.8950541156998522,0.1300295689632336,0.903533483354518,0.5791167210162314,8.92666811379617,8.184686904547524,1.0,1.0,0.24,15.396736756518235,4.0,0.0026,-1.6976152993061775,0.0,0.0,0.0,0.4523809523809524,0.0,0.0,0.0,0.0,0.2619047619047619,0.0,0.0,0.0,0.0,0.0714285714285714,0.2936507936507936,0.0,0.0,0.0,0.0,0.373015873015873,0.4365079365079365,0.2301587301587301,0.4682539682539682,0.0,0.0,0.0,0.0,0.0,0.1349206349206349,0.4365079365079365,0.5,0.4523809523809524,0.0,0.0,0.0,0.0,0.0,0.0,0.5,0.0,0.0,0.0,0.0,0.0,0.0,0.0,0.0,0.5158730158730159,0.4841269841269841,0.5,0.5317460317460317,0.2142857142857142,0.3253968253968254,0.0,0.0,0.4523809523809524,0.5476190476190477,0.0,0.0,0.1349206349206349,0.5476190476190477,0.4206349206349206,0.0,0.0,0.0,0.0,0.0,0.0,0.0,0.0,0.0,0.0,0.0,0.1666666666666666,0.4047619047619047,0.5634920634920635,0.4047619047619047,0.0,0.0
325,0.6939982407618988,0.1796956927029968,0.9116687649193432,0.6419944907521806,17.423454946288285,9.4551837926804,1.0,1.0,0.24,9.72199380286869,4.0,0.0026,-1.5405773261310745,0.0,0.0,0.0,0.4682539682539682,0.0,0.0,0.0,0.0,0.2777777777777778,0.0,0.0,0.0,0.0,0.1031746031746031,0.2936507936507936,0.0,0.0,0.0,0.0,0.373015873015873,0.4206349206349206,0.2936507936507936,0.5,0.0,0.0,0.0,0.0,0.0,0.1507936507936507,0.4365079365079365,0.5,0.5,0.0,0.0,0.0,0.0,0.0,0.0714285714285714,0.5,0.0,0.0,0.0,0.0,0.0,0.0,0.0,0.0,0.5,0.5158730158730159,0.5158730158730159,0.5158730158730159,0.3571428571428571,0.373015873015873,0.0,0.0,0.4365079365079365,0.5158730158730159,0.0,0.0,0.1825396825396825,0.5317460317460317,0.4523809523809524,0.0,0.0,0.0,0.0,0.0,0.0,0.0,0.0,0.0,0.0,0.0,0.1825396825396825,0.4047619047619047,0.5317460317460317,0.4206349206349206,0.0,0.0
326,0.7688932427062477,0.1469746937493427,0.9236924209889557,0.5154252131707819,15.194658592997222,7.658659256817216,1.0,1.0,0.24,14.094146184303437,4.0,0.0026,-1.7718478265862234,0.0,0.0,0.0,0.4523809523809524,0.0,0.0,0.0,0.0,0.2936507936507936,0.0,0.0,0.0,0.0,0.0873015873015873,0.2936507936507936,0.0,0.0,0.0,0.0,0.3888888888888889,0.4523809523809524,0.2619047619047619,0.5158730158730159,0.0,0.0,0.0,0.0,0.0,0.1507936507936507,0.4365079365079365,0.5158730158730159,0.5,0.0,0.0,0.0,0.0,0.0,0.0555555555555555,0.5158730158730159,0.0,0.0,0.0,0.0,0.0,0.0,0.0,0.0,0.5158730158730159,0.5,0.5158730158730159,0.5476190476190477,0.246031746031746,0.3412698412698413,0.0,0.0,0.4365079365079365,0.5476190476190477,0.0,0.0,0.1825396825396825,0.5634920634920635,0.4365079365079365,0.0,0.0,0.0,0.0,0.0,0.0,0.0,0.0,0.0,0.0,0.0,0.1825396825396825,0.4206349206349206,0.5793650793650794,0.4206349206349206,0.0,0.0
327,0.5804934904886513,0.1166725175645005,0.9189678709799264,0.5243637175705769,8.880903943823773,6.645073755428537,1.0,1.0,0.24,2.2313691739897488,4.0,0.0026,-3.147464299855243,0.0,0.0,0.2142857142857142,0.6746031746031746,0.0,0.0,0.0,0.1507936507936507,0.4206349206349206,0.0,0.0,0.0,0.0,0.3412698412698413,0.4523809523809524,0.0,0.0,0.0,0.0,0.6428571428571429,0.7063492063492064,0.3571428571428571,0.7380952380952381,0.0,0.0,0.0,0.0,0.0,0.4206349206349206,0.7063492063492064,0.7380952380952381,0.7380952380952381,0.0,0.0,0.0,0.0,0.0,0.2619047619047619,0.753968253968254,0.1111111111111111,0.0,0.0,0.0,0.0,0.0,0.0,0.0,0.753968253968254,0.5793650793650794,0.6111111111111112,0.7698412698412699,0.3571428571428571,0.4047619047619047,0.0,0.0,0.6428571428571429,0.753968253968254,0.0,0.0,0.4047619047619047,0.7698412698412699,0.4682539682539682,0.0,0.0,0.0,0.0,0.0,0.0,0.0,0.0,0.0,0.0,0.1666666666666666,0.4047619047619047,0.6746031746031746,0.8015873015873016,0.4365079365079365,0.0,0.0
328,0.5224758105208869,0.2247726562785178,0.9208451226003296,0.5331100087570478,15.155789434364364,6.3743225513419945,1.0,1.0,0.24,18.196178720238365,4.0,0.0026,-3.1143601906606544,0.0,0.0,0.1666666666666666,0.626984126984127,0.0,0.0,0.0,0.1349206349206349,0.3888888888888889,0.0,0.0,0.0,0.0,0.2619047619047619,0.4365079365079365,0.0,0.0,0.0,0.0,0.5793650793650794,0.6428571428571429,0.3888888888888889,0.6904761904761905,0.0,0.0,0.0,0.0,0.0,0.4047619047619047,0.6428571428571429,0.6904761904761905,0.6904761904761905,0.0,0.0,0.0,0.0,0.0,0.246031746031746,0.6904761904761905,0.0793650793650793,0.0,0.0,0.0,0.0,0.0,0.0,0.0,0.7063492063492064,0.5952380952380952,0.626984126984127,0.7222222222222222,0.5873015873015873,0.4206349206349206,0.0,0.0,0.6111111111111112,0.7222222222222222,0.0,0.0,0.3571428571428571,0.7222222222222222,0.4841269841269841,0.0,0.0,0.0,0.0,0.0,0.0,0.0,0.0,0.0,0.0,0.1349206349206349,0.373015873015873,0.6111111111111112,0.7380952380952381,0.4523809523809524,0.0,0.0
329,0.9523655953593456,0.232330950556564,0.8926956981341889,0.5528792453481676,17.14522792109349,7.40471867041863,1.0,1.0,0.24,12.10993045081211,4.0,0.0026,-0.8573206402926742,0.0,0.0,0.0,0.4047619047619047,0.0,0.0,0.0,0.0,0.1507936507936507,0.0,0.0,0.0,0.0,0.0,0.2142857142857142,0.0,0.0,0.0,0.0,0.2936507936507936,0.3571428571428571,0.1666666666666666,0.4206349206349206,0.0,0.0,0.0,0.0,0.0,0.0,0.373015873015873,0.4206349206349206,0.3888888888888889,0.0,0.0,0.0,0.0,0.0,0.0,0.4206349206349206,0.0,0.0,0.0,0.0,0.0,0.0,0.0,0.0,0.4365079365079365,0.4523809523809524,0.4523809523809524,0.4523809523809524,0.1984126984126984,0.2936507936507936,0.0,0.0,0.373015873015873,0.4523809523809524,0.0,0.0,0.0,0.4682539682539682,0.4206349206349206,0.0,0.0,0.0,0.0,0.0,0.0,0.0,0.0,0.0,0.0,0.0,0.0317460317460317,0.2936507936507936,0.4682539682539682,0.4047619047619047,0.0,0.0
330,1.0103002387570474,0.2135241321772356,0.9042833336781264,0.6682847017600335,8.12772720500017,10.896042648546729,1.0,1.0,0.24,18.69679684302567,4.0,0.0026,-0.6867675141822795,0.0,0.0,0.0,0.3888888888888889,0.0,0.0,0.0,0.0,0.0396825396825396,0.0,0.0,0.0,0.0,0.0,0.1984126984126984,0.0,0.0,0.0,0.0,0.2619047619047619,0.2936507936507936,0.2301587301587301,0.3888888888888889,0.0,0.0,0.0,0.0,0.0,0.0,0.3412698412698413,0.3888888888888889,0.3888888888888889,0.0,0.0,0.0,0.0,0.0,0.0,0.4047619047619047,0.0,0.0,0.0,0.0,0.0,0.0,0.0,0.0,0.3571428571428571,0.4206349206349206,0.4206349206349206,0.4206349206349206,0.2142857142857142,0.2936507936507936,0.0,0.0,0.3571428571428571,0.4206349206349206,0.0,0.0,0.0,0.4365079365079365,0.4206349206349206,0.0,0.0,0.0,0.0,0.0,0.0,0.0,0.0,0.0,0.0,0.0,0.0,0.2619047619047619,0.4365079365079365,0.4047619047619047,0.0,0.0
331,1.2516931197946073,0.1824736594118947,0.921812458129371,0.5566177470568703,13.355942880816327,12.575496460207964,1.0,1.0,0.24,1.95963811450542,4.0,0.0026,0.3568198577263857,0.0,0.0,0.0,0.2777777777777778,0.0,0.0,0.0,0.0,0.0,0.0,0.0,0.0,0.0,0.0,0.0396825396825396,0.0,0.0,0.0,0.0,0.1666666666666666,0.2142857142857142,0.119047619047619,0.2936507936507936,0.0,0.0,0.0,0.0,0.0,0.0,0.1666666666666666,0.2619047619047619,0.2777777777777778,0.0,0.0,0.0,0.0,0.0,0.0,0.2936507936507936,0.0,0.0,0.0,0.0,0.0,0.0,0.0,0.0,0.1825396825396825,0.2936507936507936,0.2936507936507936,0.3253968253968254,0.1666666666666666,0.2619047619047619,0.0,0.0,0.2301587301587301,0.3253968253968254,0.0,0.0,0.0,0.3412698412698413,0.3571428571428571,0.0,0.0,0.0,0.0,0.0,0.0,0.0,0.0,0.0,0.0,0.0,0.0,0.1031746031746031,0.3095238095238095,0.3571428571428571,0.0,0.0
332,0.9891226449073016,0.2321514187339164,0.9260652626174258,0.6817386680150863,4.47038194989951,9.328450171407058,1.0,1.0,0.24,11.071894254053094,4.0,0.0026,-0.8293923247532644,0.0,0.0,0.0,0.4047619047619047,0.0,0.0,0.0,0.0,0.119047619047619,0.0,0.0,0.0,0.0,0.0,0.2142857142857142,0.0,0.0,0.0,0.0,0.2936507936507936,0.3412698412698413,0.2142857142857142,0.4206349206349206,0.0,0.0,0.0,0.0,0.0,0.0,0.373015873015873,0.4206349206349206,0.4206349206349206,0.0,0.0,0.0,0.0,0.0,0.0,0.4206349206349206,0.0,0.0,0.0,0.0,0.0,0.0,0.0,0.0,0.4047619047619047,0.4365079365079365,0.4365079365079365,0.4523809523809524,0.2142857142857142,0.2936507936507936,0.0,0.0,0.4047619047619047,0.4523809523809524,0.0,0.0,0.0,0.4523809523809524,0.4206349206349206,0.0,0.0,0.0,0.0,0.0,0.0,0.0,0.0,0.0,0.0,0.0,0.0714285714285714,0.2936507936507936,0.4523809523809524,0.4047619047619047,0.0,0.0
333,1.2756845668521537,0.1423454423824814,0.8932673676158767,0.6863654826376117,21.832624051387725,9.018195101560757,1.0,1.0,0.24,6.073242883397975,4.0,0.0026,0.8785169691359733,0.0,0.0,0.0,0.2142857142857142,0.0,0.0,0.0,0.0,0.0,0.0,0.0,0.0,0.0,0.0,0.0,0.0,0.0,0.0,0.0,0.0555555555555555,0.1031746031746031,0.0714285714285714,0.2142857142857142,0.0,0.0,0.0,0.0,0.0,0.0,0.1031746031746031,0.1666666666666666,0.1825396825396825,0.0,0.0,0.0,0.0,0.0,0.0,0.2142857142857142,0.0,0.0,0.0,0.0,0.0,0.0,0.0,0.0,0.0317460317460317,0.2301587301587301,0.246031746031746,0.246031746031746,0.1507936507936507,0.246031746031746,0.0,0.0,0.1825396825396825,0.246031746031746,0.0,0.0,0.0,0.246031746031746,0.2619047619047619,0.0,0.0,0.0,0.0,0.0,0.0,0.0,0.0,0.0,0.0,0.0,0.0,0.0,0.2142857142857142,0.2619047619047619,0.0,0.0
334,1.344724842210207,0.1321988227598475,0.9126344709719664,0.5519532915660565,21.85948125371128,8.45375690550694,1.0,1.0,0.24,18.79231812751628,4.0,0.0026,0.845115587571847,0.0,0.0,0.0,0.2142857142857142,0.0,0.0,0.0,0.0,0.0,0.0,0.0,0.0,0.0,0.0,0.0,0.0,0.0,0.0,0.0,0.0714285714285714,0.119047619047619,0.0079365079365079,0.2301587301587301,0.0,0.0,0.0,0.0,0.0,0.0,0.1031746031746031,0.1666666666666666,0.1825396825396825,0.0,0.0,0.0,0.0,0.0,0.0,0.2301587301587301,0.0,0.0,0.0,0.0,0.0,0.0,0.0,0.0,0.1031746031746031,0.246031746031746,0.246031746031746,0.2619047619047619,0.1349206349206349,0.2301587301587301,0.0,0.0,0.1666666666666666,0.2619047619047619,0.0,0.0,0.0,0.2619047619047619,0.2777777777777778,0.0,0.0,0.0,0.0,0.0,0.0,0.0,0.0,0.0,0.0,0.0,0.0,0.0,0.2142857142857142,0.2777777777777778,0.0,0.0
335,1.4592307445393278,0.1241713628284733,0.8905299408969944,0.6336678442812579,19.40826652389737,8.346906810575017,1.0,1.0,0.24,7.325269695057609,4.0,0.0026,1.1750146088534683,0.0,0.0,0.0,0.1825396825396825,0.0,0.0,0.0,0.0,0.0,0.0,0.0,0.0,0.0,0.0,0.0,0.0,0.0,0.0,0.0,0.0,0.0873015873015873,0.0079365079365079,0.1666666666666666,0.0,0.0,0.0,0.0,0.0,0.0,0.0079365079365079,0.1349206349206349,0.1349206349206349,0.0,0.0,0.0,0.0,0.0,0.0,0.1984126984126984,0.0,0.0,0.0,0.0,0.0,0.0,0.0,0.0,0.0,0.2142857142857142,0.2142857142857142,0.2142857142857142,0.0873015873015873,0.2142857142857142,0.0,0.0,0.1507936507936507,0.2301587301587301,0.0,0.0,0.0,0.2142857142857142,0.246031746031746,0.0,0.0,0.0,0.0,0.0,0.0,0.0,0.0,0.0,0.0,0.0,0.0,0.0,0.1507936507936507,0.246031746031746,0.0,0.0
336,0.8982624589404995,0.1715501740364384,0.9270958884872568,0.5263290691633117,6.734570171319641,4.192211533542013,1.0,1.0,0.24,1.3039103816194393,4.0,0.0026,-1.593309910942363,0.0,0.0,0.0,0.4841269841269841,0.0,0.0,0.0,0.0,0.2936507936507936,0.0,0.0,0.0,0.0,0.1349206349206349,0.3412698412698413,0.0,0.0,0.0,0.0,0.4206349206349206,0.5,0.1031746031746031,0.3888888888888889,0.0,0.0,0.0,0.0,0.0,0.1984126984126984,0.4682539682539682,0.4682539682539682,0.3888888888888889,0.0,0.0,0.0,0.0,0.0,0.0555555555555555,0.5793650793650794,0.0,0.0,0.0,0.0,0.0,0.0,0.0,0.0,0.5793650793650794,0.4523809523809524,0.4682539682539682,0.6111111111111112,0.1666666666666666,0.2777777777777778,0.0,0.0,0.4523809523809524,0.4365079365079365,0.0,0.0,0.2142857142857142,0.6111111111111112,0.4206349206349206,0.0,0.0,0.0,0.0,0.0,0.0,0.0,0.0,0.0,0.0,0.0,0.2142857142857142,0.4365079365079365,0.5952380952380952,0.4047619047619047,0.0,0.0
337,0.7137427029881709,0.1287265629885278,0.8936146510927176,0.6127983350299891,11.765781646488644,4.742611588201761,1.0,1.0,0.24,3.057707685147768,4.0,0.0026,-1.9379290747606788,0.0,0.0,0.0,0.5158730158730159,0.0,0.0,0.0,0.0,0.3253968253968254,0.0,0.0,0.0,0.0,0.1666666666666666,0.3571428571428571,0.0,0.0,0.0,0.0,0.4365079365079365,0.5158730158730159,0.246031746031746,0.4841269841269841,0.0,0.0,0.0,0.0,0.0,0.2301587301587301,0.5,0.5793650793650794,0.4523809523809524,0.0,0.0,0.0,0.0,0.0,0.1031746031746031,0.5793650793650794,0.0,0.0,0.0,0.0,0.0,0.0,0.0,0.0,0.5793650793650794,0.5,0.5317460317460317,0.6111111111111112,0.2142857142857142,0.3253968253968254,0.0,0.0,0.4841269841269841,0.5476190476190477,0.0,0.0,0.246031746031746,0.6111111111111112,0.4523809523809524,0.0,0.0,0.0,0.0,0.0,0.0,0.0,0.0,0.0,0.0,0.0,0.2619047619047619,0.4682539682539682,0.626984126984127,0.4206349206349206,0.0,0.0
338,0.5742526868039072,0.2327941201601583,0.9250632088993884,0.6038946818216369,10.862051320469591,2.437342856221246,1.0,1.0,0.24,6.020457158761607,4.0,0.0026,-2.2618826185379204,0.0,0.0,0.1031746031746031,0.5793650793650794,0.0,0.0,0.0,0.0079365079365079,0.3571428571428571,0.0,0.0,0.0,0.0,0.2301587301587301,0.3888888888888889,0.0,0.0,0.0,0.0,0.5158730158730159,0.5793650793650794,0.2142857142857142,0.4682539682539682,0.0,0.0,0.0,0.0,0.0,0.3253968253968254,0.5793650793650794,0.5476190476190477,0.4365079365079365,0.0,0.0,0.0,0.0,0.0,0.1984126984126984,0.6587301587301587,0.0,0.0,0.0,0.0,0.0,0.0,0.0,0.0,0.6587301587301587,0.5158730158730159,0.5317460317460317,0.6746031746031746,0.1984126984126984,0.3412698412698413,0.0,0.0,0.5317460317460317,0.4841269841269841,0.0,0.0,0.3412698412698413,0.6904761904761905,0.4682539682539682,0.0,0.0,0.0,0.0,0.0,0.0,0.0,0.0,0.0,0.0,0.0555555555555555,0.3253968253968254,0.5317460317460317,0.6904761904761905,0.4365079365079365,0.0,0.0
339,0.6651809965309167,0.2219691692054377,0.915915129299709,0.5764748842397939,2.091438414772203,1.1886069836785962,1.0,1.0,0.24,3.2064153413039644,4.0,0.0026,-3.317496100434425,0.0,0.0,0.2777777777777778,0.6587301587301587,0.0,0.0,0.0,0.2142857142857142,0.5476190476190477,0.0,0.0,0.0,0.0,0.4206349206349206,0.6428571428571429,0.0,0.0,0.0,0.0,0.7857142857142857,0.8333333333333334,0.1825396825396825,0.373015873015873,0.0,0.0,0.0,0.0,0.0,0.5793650793650794,0.8015873015873016,0.4365079365079365,0.8650793650793651,0.0,0.0,0.0,0.0,0.0,0.4206349206349206,0.9285714285714286,0.0,0.0,0.0,0.0,0.0,0.0,0.0,0.119047619047619,0.9285714285714286,0.5317460317460317,0.6111111111111112,0.8492063492063492,0.1666666666666666,0.2936507936507936,0.0,0.0,0.8015873015873016,0.4682539682539682,0.0,0.0,0.5317460317460317,0.9603174603174603,0.4523809523809524,0.0,0.0,0.0,0.0,0.0,0.0,0.0,0.0,0.0,0.0,0.2777777777777778,0.5317460317460317,0.7380952380952381,0.9285714285714286,0.4365079365079365,0.0,0.0
340,1.0467597588014887,0.1731123298848173,0.8981655232355251,0.6636150437811824,7.0305465244939445,13.533283501925194,1.0,1.0,0.24,8.052761256244489,4.0,0.0026,-0.6744242791303682,0.0,0.0,0.0,0.4047619047619047,0.0,0.0,0.0,0.0,0.0396825396825396,0.0,0.0,0.0,0.0,0.0,0.1984126984126984,0.0,0.0,0.0,0.0,0.2619047619047619,0.3253968253968254,0.246031746031746,0.4047619047619047,0.0,0.0,0.0,0.0,0.0,0.0,0.3571428571428571,0.4047619047619047,0.4047619047619047,0.0,0.0,0.0,0.0,0.0,0.0,0.4047619047619047,0.0,0.0,0.0,0.0,0.0,0.0,0.0,0.0,0.3571428571428571,0.4206349206349206,0.4206349206349206,0.4365079365079365,0.2301587301587301,0.2936507936507936,0.0,0.0,0.373015873015873,0.4365079365079365,0.0,0.0,0.0,0.4365079365079365,0.4047619047619047,0.0,0.0,0.0,0.0,0.0,0.0,0.0,0.0,0.0,0.0,0.0,0.0,0.2619047619047619,0.4523809523809524,0.3888888888888889,0.0,0.0
341,0.5186032472180966,0.1459296703392926,0.8994882146456681,0.5820686584986676,2.2169479389430373,13.170431739547398,1.0,1.0,0.24,3.9927840267373984,4.0,0.0026,-4.92736542378905,0.0,0.2619047619047619,0.4841269841269841,0.9603174603174603,0.0,0.0,0.0,0.373015873015873,0.7380952380952381,0.0,0.0,0.0,0.0,0.7222222222222222,0.8333333333333334,0.0,0.0,0.0,0.0,0.9603174603174603,0.9603174603174603,0.873015873015873,1.0,0.4761904761904761,0.0,0.0,0.0,0.1825396825396825,0.8015873015873016,1.0,0.992063492063492,1.0,0.0,0.0,0.0,0.0,0.0,0.7063492063492064,1.0,0.1825396825396825,0.0,0.0,0.0,0.0,0.0,0.119047619047619,0.2619047619047619,1.0,0.7698412698412699,0.8333333333333334,1.0,1.0,0.5634920634920635,0.0,0.0,0.992063492063492,1.0,0.0,0.246031746031746,0.8015873015873016,1.0,0.4841269841269841,0.0,0.0,0.0,0.0,0.0,0.0,0.0,0.0,0.0,0.2301587301587301,0.4365079365079365,0.7063492063492064,0.9285714285714286,1.0,0.4523809523809524,0.0,0.0
342,1.104026467021973,0.1349182585192131,0.9039463505963392,0.6906624058009192,15.71054407046265,5.755556793053378,1.0,1.0,0.24,5.8320281464524815,4.0,0.0026,0.3028718333400176,0.0,0.0,0.0,0.2777777777777778,0.0,0.0,0.0,0.0,0.0,0.0,0.0,0.0,0.0,0.0,0.0079365079365079,0.0,0.0,0.0,0.0,0.1349206349206349,0.1984126984126984,0.0555555555555555,0.2777777777777778,0.0,0.0,0.0,0.0,0.0,0.0,0.1666666666666666,0.2619047619047619,0.2301587301587301,0.0,0.0,0.0,0.0,0.0,0.0,0.2936507936507936,0.0,0.0,0.0,0.0,0.0,0.0,0.0,0.0,0.1507936507936507,0.2936507936507936,0.2936507936507936,0.2936507936507936,0.1507936507936507,0.246031746031746,0.0,0.0,0.246031746031746,0.3095238095238095,0.0,0.0,0.0,0.3253968253968254,0.3412698412698413,0.0,0.0,0.0,0.0,0.0,0.0,0.0,0.0,0.0,0.0,0.0,0.0,0.119047619047619,0.2936507936507936,0.3412698412698413,0.0,0.0
343,0.7494617233962202,0.1478343003856219,0.9115878589382328,0.6898930401902558,21.885008473751345,6.7433288130450935,1.0,1.0,0.24,10.92446388528946,4.0,0.0026,-0.9326583163448172,0.0,0.0,0.0,0.4047619047619047,0.0,0.0,0.0,0.0,0.1507936507936507,0.0,0.0,0.0,0.0,0.0079365079365079,0.2142857142857142,0.0,0.0,0.0,0.0,0.2936507936507936,0.3571428571428571,0.2619047619047619,0.4206349206349206,0.0,0.0,0.0,0.0,0.0,0.0,0.3888888888888889,0.4047619047619047,0.4206349206349206,0.0,0.0,0.0,0.0,0.0,0.0,0.4206349206349206,0.0,0.0,0.0,0.0,0.0,0.0,0.0,0.0,0.4206349206349206,0.4365079365079365,0.4365079365079365,0.4365079365079365,0.246031746031746,0.3412698412698413,0.0,0.0,0.373015873015873,0.4523809523809524,0.0,0.0,0.0079365079365079,0.4523809523809524,0.4365079365079365,0.0,0.0,0.0,0.0,0.0,0.0,0.0,0.0,0.0,0.0,0.0,0.1031746031746031,0.2936507936507936,0.4523809523809524,0.4206349206349206,0.0,0.0
344,1.1675358040337207,0.1754332895301795,0.8911826688622068,0.5655464094279954,1.8635811821986887,14.607538843656856,1.0,1.0,0.24,11.046163298391669,4.0,0.0026,-2.3178910825897305,0.0,0.0,0.0,0.5476190476190477,0.0,0.0,0.0,0.0,0.246031746031746,0.0,0.0,0.0,0.0,0.1666666666666666,0.3571428571428571,0.0,0.0,0.0,0.0,0.4523809523809524,0.5317460317460317,0.2301587301587301,0.5,0.0,0.0,0.0,0.0,0.0,0.2142857142857142,0.5476190476190477,0.6428571428571429,0.6428571428571429,0.0,0.0,0.0,0.0,0.0,0.0079365079365079,0.6428571428571429,0.0,0.0,0.0,0.0,0.0,0.0,0.0,0.0,0.5793650793650794,0.5,0.5476190476190477,0.6746031746031746,0.2301587301587301,0.2936507936507936,0.0,0.0,0.5793650793650794,0.6111111111111112,0.0,0.0,0.2142857142857142,0.6904761904761905,0.4047619047619047,0.0,0.0,0.0,0.0,0.0,0.0,0.0,0.0,0.0,0.0,0.0,0.246031746031746,0.4523809523809524,0.6428571428571429,0.3888888888888889,0.0,0.0
345,0.7541939571469614,0.2201645859481718,0.901466424365434,0.533273060171657,15.606942577955817,10.272852335905087,1.0,1.0,0.24,7.551419127231426,4.0,0.0026,-1.803034901848028,0.0,0.0,0.0,0.5,0.0,0.0,0.0,0.0,0.3095238095238095,0.0,0.0,0.0,0.0,0.1349206349206349,0.3412698412698413,0.0,0.0,0.0,0.0,0.4206349206349206,0.4841269841269841,0.2936507936507936,0.5476190476190477,0.0,0.0,0.0,0.0,0.0,0.2142857142857142,0.4841269841269841,0.5476190476190477,0.5476190476190477,0.0,0.0,0.0,0.0,0.0,0.0873015873015873,0.5476190476190477,0.0,0.0,0.0,0.0,0.0,0.0,0.0,0.0,0.5634920634920635,0.5317460317460317,0.5634920634920635,0.5793650793650794,0.3492063492063492,0.373015873015873,0.0,0.0,0.4682539682539682,0.5793650793650794,0.0,0.0,0.2301587301587301,0.5952380952380952,0.4365079365079365,0.0,0.0,0.0,0.0,0.0,0.0,0.0,0.0,0.0,0.0,0.0,0.2301587301587301,0.4365079365079365,0.5952380952380952,0.4206349206349206,0.0,0.0
346,1.4730669722753094,0.1591906828948052,0.8899216879557023,0.6216543999647878,3.476007957195801,12.314998992273642,1.0,1.0,0.24,10.544900353781456,4.0,0.0026,-0.0627793385980657,0.0,0.0,0.0,0.3253968253968254,0.0,0.0,0.0,0.0,0.0,0.0,0.0,0.0,0.0,0.0,0.0396825396825396,0.0,0.0,0.0,0.0,0.1984126984126984,0.246031746031746,0.0714285714285714,0.3253968253968254,0.0,0.0,0.0,0.0,0.0,0.0,0.2301587301587301,0.3253968253968254,0.2619047619047619,0.0,0.0,0.0,0.0,0.0,0.0,0.3571428571428571,0.0,0.0,0.0,0.0,0.0,0.0,0.0,0.0,0.2142857142857142,0.3571428571428571,0.3571428571428571,0.373015873015873,0.1349206349206349,0.246031746031746,0.0,0.0,0.2936507936507936,0.3888888888888889,0.0,0.0,0.0,0.3888888888888889,0.3888888888888889,0.0,0.0,0.0,0.0,0.0,0.0,0.0,0.0,0.0,0.0,0.0,0.0,0.1825396825396825,0.3571428571428571,0.373015873015873,0.0,0.0
347,0.7320542952109184,0.1801612604907394,0.901755109706026,0.5710283888831692,2.6687945087309126,1.6541865994315126,1.0,1.0,0.24,3.941784780723987,4.0,0.0026,-3.160513577547696,0.0,0.0,0.2301587301587301,0.6428571428571429,0.0,0.0,0.0,0.119047619047619,0.4523809523809524,0.0,0.0,0.0,0.0,0.373015873015873,0.5476190476190477,0.0,0.0,0.0,0.0,0.7222222222222222,0.753968253968254,0.1825396825396825,0.3888888888888889,0.0,0.0,0.0,0.0,0.0,0.4841269841269841,0.7222222222222222,0.4365079365079365,0.6904761904761905,0.0,0.0,0.0,0.0,0.0,0.3412698412698413,0.8333333333333334,0.0,0.0,0.0,0.0,0.0,0.0,0.0,0.0,0.8333333333333334,0.5158730158730159,0.5793650793650794,0.8174603174603174,0.1666666666666666,0.2936507936507936,0.0,0.0,0.7222222222222222,0.4523809523809524,0.0,0.0,0.4523809523809524,0.8492063492063492,0.4523809523809524,0.0,0.0,0.0,0.0,0.0,0.0,0.0,0.0,0.0,0.0,0.2301587301587301,0.4523809523809524,0.6746031746031746,0.8333333333333334,0.4206349206349206,0.0,0.0
348,0.8355499216721295,0.2232359126311277,0.9154889452910252,0.5447872589706624,22.217739322049063,9.778092053789509,1.0,1.0,0.24,0.923075186618625,4.0,0.0026,-0.6994786593830373,0.0,0.0,0.0,0.4206349206349206,0.0,0.0,0.0,0.0,0.1825396825396825,0.0,0.0,0.0,0.0,0.0079365079365079,0.2142857142857142,0.0,0.0,0.0,0.0,0.3095238095238095,0.3571428571428571,0.2619047619047619,0.4365079365079365,0.0,0.0,0.0,0.0,0.0,0.0,0.3888888888888889,0.4206349206349206,0.4206349206349206,0.0,0.0,0.0,0.0,0.0,0.0,0.4365079365079365,0.0,0.0,0.0,0.0,0.0,0.0,0.0,0.0,0.4365079365079365,0.4523809523809524,0.4523809523809524,0.4523809523809524,0.2619047619047619,0.3412698412698413,0.0,0.0,0.373015873015873,0.4523809523809524,0.0,0.0,0.0079365079365079,0.4682539682539682,0.4365079365079365,0.0,0.0,0.0,0.0,0.0,0.0,0.0,0.0,0.0,0.0,0.0,0.0714285714285714,0.3253968253968254,0.4682539682539682,0.4047619047619047,0.0,0.0
349,1.874167875725813,0.1392328836470902,0.9225373190972758,0.5942555921093774,6.944515762118481,10.28559455152607,1.0,1.0,0.24,3.413582249899684,4.0,0.0026,1.744070512713445,0.0,0.0,0.0,0.119047619047619,0.0,0.0,0.0,0.0,0.0,0.0,0.0,0.0,0.0,0.0,0.0,0.0,0.0,0.0,0.0,0.0,0.0,0.0,0.1349206349206349,0.0,0.0,0.0,0.0,0.0,0.0,0.0,0.0317460317460317,0.0714285714285714,0.0,0.0,0.0,0.0,0.0,0.0,0.1349206349206349,0.0,0.0,0.0,0.0,0.0,0.0,0.0,0.0,0.0,0.1507936507936507,0.1666666666666666,0.1666666666666666,0.0,0.1507936507936507,0.0,0.0,0.119047619047619,0.1825396825396825,0.0,0.0,0.0,0.119047619047619,0.2142857142857142,0.0,0.0,0.0,0.0,0.0,0.0,0.0,0.0,0.0,0.0,0.0,0.0,0.0,0.0,0.2142857142857142,0.0,0.0
350,1.003609490664673,0.2184757249908109,0.8892439761425307,0.6408895096934298,1.4239153704721057,14.025966171278762,1.0,1.0,0.24,17.086087003706453,4.0,0.0026,-2.498183401525593,0.0,0.0,0.0,0.5793650793650794,0.0,0.0,0.0,0.0,0.2777777777777778,0.0,0.0,0.0,0.0,0.2142857142857142,0.373015873015873,0.0,0.0,0.0,0.0,0.4682539682539682,0.5476190476190477,0.2777777777777778,0.5793650793650794,0.0,0.0,0.0,0.0,0.0,0.246031746031746,0.5793650793650794,0.6428571428571429,0.6428571428571429,0.0,0.0,0.0,0.0,0.0,0.1031746031746031,0.6428571428571429,0.0,0.0,0.0,0.0,0.0,0.0,0.0,0.0,0.5952380952380952,0.5317460317460317,0.5793650793650794,0.6587301587301587,0.2619047619047619,0.3253968253968254,0.0,0.0,0.5952380952380952,0.6746031746031746,0.0,0.0,0.2301587301587301,0.6904761904761905,0.4206349206349206,0.0,0.0,0.0,0.0,0.0,0.0,0.0,0.0,0.0,0.0,0.0,0.2777777777777778,0.5,0.6587301587301587,0.4047619047619047,0.0,0.0
351,1.9001880290732465,0.165139381974692,0.913342510218094,0.5850332631126501,24.72836077291577,14.95717888076955,1.0,1.0,0.24,3.082810870732289,4.0,0.0026,2.553256983979273,0.0,0.0,0.0,0.0079365079365079,0.0,0.0,0.0,0.0,0.0,0.0,0.0,0.0,0.0,0.0,0.0,0.0,0.0,0.0,0.0,0.0,0.0,0.0,0.0,0.0,0.0,0.0,0.0,0.0,0.0,0.0,0.0,0.0,0.0,0.0,0.0,0.0,0.0,0.0,0.0,0.0,0.0,0.0,0.0,0.0,0.0,0.0,0.0,0.0,0.0079365079365079,0.0238095238095238,0.0714285714285714,0.0238095238095238,0.0714285714285714,0.0,0.0,0.0,0.0714285714285714,0.0,0.0,0.0,0.0,0.0714285714285714,0.0,0.0,0.0,0.0,0.0,0.0,0.0,0.0,0.0,0.0,0.0,0.0,0.0,0.0,0.0,0.0,0.0
352,0.8013199227750526,0.1545698787556779,0.916866004749374,0.5899173140651387,11.32935295405563,10.551821953246332,1.0,1.0,0.24,4.140506315160391,4.0,0.0026,-1.4800164553306874,0.0,0.0,0.0,0.4682539682539682,0.0,0.0,0.0,0.0,0.2777777777777778,0.0,0.0,0.0,0.0,0.0714285714285714,0.2936507936507936,0.0,0.0,0.0,0.0,0.373015873015873,0.4365079365079365,0.2777777777777778,0.5,0.0,0.0,0.0,0.0,0.0,0.1349206349206349,0.4365079365079365,0.5,0.5,0.0,0.0,0.0,0.0,0.0,0.0317460317460317,0.5,0.0,0.0,0.0,0.0,0.0,0.0,0.0,0.0,0.5158730158730159,0.5158730158730159,0.5317460317460317,0.5317460317460317,0.2777777777777778,0.3412698412698413,0.0,0.0,0.4365079365079365,0.5317460317460317,0.0,0.0,0.1666666666666666,0.5476190476190477,0.4365079365079365,0.0,0.0,0.0,0.0,0.0,0.0,0.0,0.0,0.0,0.0,0.0,0.1666666666666666,0.4047619047619047,0.5476190476190477,0.4206349206349206,0.0,0.0
353,1.014983091532471,0.2075830241703974,0.9273087520461858,0.685956292746522,19.45593912256329,10.424054798068228,1.0,1.0,0.24,13.679496162027522,4.0,0.0026,0.2605499425078451,0.0,0.0,0.0,0.2777777777777778,0.0,0.0,0.0,0.0,0.0,0.0,0.0,0.0,0.0,0.0,0.0555555555555555,0.0,0.0,0.0,0.0,0.1349206349206349,0.1984126984126984,0.1666666666666666,0.2777777777777778,0.0,0.0,0.0,0.0,0.0,0.0,0.1825396825396825,0.2619047619047619,0.2619047619047619,0.0,0.0,0.0,0.0,0.0,0.0,0.2936507936507936,0.0,0.0,0.0,0.0,0.0,0.0,0.0,0.0,0.1507936507936507,0.2936507936507936,0.2936507936507936,0.3095238095238095,0.2142857142857142,0.2936507936507936,0.0,0.0,0.2301587301587301,0.3095238095238095,0.0,0.0,0.0,0.3253968253968254,0.3412698412698413,0.0,0.0,0.0,0.0,0.0,0.0,0.0,0.0,0.0,0.0,0.0,0.0,0.119047619047619,0.2936507936507936,0.3412698412698413,0.0,0.0
354,0.5313688781327375,0.2256147149174399,0.9050587365605652,0.5174602517176581,20.32261400947621,4.604339015338433,1.0,1.0,0.24,13.872655365050042,4.0,0.0026,-2.840958987838811,0.0,0.0,0.1507936507936507,0.5952380952380952,0.0,0.0,0.0,0.119047619047619,0.373015873015873,0.0,0.0,0.0,0.0,0.2619047619047619,0.4206349206349206,0.0,0.0,0.0,0.0,0.5634920634920635,0.6111111111111112,0.2936507936507936,0.6746031746031746,0.0,0.0,0.0,0.0,0.0,0.373015873015873,0.6428571428571429,0.6746031746031746,0.6746031746031746,0.0,0.0,0.0,0.0,0.0,0.2301587301587301,0.6904761904761905,0.0555555555555555,0.0,0.0,0.0,0.0,0.0,0.0,0.0,0.6904761904761905,0.5793650793650794,0.5952380952380952,0.7063492063492064,0.2936507936507936,0.4047619047619047,0.0,0.0,0.5952380952380952,0.7063492063492064,0.0,0.0,0.3571428571428571,0.7063492063492064,0.4841269841269841,0.0,0.0,0.0,0.0,0.0,0.0,0.0,0.0,0.0,0.0,0.119047619047619,0.3571428571428571,0.5793650793650794,0.7222222222222222,0.4365079365079365,0.0,0.0
355,1.85807843679272,0.1308195756575613,0.9041139382922836,0.6372933962162007,22.96272153902323,2.583719120298336,1.0,1.0,0.24,14.905921269809014,4.0,0.0026,2.453511772235145,0.0,0.0,0.0,0.0079365079365079,0.0,0.0,0.0,0.0,0.0,0.0,0.0,0.0,0.0,0.0,0.0,0.0,0.0,0.0,0.0,0.0,0.0,0.0,0.0,0.0,0.0,0.0,0.0,0.0,0.0,0.0,0.0,0.0,0.0,0.0,0.0,0.0,0.0,0.0,0.0,0.0,0.0,0.0,0.0,0.0,0.0,0.0,0.0,0.0,0.0079365079365079,0.0396825396825396,0.0714285714285714,0.0,0.0714285714285714,0.0,0.0,0.0,0.0714285714285714,0.0,0.0,0.0,0.0,0.0714285714285714,0.0,0.0,0.0,0.0,0.0,0.0,0.0,0.0,0.0,0.0,0.0,0.0,0.0,0.0,0.0,0.0,0.0
356,1.841150266609306,0.1590993547185792,0.8994203898628573,0.6688795811212147,5.6719339813963146,14.576805335738902,1.0,1.0,0.24,1.817282502586081,4.0,0.0026,1.7653903888120248,0.0,0.0,0.0,0.119047619047619,0.0,0.0,0.0,0.0,0.0,0.0,0.0,0.0,0.0,0.0,0.0,0.0,0.0,0.0,0.0,0.0,0.0,0.0,0.1031746031746031,0.0,0.0,0.0,0.0,0.0,0.0,0.0,0.0079365079365079,0.0714285714285714,0.0,0.0,0.0,0.0,0.0,0.0,0.119047619047619,0.0,0.0,0.0,0.0,0.0,0.0,0.0,0.0,0.0,0.1349206349206349,0.1507936507936507,0.1507936507936507,0.0396825396825396,0.1666666666666666,0.0,0.0,0.119047619047619,0.1666666666666666,0.0,0.0,0.0,0.1031746031746031,0.1984126984126984,0.0,0.0,0.0,0.0,0.0,0.0,0.0,0.0,0.0,0.0,0.0,0.0,0.0,0.0,0.1984126984126984,0.0,0.0
357,1.6945778873102733,0.1849569341128794,0.9033762818210258,0.5925253530595994,7.808728580344018,10.147721261974423,1.0,1.0,0.24,18.287968630168063,4.0,0.0026,1.157077276909555,0.0,0.0,0.0,0.1825396825396825,0.0,0.0,0.0,0.0,0.0,0.0,0.0,0.0,0.0,0.0,0.0,0.0,0.0,0.0,0.0,0.0,0.0714285714285714,0.0,0.2142857142857142,0.0,0.0,0.0,0.0,0.0,0.0,0.0079365079365079,0.1349206349206349,0.1349206349206349,0.0,0.0,0.0,0.0,0.0,0.0,0.2142857142857142,0.0,0.0,0.0,0.0,0.0,0.0,0.0,0.0,0.0,0.2301587301587301,0.2301587301587301,0.2301587301587301,0.0317460317460317,0.1825396825396825,0.0,0.0,0.1666666666666666,0.246031746031746,0.0,0.0,0.0,0.2142857142857142,0.2619047619047619,0.0,0.0,0.0,0.0,0.0,0.0,0.0,0.0,0.0,0.0,0.0,0.0,0.0,0.1825396825396825,0.2619047619047619,0.0,0.0
358,1.1902891080925548,0.1191510667013947,0.9030701038381264,0.5627069732312162,4.820668255269004,13.379141715138678,1.0,1.0,0.24,12.787263011447555,4.0,0.0026,-1.2054839943245423,0.0,0.0,0.0,0.4206349206349206,0.0,0.0,0.0,0.0,0.1349206349206349,0.0,0.0,0.0,0.0,0.0,0.246031746031746,0.0,0.0,0.0,0.0,0.3253968253968254,0.3888888888888889,0.1666666666666666,0.4523809523809524,0.0,0.0,0.0,0.0,0.0,0.0,0.373015873015873,0.4523809523809524,0.4365079365079365,0.0,0.0,0.0,0.0,0.0,0.0,0.4523809523809524,0.0,0.0,0.0,0.0,0.0,0.0,0.0,0.0,0.4523809523809524,0.4523809523809524,0.4841269841269841,0.4841269841269841,0.1984126984126984,0.2936507936507936,0.0,0.0,0.4206349206349206,0.5,0.0,0.0,0.0,0.5,0.4047619047619047,0.0,0.0,0.0,0.0,0.0,0.0,0.0,0.0,0.0,0.0,0.0,0.0714285714285714,0.3412698412698413,0.4523809523809524,0.3888888888888889,0.0,0.0
359,1.1260317574502037,0.1682378659122923,0.893988595778333,0.5830258123687896,9.529593214708209,8.689312093736152,1.0,1.0,0.24,9.68030759482812,4.0,0.0026,-0.6031373844892729,0.0,0.0,0.0,0.373015873015873,0.0,0.0,0.0,0.0,0.0317460317460317,0.0,0.0,0.0,0.0,0.0,0.1825396825396825,0.0,0.0,0.0,0.0,0.2619047619047619,0.3253968253968254,0.119047619047619,0.3888888888888889,0.0,0.0,0.0,0.0,0.0,0.0,0.3412698412698413,0.3888888888888889,0.2936507936507936,0.0,0.0,0.0,0.0,0.0,0.0,0.4047619047619047,0.0,0.0,0.0,0.0,0.0,0.0,0.0,0.0,0.373015873015873,0.4206349206349206,0.4206349206349206,0.4206349206349206,0.1666666666666666,0.2777777777777778,0.0,0.0,0.3571428571428571,0.4365079365079365,0.0,0.0,0.0,0.4365079365079365,0.4047619047619047,0.0,0.0,0.0,0.0,0.0,0.0,0.0,0.0,0.0,0.0,0.0,0.0,0.2619047619047619,0.4365079365079365,0.3888888888888889,0.0,0.0
360,0.9713555037719728,0.1523423070768928,0.9138534595575732,0.6365649876836377,12.296349762004905,11.072601711414295,1.0,1.0,0.24,2.99557194440831,4.0,0.0026,-0.4690231263269646,0.0,0.0,0.0,0.373015873015873,0.0,0.0,0.0,0.0,0.0714285714285714,0.0,0.0,0.0,0.0,0.0,0.1984126984126984,0.0,0.0,0.0,0.0,0.2619047619047619,0.2936507936507936,0.246031746031746,0.373015873015873,0.0,0.0,0.0,0.0,0.0,0.0,0.3253968253968254,0.373015873015873,0.3888888888888889,0.0,0.0,0.0,0.0,0.0,0.0,0.3888888888888889,0.0,0.0,0.0,0.0,0.0,0.0,0.0,0.0,0.3571428571428571,0.4047619047619047,0.4047619047619047,0.4206349206349206,0.2301587301587301,0.2936507936507936,0.0,0.0,0.3253968253968254,0.4206349206349206,0.0,0.0,0.0,0.4206349206349206,0.4206349206349206,0.0,0.0,0.0,0.0,0.0,0.0,0.0,0.0,0.0,0.0,0.0,0.0,0.2619047619047619,0.4365079365079365,0.4047619047619047,0.0,0.0
361,1.5485180242438994,0.1199101733434325,0.9100469020434724,0.5526205860532057,23.63518363029857,13.813145116770414,1.0,1.0,0.24,9.292348397211436,4.0,0.0026,1.4959406429592157,0.0,0.0,0.0,0.1349206349206349,0.0,0.0,0.0,0.0,0.0,0.0,0.0,0.0,0.0,0.0,0.0,0.0,0.0,0.0,0.0,0.0,0.0317460317460317,0.0396825396825396,0.1349206349206349,0.0,0.0,0.0,0.0,0.0,0.0,0.0,0.1031746031746031,0.119047619047619,0.0,0.0,0.0,0.0,0.0,0.0,0.1507936507936507,0.0,0.0,0.0,0.0,0.0,0.0,0.0,0.0,0.0,0.1666666666666666,0.1825396825396825,0.1825396825396825,0.1349206349206349,0.1984126984126984,0.0,0.0,0.119047619047619,0.1984126984126984,0.0,0.0,0.0,0.1507936507936507,0.2142857142857142,0.0,0.0,0.0,0.0,0.0,0.0,0.0,0.0,0.0,0.0,0.0,0.0,0.0,0.0873015873015873,0.2142857142857142,0.0,0.0
362,0.9526736318584196,0.1930713368387115,0.9278001323425286,0.5980312323350063,6.661964017773775,1.5555354869595788,1.0,1.0,0.24,19.18403900259068,4.0,0.0026,-1.2050304395409213,0.0,0.0,0.0,0.4206349206349206,0.0,0.0,0.0,0.0,0.2142857142857142,0.0,0.0,0.0,0.0,0.0,0.246031746031746,0.0,0.0,0.0,0.0,0.3412698412698413,0.3888888888888889,0.0238095238095238,0.2936507936507936,0.0,0.0,0.0,0.0,0.0,0.0079365079365079,0.3888888888888889,0.3412698412698413,0.246031746031746,0.0,0.0,0.0,0.0,0.0,0.0,0.4682539682539682,0.0,0.0,0.0,0.0,0.0,0.0,0.0,0.0,0.4682539682539682,0.4206349206349206,0.4365079365079365,0.5,0.0,0.2142857142857142,0.0,0.0,0.4047619047619047,0.3571428571428571,0.0,0.0,0.0079365079365079,0.5158730158730159,0.4206349206349206,0.0,0.0,0.0,0.0,0.0,0.0,0.0,0.0,0.0,0.0,0.0,0.1031746031746031,0.3571428571428571,0.5,0.4047619047619047,0.0,0.0
363,1.837207486063128,0.2012760747782652,0.9183371268072676,0.563333013560863,10.345492550532764,8.804929409052077,1.0,1.0,0.24,5.540509830551924,4.0,0.0026,1.7999460674373176,0.0,0.0,0.0,0.119047619047619,0.0,0.0,0.0,0.0,0.0,0.0,0.0,0.0,0.0,0.0,0.0,0.0,0.0,0.0,0.0,0.0,0.0,0.0,0.119047619047619,0.0,0.0,0.0,0.0,0.0,0.0,0.0,0.0079365079365079,0.0714285714285714,0.0,0.0,0.0,0.0,0.0,0.0,0.119047619047619,0.0,0.0,0.0,0.0,0.0,0.0,0.0,0.0,0.0,0.1507936507936507,0.1507936507936507,0.1666666666666666,0.0,0.1507936507936507,0.0,0.0,0.119047619047619,0.1825396825396825,0.0,0.0,0.0,0.119047619047619,0.1984126984126984,0.0,0.0,0.0,0.0,0.0,0.0,0.0,0.0,0.0,0.0,0.0,0.0,0.0,0.0,0.1984126984126984,0.0,0.0
364,0.5754840514341866,0.1266501003942369,0.90626891621347,0.6467327766199616,14.096936122769774,7.03590745488562,1.0,1.0,0.24,1.846466995002511,4.0,0.0026,-2.280676113209003,0.0,0.0,0.0873015873015873,0.5476190476190477,0.0,0.0,0.0,0.0,0.3571428571428571,0.0,0.0,0.0,0.0,0.2301587301587301,0.373015873015873,0.0,0.0,0.0,0.0,0.4841269841269841,0.5634920634920635,0.3571428571428571,0.6111111111111112,0.0,0.0,0.0,0.0,0.0,0.2777777777777778,0.5793650793650794,0.6111111111111112,0.6111111111111112,0.0,0.0,0.0,0.0,0.0,0.1666666666666666,0.6111111111111112,0.0555555555555555,0.0,0.0,0.0,0.0,0.0,0.0,0.0,0.6111111111111112,0.5793650793650794,0.6111111111111112,0.6428571428571429,0.5,0.4047619047619047,0.0,0.0,0.5158730158730159,0.6428571428571429,0.0,0.0,0.3095238095238095,0.6428571428571429,0.4682539682539682,0.0,0.0,0.0,0.0,0.0,0.0,0.0,0.0,0.0,0.0,0.0079365079365079,0.2936507936507936,0.5158730158730159,0.6428571428571429,0.4365079365079365,0.0,0.0
365,0.7172207992203873,0.1909863846237717,0.9181841339613844,0.6874420758288597,11.46177486088321,11.896993760960202,1.0,1.0,0.24,18.105025055119977,4.0,0.0026,-1.5969945553393532,0.0,0.0,0.0,0.4682539682539682,0.0,0.0,0.0,0.0,0.2619047619047619,0.0,0.0,0.0,0.0,0.119047619047619,0.2777777777777778,0.0,0.0,0.0,0.0,0.3571428571428571,0.4206349206349206,0.3571428571428571,0.4841269841269841,0.0,0.0,0.0,0.0,0.0,0.1349206349206349,0.4365079365079365,0.4841269841269841,0.4841269841269841,0.0,0.0,0.0,0.0,0.0,0.0317460317460317,0.5,0.0,0.0,0.0,0.0,0.0,0.0,0.0,0.0,0.5,0.5158730158730159,0.5158730158730159,0.5158730158730159,0.4523809523809524,0.3888888888888889,0.0,0.0,0.4365079365079365,0.5158730158730159,0.0,0.0,0.1666666666666666,0.5158730158730159,0.4523809523809524,0.0,0.0,0.0,0.0,0.0,0.0,0.0,0.0,0.0,0.0,0.0,0.1825396825396825,0.3888888888888889,0.5317460317460317,0.4206349206349206,0.0,0.0
366,0.7987893767165501,0.1315697919510863,0.8978376749998452,0.6100129966956552,14.36594182026262,8.292535267021144,1.0,1.0,0.24,9.33888187282615,4.0,0.0026,-1.4959001493512765,0.0,0.0,0.0,0.4523809523809524,0.0,0.0,0.0,0.0,0.2619047619047619,0.0,0.0,0.0,0.0,0.0714285714285714,0.2777777777777778,0.0,0.0,0.0,0.0,0.3571428571428571,0.4206349206349206,0.2619047619047619,0.4841269841269841,0.0,0.0,0.0,0.0,0.0,0.119047619047619,0.4206349206349206,0.4841269841269841,0.4841269841269841,0.0,0.0,0.0,0.0,0.0,0.0079365079365079,0.4841269841269841,0.0,0.0,0.0,0.0,0.0,0.0,0.0,0.0,0.5,0.5,0.5158730158730159,0.5158730158730159,0.2619047619047619,0.3412698412698413,0.0,0.0,0.4365079365079365,0.5158730158730159,0.0,0.0,0.1349206349206349,0.5158730158730159,0.4365079365079365,0.0,0.0,0.0,0.0,0.0,0.0,0.0,0.0,0.0,0.0,0.0,0.1666666666666666,0.3888888888888889,0.5317460317460317,0.4206349206349206,0.0,0.0
367,0.7418050782277377,0.1972793896903114,0.8887893004556576,0.6257751486442503,21.340477149853523,8.683853704309724,1.0,1.0,0.24,14.491588877862483,4.0,0.0026,-1.5310462706169727,0.0,0.0,0.0,0.4682539682539682,0.0,0.0,0.0,0.0,0.2619047619047619,0.0,0.0,0.0,0.0,0.0873015873015873,0.2777777777777778,0.0,0.0,0.0,0.0,0.3571428571428571,0.4206349206349206,0.2936507936507936,0.4841269841269841,0.0,0.0,0.0,0.0,0.0,0.1349206349206349,0.4365079365079365,0.4841269841269841,0.4841269841269841,0.0,0.0,0.0,0.0,0.0,0.0079365079365079,0.4841269841269841,0.0,0.0,0.0,0.0,0.0,0.0,0.0,0.0,0.5,0.5158730158730159,0.5158730158730159,0.5158730158730159,0.2936507936507936,0.3571428571428571,0.0,0.0,0.4365079365079365,0.5158730158730159,0.0,0.0,0.1507936507936507,0.5158730158730159,0.4365079365079365,0.0,0.0,0.0,0.0,0.0,0.0,0.0,0.0,0.0,0.0,0.0,0.1825396825396825,0.4047619047619047,0.5317460317460317,0.4206349206349206,0.0,0.0
368,1.562587773775873,0.2072530621087929,0.9251797034063262,0.6008594250519979,12.398328488079944,6.763672099539626,1.0,1.0,0.24,17.76119674554874,4.0,0.0026,1.3702654591766843,0.0,0.0,0.0,0.1507936507936507,0.0,0.0,0.0,0.0,0.0,0.0,0.0,0.0,0.0,0.0,0.0,0.0,0.0,0.0,0.0,0.0,0.0714285714285714,0.0,0.1666666666666666,0.0,0.0,0.0,0.0,0.0,0.0,0.0,0.119047619047619,0.1349206349206349,0.0,0.0,0.0,0.0,0.0,0.0,0.1825396825396825,0.0,0.0,0.0,0.0,0.0,0.0,0.0,0.0,0.0,0.1984126984126984,0.1984126984126984,0.2142857142857142,0.0,0.1666666666666666,0.0,0.0,0.119047619047619,0.2142857142857142,0.0,0.0,0.0,0.1825396825396825,0.2301587301587301,0.0,0.0,0.0,0.0,0.0,0.0,0.0,0.0,0.0,0.0,0.0,0.0,0.0,0.119047619047619,0.2301587301587301,0.0,0.0
369,0.936465135565581,0.2023024357390578,0.9210929703808992,0.5117827182307844,8.33093128002454,9.358222313450462,1.0,1.0,0.24,2.015090483563492,4.0,0.0026,-1.404255569518321,0.0,0.0,0.0,0.4523809523809524,0.0,0.0,0.0,0.0,0.2936507936507936,0.0,0.0,0.0,0.0,0.0714285714285714,0.2936507936507936,0.0,0.0,0.0,0.0,0.3888888888888889,0.4523809523809524,0.2301587301587301,0.4682539682539682,0.0,0.0,0.0,0.0,0.0,0.1349206349206349,0.4365079365079365,0.5158730158730159,0.4523809523809524,0.0,0.0,0.0,0.0,0.0,0.0079365079365079,0.5317460317460317,0.0,0.0,0.0,0.0,0.0,0.0,0.0,0.0,0.5317460317460317,0.4682539682539682,0.5,0.5793650793650794,0.2142857142857142,0.2936507936507936,0.0,0.0,0.4523809523809524,0.5634920634920635,0.0,0.0,0.1666666666666666,0.5793650793650794,0.4206349206349206,0.0,0.0,0.0,0.0,0.0,0.0,0.0,0.0,0.0,0.0,0.0,0.1666666666666666,0.4206349206349206,0.5793650793650794,0.4047619047619047,0.0,0.0
370,1.67567657911002,0.1969578734982823,0.9092108072356686,0.6648460626723474,21.11873284187169,12.868076137758704,1.0,1.0,0.24,13.43411395898306,4.0,0.0026,2.0684762462159503,0.0,0.0,0.0,0.119047619047619,0.0,0.0,0.0,0.0,0.0,0.0,0.0,0.0,0.0,0.0,0.0,0.0,0.0,0.0,0.0,0.0,0.0,0.0079365079365079,0.0714285714285714,0.0,0.0,0.0,0.0,0.0,0.0,0.0,0.0,0.0,0.0,0.0,0.0,0.0,0.0,0.0,0.0714285714285714,0.0,0.0,0.0,0.0,0.0,0.0,0.0,0.0,0.0,0.0714285714285714,0.0873015873015873,0.1031746031746031,0.0555555555555555,0.1031746031746031,0.0,0.0,0.0555555555555555,0.119047619047619,0.0,0.0,0.0,0.0,0.1349206349206349,0.0,0.0,0.0,0.0,0.0,0.0,0.0,0.0,0.0,0.0,0.0,0.0,0.0,0.0,0.119047619047619,0.0,0.0
371,0.9984437917945284,0.2108360117466671,0.8907228873648698,0.6237031723890175,20.983102648414,14.841751459450933,1.0,1.0,0.24,14.158772063256349,4.0,0.0026,-0.3948364301641406,0.0,0.0,0.0,0.3571428571428571,0.0,0.0,0.0,0.0,0.0,0.0,0.0,0.0,0.0,0.0,0.1507936507936507,0.0,0.0,0.0,0.0,0.2301587301587301,0.2777777777777778,0.2619047619047619,0.3571428571428571,0.0,0.0,0.0,0.0,0.0,0.0,0.2936507936507936,0.3571428571428571,0.3571428571428571,0.0,0.0,0.0,0.0,0.0,0.0,0.373015873015873,0.0,0.0,0.0,0.0,0.0,0.0,0.0,0.0,0.2777777777777778,0.3888888888888889,0.3888888888888889,0.3888888888888889,0.2619047619047619,0.3253968253968254,0.0,0.0,0.3095238095238095,0.3888888888888889,0.0,0.0,0.0,0.4047619047619047,0.4206349206349206,0.0,0.0,0.0,0.0,0.0,0.0,0.0,0.0,0.0,0.0,0.0,0.0,0.2301587301587301,0.4206349206349206,0.3888888888888889,0.0,0.0
372,1.0763361410480816,0.2175462380291047,0.9184395865717409,0.5853933587847884,6.531209631174978,7.455104162557489,1.0,1.0,0.24,19.781419911350408,4.0,0.0026,-0.9758872107432796,0.0,0.0,0.0,0.4047619047619047,0.0,0.0,0.0,0.0,0.1349206349206349,0.0,0.0,0.0,0.0,0.0,0.2301587301587301,0.0,0.0,0.0,0.0,0.2936507936507936,0.3571428571428571,0.1031746031746031,0.4206349206349206,0.0,0.0,0.0,0.0,0.0,0.0,0.373015873015873,0.4206349206349206,0.3174603174603174,0.0,0.0,0.0,0.0,0.0,0.0,0.4365079365079365,0.0,0.0,0.0,0.0,0.0,0.0,0.0,0.0,0.4365079365079365,0.4365079365079365,0.4523809523809524,0.4523809523809524,0.1666666666666666,0.2777777777777778,0.0,0.0,0.3888888888888889,0.4523809523809524,0.0,0.0,0.0,0.4841269841269841,0.4047619047619047,0.0,0.0,0.0,0.0,0.0,0.0,0.0,0.0,0.0,0.0,0.0,0.0317460317460317,0.2936507936507936,0.4682539682539682,0.3888888888888889,0.0,0.0
373,1.202071123155475,0.1380168709854434,0.9020663752526352,0.6148610061763561,18.89670392573318,2.081061441881057,1.0,1.0,0.24,13.208764555278377,4.0,0.0026,0.4423682967473414,0.0,0.0,0.0,0.2619047619047619,0.0,0.0,0.0,0.0,0.0,0.0,0.0,0.0,0.0,0.0,0.0,0.0,0.0,0.0,0.0,0.119047619047619,0.1825396825396825,0.0,0.2619047619047619,0.0,0.0,0.0,0.0,0.0,0.0,0.1507936507936507,0.2301587301587301,0.1349206349206349,0.0,0.0,0.0,0.0,0.0,0.0,0.2777777777777778,0.0,0.0,0.0,0.0,0.0,0.0,0.0,0.0,0.119047619047619,0.2936507936507936,0.2936507936507936,0.2936507936507936,0.0,0.1666666666666666,0.0,0.0,0.2142857142857142,0.2936507936507936,0.0,0.0,0.0,0.2936507936507936,0.3095238095238095,0.0,0.0,0.0,0.0,0.0,0.0,0.0,0.0,0.0,0.0,0.0,0.0,0.0714285714285714,0.2619047619047619,0.3253968253968254,0.0,0.0
374,0.7438286433929233,0.1918738292153342,0.925485410922175,0.5459657326732489,4.174616955757758,6.448216040843772,1.0,1.0,0.24,16.473962453505713,4.0,0.0026,-3.25196773270559,0.0,0.0,0.1666666666666666,0.6587301587301587,0.0,0.0,0.0,0.0317460317460317,0.3888888888888889,0.0,0.0,0.0,0.0,0.2936507936507936,0.4523809523809524,0.0,0.0,0.0,0.0,0.6111111111111112,0.6904761904761905,0.2619047619047619,0.5158730158730159,0.0,0.0,0.0,0.0,0.0,0.4047619047619047,0.6587301587301587,0.6904761904761905,0.7380952380952381,0.0,0.0,0.0,0.0,0.0,0.2301587301587301,0.753968253968254,0.0,0.0,0.0,0.0,0.0,0.0,0.0,0.0,0.753968253968254,0.5317460317460317,0.5634920634920635,0.7698412698412699,0.246031746031746,0.3412698412698413,0.0,0.0,0.6587301587301587,0.626984126984127,0.0,0.0,0.3571428571428571,0.7698412698412699,0.4365079365079365,0.0,0.0,0.0,0.0,0.0,0.0,0.0,0.0,0.0,0.0,0.1349206349206349,0.4047619047619047,0.6111111111111112,0.7698412698412699,0.4206349206349206,0.0,0.0
375,1.7555427396903345,0.1415501383226798,0.9201354263474172,0.6299162115730219,23.190551456535665,7.0805681669559535,1.0,1.0,0.24,19.242839664668377,4.0,0.0026,2.3182052183209567,0.0,0.0,0.0,0.0555555555555555,0.0,0.0,0.0,0.0,0.0,0.0,0.0,0.0,0.0,0.0,0.0,0.0,0.0,0.0,0.0,0.0,0.0,0.0,0.0079365079365079,0.0,0.0,0.0,0.0,0.0,0.0,0.0,0.0,0.0,0.0,0.0,0.0,0.0,0.0,0.0,0.0079365079365079,0.0,0.0,0.0,0.0,0.0,0.0,0.0,0.0,0.0,0.0714285714285714,0.0714285714285714,0.0714285714285714,0.0,0.0714285714285714,0.0,0.0,0.0,0.0873015873015873,0.0,0.0,0.0,0.0,0.1031746031746031,0.0,0.0,0.0,0.0,0.0,0.0,0.0,0.0,0.0,0.0,0.0,0.0,0.0,0.0,0.0079365079365079,0.0,0.0
376,1.0557436515520695,0.1576520619004725,0.8897287569336557,0.5564007884523537,10.70438856050507,11.26315694682151,1.0,1.0,0.24,7.17468119042001,4.0,0.0026,-0.9404458876544984,0.0,0.0,0.0,0.4206349206349206,0.0,0.0,0.0,0.0,0.1349206349206349,0.0,0.0,0.0,0.0,0.0,0.2301587301587301,0.0,0.0,0.0,0.0,0.2936507936507936,0.3571428571428571,0.2301587301587301,0.4365079365079365,0.0,0.0,0.0,0.0,0.0,0.0,0.373015873015873,0.4206349206349206,0.4365079365079365,0.0,0.0,0.0,0.0,0.0,0.0,0.4365079365079365,0.0,0.0,0.0,0.0,0.0,0.0,0.0,0.0,0.4365079365079365,0.4523809523809524,0.4523809523809524,0.4523809523809524,0.2142857142857142,0.2936507936507936,0.0,0.0,0.4047619047619047,0.4682539682539682,0.0,0.0,0.0,0.4841269841269841,0.4047619047619047,0.0,0.0,0.0,0.0,0.0,0.0,0.0,0.0,0.0,0.0,0.0,0.0317460317460317,0.3253968253968254,0.4841269841269841,0.3888888888888889,0.0,0.0
377,1.411198903156181,0.2256991580087685,0.9230210774417378,0.615945225116659,23.93027728243244,3.2167207518519554,1.0,1.0,0.24,15.71398651478082,4.0,0.0026,1.423951209299086,0.0,0.0,0.0,0.1349206349206349,0.0,0.0,0.0,0.0,0.0,0.0,0.0,0.0,0.0,0.0,0.0,0.0,0.0,0.0,0.0,0.0,0.0555555555555555,0.0,0.1349206349206349,0.0,0.0,0.0,0.0,0.0,0.0,0.0,0.0873015873015873,0.0714285714285714,0.0,0.0,0.0,0.0,0.0,0.0,0.1507936507936507,0.0,0.0,0.0,0.0,0.0,0.0,0.0,0.0,0.0,0.1666666666666666,0.1666666666666666,0.1825396825396825,0.0,0.1507936507936507,0.0,0.0,0.119047619047619,0.1984126984126984,0.0,0.0,0.0,0.1507936507936507,0.2142857142857142,0.0,0.0,0.0,0.0,0.0,0.0,0.0,0.0,0.0,0.0,0.0,0.0,0.0,0.0714285714285714,0.2142857142857142,0.0,0.0
378,0.6519399315287856,0.1427627920807883,0.9090223004220146,0.6525681510095673,5.41445231216008,10.46859542976038,1.0,1.0,0.24,3.7622858487769264,4.0,0.0026,-2.7141296550462184,0.0,0.0,0.1349206349206349,0.6111111111111112,0.0,0.0,0.0,0.0,0.3571428571428571,0.0,0.0,0.0,0.0,0.2619047619047619,0.4047619047619047,0.0,0.0,0.0,0.0,0.5476190476190477,0.6111111111111112,0.4047619047619047,0.6587301587301587,0.0,0.0,0.0,0.0,0.0,0.373015873015873,0.6111111111111112,0.6587301587301587,0.6587301587301587,0.0,0.0,0.0,0.0,0.0,0.2142857142857142,0.6746031746031746,0.1031746031746031,0.0,0.0,0.0,0.0,0.0,0.0,0.0,0.6746031746031746,0.6111111111111112,0.6428571428571429,0.6904761904761905,0.6904761904761905,0.4047619047619047,0.0,0.0,0.5793650793650794,0.6904761904761905,0.0,0.0,0.3253968253968254,0.7063492063492064,0.4523809523809524,0.0,0.0,0.0,0.0,0.0,0.0,0.0,0.0,0.0,0.0,0.119047619047619,0.373015873015873,0.5634920634920635,0.7063492063492064,0.4365079365079365,0.0,0.0
379,0.9334100756053474,0.1495832738769519,0.9079783847381654,0.5146138383739299,3.945057539896531,4.657496734890351,1.0,1.0,0.24,4.727865317730648,4.0,0.0026,-2.499650851937435,0.0,0.0,0.0079365079365079,0.5952380952380952,0.0,0.0,0.0,0.0,0.3412698412698413,0.0,0.0,0.0,0.0,0.2301587301587301,0.4047619047619047,0.0,0.0,0.0,0.0,0.5158730158730159,0.6111111111111112,0.1507936507936507,0.4047619047619047,0.0,0.0,0.0,0.0,0.0,0.3095238095238095,0.5793650793650794,0.5,0.4523809523809524,0.0,0.0,0.0,0.0,0.0,0.1507936507936507,0.7063492063492064,0.0,0.0,0.0,0.0,0.0,0.0,0.0,0.0,0.7063492063492064,0.4682539682539682,0.5,0.7222222222222222,0.1666666666666666,0.2936507936507936,0.0,0.0,0.5793650793650794,0.4682539682539682,0.0,0.0,0.2619047619047619,0.7380952380952381,0.4206349206349206,0.0,0.0,0.0,0.0,0.0,0.0,0.0,0.0,0.0,0.0,0.0,0.3095238095238095,0.5317460317460317,0.7063492063492064,0.4047619047619047,0.0,0.0
380,1.7136219543103866,0.2168163345017705,0.913648020422052,0.5212690466707199,9.577194830760035,4.481438081601134,1.0,1.0,0.24,10.810444797197963,4.0,0.0026,1.171263648783471,0.0,0.0,0.0,0.1825396825396825,0.0,0.0,0.0,0.0,0.0,0.0,0.0,0.0,0.0,0.0,0.0,0.0,0.0,0.0,0.0,0.0079365079365079,0.0873015873015873,0.0,0.2142857142857142,0.0,0.0,0.0,0.0,0.0,0.0,0.0079365079365079,0.1349206349206349,0.1031746031746031,0.0,0.0,0.0,0.0,0.0,0.0,0.2142857142857142,0.0,0.0,0.0,0.0,0.0,0.0,0.0,0.0,0.0238095238095238,0.2301587301587301,0.2301587301587301,0.246031746031746,0.0,0.1349206349206349,0.0,0.0,0.1666666666666666,0.246031746031746,0.0,0.0,0.0,0.2301587301587301,0.2619047619047619,0.0,0.0,0.0,0.0,0.0,0.0,0.0,0.0,0.0,0.0,0.0,0.0,0.0,0.1666666666666666,0.2619047619047619,0.0,0.0
381,1.3643291273052136,0.2057189664913456,0.9011779286444218,0.5114497570108539,17.080469118908177,13.480417505897965,1.0,1.0,0.24,2.274870836303206,4.0,0.0026,0.5701447142910905,0.0,0.0,0.0,0.2619047619047619,0.0,0.0,0.0,0.0,0.0,0.0,0.0,0.0,0.0,0.0,0.0,0.0,0.0,0.0,0.0,0.119047619047619,0.1825396825396825,0.1031746031746031,0.2777777777777778,0.0,0.0,0.0,0.0,0.0,0.0,0.1349206349206349,0.2301587301587301,0.246031746031746,0.0,0.0,0.0,0.0,0.0,0.0,0.2777777777777778,0.0,0.0,0.0,0.0,0.0,0.0,0.0,0.0,0.1349206349206349,0.2936507936507936,0.2936507936507936,0.2936507936507936,0.1666666666666666,0.2619047619047619,0.0,0.0,0.2142857142857142,0.2936507936507936,0.0,0.0,0.0,0.2936507936507936,0.3253968253968254,0.0,0.0,0.0,0.0,0.0,0.0,0.0,0.0,0.0,0.0,0.0,0.0,0.0317460317460317,0.2777777777777778,0.3412698412698413,0.0,0.0
382,0.9657743083875004,0.1883721462142202,0.8953416664387006,0.5140717078549356,24.578883461596444,12.625782445333089,1.0,1.0,0.24,6.810416587760367,4.0,0.0026,-0.6202960947171944,0.0,0.0,0.0,0.3888888888888889,0.0,0.0,0.0,0.0,0.1031746031746031,0.0,0.0,0.0,0.0,0.0,0.1984126984126984,0.0,0.0,0.0,0.0,0.2619047619047619,0.3253968253968254,0.2619047619047619,0.3888888888888889,0.0,0.0,0.0,0.0,0.0,0.0,0.3571428571428571,0.3888888888888889,0.4047619047619047,0.0,0.0,0.0,0.0,0.0,0.0,0.4047619047619047,0.0,0.0,0.0,0.0,0.0,0.0,0.0,0.0,0.4047619047619047,0.4206349206349206,0.4206349206349206,0.4206349206349206,0.246031746031746,0.3253968253968254,0.0,0.0,0.3412698412698413,0.4365079365079365,0.0,0.0,0.0,0.4365079365079365,0.4206349206349206,0.0,0.0,0.0,0.0,0.0,0.0,0.0,0.0,0.0,0.0,0.0,0.0,0.2619047619047619,0.4365079365079365,0.4047619047619047,0.0,0.0
383,1.2345988379219357,0.1209794363126465,0.9156472962238706,0.6132935701873937,14.262093445490944,14.229296732100844,1.0,1.0,0.24,16.65116533258217,4.0,0.0026,0.383491230598094,0.0,0.0,0.0,0.2619047619047619,0.0,0.0,0.0,0.0,0.0,0.0,0.0,0.0,0.0,0.0,0.0,0.0,0.0,0.0,0.0,0.1349206349206349,0.1825396825396825,0.1349206349206349,0.2777777777777778,0.0,0.0,0.0,0.0,0.0,0.0,0.1507936507936507,0.2301587301587301,0.246031746031746,0.0,0.0,0.0,0.0,0.0,0.0,0.2777777777777778,0.0,0.0,0.0,0.0,0.0,0.0,0.0,0.0,0.1349206349206349,0.2936507936507936,0.2936507936507936,0.2936507936507936,0.1825396825396825,0.2777777777777778,0.0,0.0,0.2142857142857142,0.2936507936507936,0.0,0.0,0.0,0.2936507936507936,0.3253968253968254,0.0,0.0,0.0,0.0,0.0,0.0,0.0,0.0,0.0,0.0,0.0,0.0,0.0714285714285714,0.2936507936507936,0.3253968253968254,0.0,0.0
384,0.8438922233950814,0.2049868760552978,0.912166791750448,0.570159833621788,17.2525561431352,8.182530934753071,1.0,1.0,0.24,6.194293065424055,4.0,0.0026,-0.9780974944813672,0.0,0.0,0.0,0.4206349206349206,0.0,0.0,0.0,0.0,0.2142857142857142,0.0,0.0,0.0,0.0,0.0079365079365079,0.2301587301587301,0.0,0.0,0.0,0.0,0.3253968253968254,0.373015873015873,0.246031746031746,0.4365079365079365,0.0,0.0,0.0,0.0,0.0,0.0079365079365079,0.3888888888888889,0.4206349206349206,0.4365079365079365,0.0,0.0,0.0,0.0,0.0,0.0,0.4365079365079365,0.0,0.0,0.0,0.0,0.0,0.0,0.0,0.0,0.4523809523809524,0.4682539682539682,0.4682539682539682,0.4682539682539682,0.2301587301587301,0.3253968253968254,0.0,0.0,0.3888888888888889,0.4682539682539682,0.0,0.0,0.0317460317460317,0.4841269841269841,0.4365079365079365,0.0,0.0,0.0,0.0,0.0,0.0,0.0,0.0,0.0,0.0,0.0,0.1031746031746031,0.3412698412698413,0.5,0.4047619047619047,0.0,0.0
385,0.9309772655305382,0.197962546912865,0.9067868895860108,0.6212681813605043,17.77720857531391,10.650531638916464,1.0,1.0,0.24,3.724398255385492,4.0,0.0026,-0.4606517389346433,0.0,0.0,0.0,0.373015873015873,0.0,0.0,0.0,0.0,0.0714285714285714,0.0,0.0,0.0,0.0,0.0,0.1984126984126984,0.0,0.0,0.0,0.0,0.2619047619047619,0.2936507936507936,0.246031746031746,0.373015873015873,0.0,0.0,0.0,0.0,0.0,0.0,0.3253968253968254,0.373015873015873,0.373015873015873,0.0,0.0,0.0,0.0,0.0,0.0,0.3888888888888889,0.0,0.0,0.0,0.0,0.0,0.0,0.0,0.0,0.373015873015873,0.4047619047619047,0.4047619047619047,0.4047619047619047,0.2301587301587301,0.3253968253968254,0.0,0.0,0.3253968253968254,0.4206349206349206,0.0,0.0,0.0,0.4206349206349206,0.4206349206349206,0.0,0.0,0.0,0.0,0.0,0.0,0.0,0.0,0.0,0.0,0.0,0.0,0.2619047619047619,0.4365079365079365,0.4047619047619047,0.0,0.0
386,0.5922041686340429,0.2197722093475926,0.888866039987969,0.6732318083656272,23.328036419990315,6.896989529095206,1.0,1.0,0.24,19.373014112026294,4.0,0.0026,-2.202498059725132,0.0,0.0,0.0238095238095238,0.5158730158730159,0.0,0.0,0.0,0.0,0.3253968253968254,0.0,0.0,0.0,0.0,0.1825396825396825,0.3571428571428571,0.0,0.0,0.0,0.0,0.4206349206349206,0.5,0.3412698412698413,0.5476190476190477,0.0,0.0,0.0,0.0,0.0,0.246031746031746,0.5158730158730159,0.5476190476190477,0.5476190476190477,0.0,0.0,0.0,0.0,0.0,0.1349206349206349,0.5634920634920635,0.0,0.0,0.0,0.0,0.0,0.0,0.0,0.0,0.5634920634920635,0.5793650793650794,0.5793650793650794,0.5793650793650794,0.3571428571428571,0.4047619047619047,0.0,0.0,0.5,0.5793650793650794,0.0,0.0,0.2619047619047619,0.5793650793650794,0.4682539682539682,0.0,0.0,0.0,0.0,0.0,0.0,0.0,0.0,0.0,0.0,0.0,0.2777777777777778,0.4682539682539682,0.5952380952380952,0.4365079365079365,0.0,0.0
387,1.0063770877913991,0.2145046246298541,0.919534996745475,0.625013915737838,10.240300717240428,2.0233240152377743,1.0,1.0,0.24,11.321254623248814,4.0,0.0026,-0.4409880873653334,0.0,0.0,0.0,0.3412698412698413,0.0,0.0,0.0,0.0,0.0317460317460317,0.0,0.0,0.0,0.0,0.0,0.1825396825396825,0.0,0.0,0.0,0.0,0.2619047619047619,0.2936507936507936,0.0079365079365079,0.2936507936507936,0.0,0.0,0.0,0.0,0.0,0.0,0.2936507936507936,0.3571428571428571,0.2142857142857142,0.0,0.0,0.0,0.0,0.0,0.0,0.3888888888888889,0.0,0.0,0.0,0.0,0.0,0.0,0.0,0.0,0.3571428571428571,0.4047619047619047,0.4047619047619047,0.4047619047619047,0.0,0.2142857142857142,0.0,0.0,0.2936507936507936,0.3571428571428571,0.0,0.0,0.0,0.4206349206349206,0.4206349206349206,0.0,0.0,0.0,0.0,0.0,0.0,0.0,0.0,0.0,0.0,0.0,0.0,0.246031746031746,0.4206349206349206,0.3888888888888889,0.0,0.0
388,1.8205962552051267,0.1481521666412313,0.9113607026155404,0.631667770217282,10.32055981814128,10.94787299307196,1.0,1.0,0.24,11.283390562686671,4.0,0.0026,1.9679483423338755,0.0,0.0,0.0,0.1031746031746031,0.0,0.0,0.0,0.0,0.0,0.0,0.0,0.0,0.0,0.0,0.0,0.0,0.0,0.0,0.0,0.0,0.0,0.0,0.0714285714285714,0.0,0.0,0.0,0.0,0.0,0.0,0.0,0.0,0.0,0.0,0.0,0.0,0.0,0.0,0.0,0.0873015873015873,0.0,0.0,0.0,0.0,0.0,0.0,0.0,0.0,0.0,0.119047619047619,0.119047619047619,0.1349206349206349,0.0,0.1349206349206349,0.0,0.0,0.0714285714285714,0.1349206349206349,0.0,0.0,0.0,0.0,0.1666666666666666,0.0,0.0,0.0,0.0,0.0,0.0,0.0,0.0,0.0,0.0,0.0,0.0,0.0,0.0,0.1666666666666666,0.0,0.0
389,0.5203143174556493,0.1628722921933217,0.9125428315941664,0.5385535437812476,12.048918956201042,12.732661671187811,1.0,1.0,0.24,13.359506046674378,4.0,0.0026,-3.6976743996002206,0.0,0.0,0.246031746031746,0.7222222222222222,0.0,0.0,0.0,0.2142857142857142,0.4365079365079365,0.0,0.0,0.0,0.0,0.373015873015873,0.4682539682539682,0.0,0.0,0.0,0.0,0.6428571428571429,0.7063492063492064,0.7063492063492064,0.7380952380952381,0.1111111111111111,0.0,0.0,0.0,0.0,0.4523809523809524,0.7380952380952381,0.7380952380952381,0.7380952380952381,0.0,0.0,0.0,0.0,0.0,0.2936507936507936,0.7380952380952381,0.1825396825396825,0.0,0.0,0.0,0.0,0.0,0.0,0.0,0.753968253968254,0.7063492063492064,0.7380952380952381,0.753968253968254,0.753968253968254,0.5238095238095238,0.0,0.0,0.6904761904761905,0.7698412698412699,0.0,0.0,0.4365079365079365,0.7698412698412699,0.4841269841269841,0.0,0.0,0.0,0.0,0.0,0.0,0.0,0.0,0.0,0.0,0.2142857142857142,0.4206349206349206,0.6904761904761905,0.7698412698412699,0.4523809523809524,0.0,0.0
390,0.8201470027571236,0.1947247144389209,0.9217355015510212,0.6613007507200493,10.413510303064378,7.290157197725035,1.0,1.0,0.24,2.3336590502539445,4.0,0.0026,-0.9102351311481918,0.0,0.0,0.0,0.4206349206349206,0.0,0.0,0.0,0.0,0.2142857142857142,0.0,0.0,0.0,0.0,0.0079365079365079,0.246031746031746,0.0,0.0,0.0,0.0,0.3253968253968254,0.373015873015873,0.2301587301587301,0.4365079365079365,0.0,0.0,0.0,0.0,0.0,0.0238095238095238,0.3888888888888889,0.4365079365079365,0.4365079365079365,0.0,0.0,0.0,0.0,0.0,0.0,0.4365079365079365,0.0,0.0,0.0,0.0,0.0,0.0,0.0,0.0,0.4523809523809524,0.4682539682539682,0.4682539682539682,0.4682539682539682,0.2142857142857142,0.3253968253968254,0.0,0.0,0.3888888888888889,0.4682539682539682,0.0,0.0,0.0555555555555555,0.4841269841269841,0.4365079365079365,0.0,0.0,0.0,0.0,0.0,0.0,0.0,0.0,0.0,0.0,0.0,0.119047619047619,0.3412698412698413,0.5,0.4047619047619047,0.0,0.0
391,1.2532410597368078,0.1177152638479924,0.9039033279768708,0.6164875971282543,24.27357136370929,4.031727341103695,1.0,1.0,0.24,8.623608935770696,4.0,0.0026,0.7787412205087982,0.0,0.0,0.0,0.2142857142857142,0.0,0.0,0.0,0.0,0.0,0.0,0.0,0.0,0.0,0.0,0.0,0.0,0.0,0.0,0.0,0.0714285714285714,0.119047619047619,0.0,0.2301587301587301,0.0,0.0,0.0,0.0,0.0,0.0,0.119047619047619,0.1666666666666666,0.1507936507936507,0.0,0.0,0.0,0.0,0.0,0.0,0.2301587301587301,0.0,0.0,0.0,0.0,0.0,0.0,0.0,0.0,0.119047619047619,0.246031746031746,0.246031746031746,0.2619047619047619,0.0,0.1984126984126984,0.0,0.0,0.1825396825396825,0.2619047619047619,0.0,0.0,0.0,0.2619047619047619,0.2777777777777778,0.0,0.0,0.0,0.0,0.0,0.0,0.0,0.0,0.0,0.0,0.0,0.0,0.0,0.2142857142857142,0.2777777777777778,0.0,0.0
392,1.0329503580813335,0.2079840958017685,0.9219232924161584,0.6189326935587341,11.37914047218807,11.161217475361374,1.0,1.0,0.24,14.575298684570528,4.0,0.0026,-0.401447480582691,0.0,0.0,0.0,0.3412698412698413,0.0,0.0,0.0,0.0,0.0,0.0,0.0,0.0,0.0,0.0,0.1666666666666666,0.0,0.0,0.0,0.0,0.246031746031746,0.2777777777777778,0.2142857142857142,0.373015873015873,0.0,0.0,0.0,0.0,0.0,0.0,0.2777777777777778,0.373015873015873,0.373015873015873,0.0,0.0,0.0,0.0,0.0,0.0,0.373015873015873,0.0,0.0,0.0,0.0,0.0,0.0,0.0,0.0,0.2936507936507936,0.3888888888888889,0.3888888888888889,0.3888888888888889,0.2142857142857142,0.2936507936507936,0.0,0.0,0.2936507936507936,0.4047619047619047,0.0,0.0,0.0,0.4047619047619047,0.4047619047619047,0.0,0.0,0.0,0.0,0.0,0.0,0.0,0.0,0.0,0.0,0.0,0.0,0.2301587301587301,0.4206349206349206,0.3888888888888889,0.0,0.0
393,1.7645271000335778,0.1995135830011427,0.9131567360655588,0.5383630839896162,16.88568353722291,7.648714627556777,1.0,1.0,0.24,9.06132021113687,4.0,0.0026,1.8482325304263607,0.0,0.0,0.0,0.119047619047619,0.0,0.0,0.0,0.0,0.0,0.0,0.0,0.0,0.0,0.0,0.0,0.0,0.0,0.0,0.0,0.0,0.0,0.0,0.1031746031746031,0.0,0.0,0.0,0.0,0.0,0.0,0.0,0.0,0.0238095238095238,0.0,0.0,0.0,0.0,0.0,0.0,0.119047619047619,0.0,0.0,0.0,0.0,0.0,0.0,0.0,0.0,0.0,0.1349206349206349,0.1349206349206349,0.1507936507936507,0.0,0.1507936507936507,0.0,0.0,0.0873015873015873,0.1666666666666666,0.0,0.0,0.0,0.0714285714285714,0.1825396825396825,0.0,0.0,0.0,0.0,0.0,0.0,0.0,0.0,0.0,0.0,0.0,0.0,0.0,0.0,0.1825396825396825,0.0,0.0
394,0.8533425262500643,0.1507893712216029,0.914071089996801,0.6691058037990749,18.941243343072607,11.444410085174836,1.0,1.0,0.24,8.903063682912352,4.0,0.0026,-0.613377634631886,0.0,0.0,0.0,0.373015873015873,0.0,0.0,0.0,0.0,0.0873015873015873,0.0,0.0,0.0,0.0,0.0,0.1984126984126984,0.0,0.0,0.0,0.0,0.2619047619047619,0.3095238095238095,0.2619047619047619,0.3888888888888889,0.0,0.0,0.0,0.0,0.0,0.0,0.3412698412698413,0.3888888888888889,0.3888888888888889,0.0,0.0,0.0,0.0,0.0,0.0,0.3888888888888889,0.0,0.0,0.0,0.0,0.0,0.0,0.0,0.0,0.373015873015873,0.4047619047619047,0.4047619047619047,0.4047619047619047,0.2619047619047619,0.3412698412698413,0.0,0.0,0.3412698412698413,0.4206349206349206,0.0,0.0,0.0,0.4206349206349206,0.4206349206349206,0.0,0.0,0.0,0.0,0.0,0.0,0.0,0.0,0.0,0.0,0.0,0.0,0.2619047619047619,0.4365079365079365,0.4047619047619047,0.0,0.0
395,1.2779119051424026,0.1845589304943701,0.8909646861229292,0.6711494147343409,16.789355197263426,1.3987755239601851,1.0,1.0,0.24,15.843678257559237,4.0,0.0026,0.7060175340804166,0.0,0.0,0.0,0.2301587301587301,0.0,0.0,0.0,0.0,0.0,0.0,0.0,0.0,0.0,0.0,0.0,0.0,0.0,0.0,0.0,0.0714285714285714,0.1349206349206349,0.0,0.2301587301587301,0.0,0.0,0.0,0.0,0.0,0.0,0.1349206349206349,0.1825396825396825,0.119047619047619,0.0,0.0,0.0,0.0,0.0,0.0,0.246031746031746,0.0,0.0,0.0,0.0,0.0,0.0,0.0,0.0,0.119047619047619,0.2619047619047619,0.2619047619047619,0.2619047619047619,0.0,0.1666666666666666,0.0,0.0,0.1984126984126984,0.2777777777777778,0.0,0.0,0.0,0.2619047619047619,0.2777777777777778,0.0,0.0,0.0,0.0,0.0,0.0,0.0,0.0,0.0,0.0,0.0,0.0,0.0,0.2142857142857142,0.2936507936507936,0.0,0.0
396,1.9192990064356183,0.221411741112363,0.9258499543680258,0.5235874061803569,19.834753555984165,8.88682850890643,1.0,1.0,0.24,10.586379277748678,4.0,0.0026,2.431214942094833,0.0,0.0,0.0,0.0714285714285714,0.0,0.0,0.0,0.0,0.0,0.0,0.0,0.0,0.0,0.0,0.0,0.0,0.0,0.0,0.0,0.0,0.0,0.0,0.0555555555555555,0.0,0.0,0.0,0.0,0.0,0.0,0.0,0.0,0.0,0.0,0.0,0.0,0.0,0.0,0.0,0.0079365079365079,0.0,0.0,0.0,0.0,0.0,0.0,0.0,0.0,0.0,0.0714285714285714,0.0714285714285714,0.0714285714285714,0.0,0.0873015873015873,0.0,0.0,0.0,0.1031746031746031,0.0,0.0,0.0,0.0,0.1031746031746031,0.0,0.0,0.0,0.0,0.0,0.0,0.0,0.0,0.0,0.0,0.0,0.0,0.0,0.0,0.0396825396825396,0.0,0.0
397,1.069207567968652,0.1840623587570431,0.926845495022884,0.6079052819614609,4.342080852411795,12.02572936573501,1.0,1.0,0.24,14.76635346216364,4.0,0.0026,-1.2166907203467736,0.0,0.0,0.0,0.4365079365079365,0.0,0.0,0.0,0.0,0.1666666666666666,0.0,0.0,0.0,0.0,0.0,0.2619047619047619,0.0,0.0,0.0,0.0,0.3412698412698413,0.3888888888888889,0.2301587301587301,0.4523809523809524,0.0,0.0,0.0,0.0,0.0,0.0,0.3888888888888889,0.4523809523809524,0.4523809523809524,0.0,0.0,0.0,0.0,0.0,0.0,0.4523809523809524,0.0,0.0,0.0,0.0,0.0,0.0,0.0,0.0,0.4682539682539682,0.4523809523809524,0.4841269841269841,0.5,0.2142857142857142,0.2936507936507936,0.0,0.0,0.4365079365079365,0.5,0.0,0.0,0.0,0.5,0.4047619047619047,0.0,0.0,0.0,0.0,0.0,0.0,0.0,0.0,0.0,0.0,0.0,0.1031746031746031,0.3571428571428571,0.5,0.3888888888888889,0.0,0.0
398,0.8259988883414348,0.2176718515388931,0.8996023794636351,0.6230982032419762,19.894559068741987,10.79222701405902,1.0,1.0,0.24,19.557972338097247,4.0,0.0026,-1.0883539609774993,0.0,0.0,0.0,0.4206349206349206,0.0,0.0,0.0,0.0,0.1825396825396825,0.0,0.0,0.0,0.0,0.0079365079365079,0.2301587301587301,0.0,0.0,0.0,0.0,0.3095238095238095,0.3571428571428571,0.2777777777777778,0.4365079365079365,0.0,0.0,0.0,0.0,0.0,0.0079365079365079,0.3888888888888889,0.4206349206349206,0.4365079365079365,0.0,0.0,0.0,0.0,0.0,0.0,0.4365079365079365,0.0,0.0,0.0,0.0,0.0,0.0,0.0,0.0,0.4365079365079365,0.4523809523809524,0.4523809523809524,0.4523809523809524,0.2619047619047619,0.3412698412698413,0.0,0.0,0.3888888888888889,0.4682539682539682,0.0,0.0,0.0317460317460317,0.4682539682539682,0.4365079365079365,0.0,0.0,0.0,0.0,0.0,0.0,0.0,0.0,0.0,0.0,0.0,0.1031746031746031,0.3412698412698413,0.4682539682539682,0.4047619047619047,0.0,0.0
399,0.5416159856381637,0.1436832934511082,0.903184357966126,0.6608430814263971,5.470308126314848,3.622610697440301,1.0,1.0,0.24,6.359244514658176,4.0,0.0026,-3.2706489709621502,0.0,0.0,0.246031746031746,0.6746031746031746,0.0,0.0,0.0,0.1507936507936507,0.4365079365079365,0.0,0.0,0.0,0.0,0.3571428571428571,0.4682539682539682,0.0,0.0,0.0,0.0,0.626984126984127,0.6904761904761905,0.2777777777777778,0.6111111111111112,0.0,0.0,0.0,0.0,0.0,0.4365079365079365,0.6904761904761905,0.7222222222222222,0.7380952380952381,0.0,0.0,0.0,0.0,0.0,0.2777777777777778,0.7380952380952381,0.0634920634920634,0.0,0.0,0.0,0.0,0.0,0.0,0.0,0.7380952380952381,0.5793650793650794,0.5952380952380952,0.753968253968254,0.2619047619047619,0.3888888888888889,0.0,0.0,0.6746031746031746,0.6428571428571429,0.0,0.0,0.4206349206349206,0.753968253968254,0.4841269841269841,0.0,0.0,0.0,0.0,0.0,0.0,0.0,0.0,0.0,0.0,0.1984126984126984,0.4365079365079365,0.6587301587301587,0.753968253968254,0.4523809523809524,0.0,0.0
400,1.5116446844073532,0.1278969363509182,0.8895459204386975,0.6253616333189937,11.090895412147676,8.842158945367226,1.0,1.0,0.24,10.735344345915534,4.0,0.0026,0.9340302608049212,0.0,0.0,0.0,0.2142857142857142,0.0,0.0,0.0,0.0,0.0,0.0,0.0,0.0,0.0,0.0,0.0,0.0,0.0,0.0,0.0,0.0317460317460317,0.1031746031746031,0.0079365079365079,0.2142857142857142,0.0,0.0,0.0,0.0,0.0,0.0,0.0873015873015873,0.1507936507936507,0.1666666666666666,0.0,0.0,0.0,0.0,0.0,0.0,0.2301587301587301,0.0,0.0,0.0,0.0,0.0,0.0,0.0,0.0,0.0396825396825396,0.246031746031746,0.246031746031746,0.246031746031746,0.0555555555555555,0.2142857142857142,0.0,0.0,0.1825396825396825,0.2619047619047619,0.0,0.0,0.0,0.246031746031746,0.2777777777777778,0.0,0.0,0.0,0.0,0.0,0.0,0.0,0.0,0.0,0.0,0.0,0.0,0.0,0.2142857142857142,0.2777777777777778,0.0,0.0
401,1.118445532008066,0.1733854054598427,0.8886345588933323,0.669928338916522,8.048024640417863,9.512095317287724,1.0,1.0,0.24,8.544594278380426,4.0,0.0026,-0.3269431983390686,0.0,0.0,0.0,0.3571428571428571,0.0,0.0,0.0,0.0,0.0,0.0,0.0,0.0,0.0,0.0,0.1349206349206349,0.0,0.0,0.0,0.0,0.2301587301587301,0.2777777777777778,0.1349206349206349,0.3571428571428571,0.0,0.0,0.0,0.0,0.0,0.0,0.2777777777777778,0.3571428571428571,0.2936507936507936,0.0,0.0,0.0,0.0,0.0,0.0,0.373015873015873,0.0,0.0,0.0,0.0,0.0,0.0,0.0,0.0,0.2619047619047619,0.3888888888888889,0.3888888888888889,0.3888888888888889,0.1825396825396825,0.2936507936507936,0.0,0.0,0.3253968253968254,0.4047619047619047,0.0,0.0,0.0,0.4047619047619047,0.4047619047619047,0.0,0.0,0.0,0.0,0.0,0.0,0.0,0.0,0.0,0.0,0.0,0.0,0.2301587301587301,0.4047619047619047,0.3888888888888889,0.0,0.0
402,0.6035323712766856,0.1613858767737381,0.9068819809466444,0.5582568050446527,1.7979323322330718,12.890372898102152,1.0,1.0,0.24,1.8929086943222049,4.0,0.0026,-4.444678318330976,0.0,0.2142857142857142,0.4523809523809524,0.9285714285714286,0.0,0.0,0.0,0.3412698412698413,0.7222222222222222,0.0,0.0,0.0,0.0,0.6746031746031746,0.8015873015873016,0.0,0.0,0.0,0.0,0.9603174603174603,0.9603174603174603,0.6111111111111112,0.9761904761904762,0.119047619047619,0.0,0.0,0.0,0.119047619047619,0.753968253968254,0.992063492063492,0.9761904761904762,0.992063492063492,0.0,0.0,0.0,0.0,0.0,0.6428571428571429,1.0,0.1428571428571428,0.0,0.0,0.0,0.0,0.0,0.0396825396825396,0.2301587301587301,1.0,0.7222222222222222,0.7698412698412699,1.0,0.992063492063492,0.4365079365079365,0.0,0.0,0.9761904761904762,0.9761904761904762,0.0,0.2142857142857142,0.753968253968254,1.0,0.4682539682539682,0.0,0.0,0.0,0.0,0.0,0.0,0.0,0.0,0.0,0.1666666666666666,0.4047619047619047,0.6746031746031746,0.9285714285714286,1.0,0.4365079365079365,0.0,0.0
403,1.17633801963054,0.139006090349369,0.9073725647090152,0.6654953587853021,24.029557915870623,9.088554707085432,1.0,1.0,0.24,1.5069381765667318,4.0,0.0026,0.7279300225704148,0.0,0.0,0.0,0.2301587301587301,0.0,0.0,0.0,0.0,0.0,0.0,0.0,0.0,0.0,0.0,0.0,0.0,0.0,0.0,0.0,0.0873015873015873,0.119047619047619,0.0873015873015873,0.2301587301587301,0.0,0.0,0.0,0.0,0.0,0.0,0.1349206349206349,0.1984126984126984,0.2142857142857142,0.0,0.0,0.0,0.0,0.0,0.0,0.246031746031746,0.0,0.0,0.0,0.0,0.0,0.0,0.0,0.0,0.119047619047619,0.2619047619047619,0.2619047619047619,0.2619047619047619,0.1666666666666666,0.2619047619047619,0.0,0.0,0.1984126984126984,0.2777777777777778,0.0,0.0,0.0,0.2777777777777778,0.2777777777777778,0.0,0.0,0.0,0.0,0.0,0.0,0.0,0.0,0.0,0.0,0.0,0.0,0.0,0.246031746031746,0.2777777777777778,0.0,0.0
404,1.3220174164372822,0.1513725569902249,0.9286973965237488,0.6271740019834928,2.725075868675864,2.6550854656757084,1.0,1.0,0.24,4.9829209166750745,4.0,0.0026,-0.3285936716974099,0.0,0.0,0.0,0.3571428571428571,0.0,0.0,0.0,0.0,0.0,0.0,0.0,0.0,0.0,0.0,0.1349206349206349,0.0,0.0,0.0,0.0,0.246031746031746,0.2936507936507936,0.0,0.2936507936507936,0.0,0.0,0.0,0.0,0.0,0.0,0.2619047619047619,0.3412698412698413,0.2142857142857142,0.0,0.0,0.0,0.0,0.0,0.0,0.3888888888888889,0.0,0.0,0.0,0.0,0.0,0.0,0.0,0.0,0.246031746031746,0.3888888888888889,0.4047619047619047,0.4206349206349206,0.0,0.1666666666666666,0.0,0.0,0.3571428571428571,0.3412698412698413,0.0,0.0,0.0,0.4206349206349206,0.3888888888888889,0.0,0.0,0.0,0.0,0.0,0.0,0.0,0.0,0.0,0.0,0.0,0.0,0.246031746031746,0.3888888888888889,0.373015873015873,0.0,0.0
405,0.7754342541416175,0.1701473501626506,0.8902351926987033,0.5432042709401628,2.497509871986239,6.250915130665698,1.0,1.0,0.24,5.878633538022204,4.0,0.0026,-3.6078229036542906,0.0,0.0,0.246031746031746,0.7380952380952381,0.0,0.0,0.0,0.1349206349206349,0.5,0.0,0.0,0.0,0.0,0.4047619047619047,0.5793650793650794,0.0,0.0,0.0,0.0,0.753968253968254,0.8333333333333334,0.2619047619047619,0.5317460317460317,0.0,0.0,0.0,0.0,0.0,0.5158730158730159,0.7698412698412699,0.7222222222222222,0.8492063492063492,0.0,0.0,0.0,0.0,0.0,0.3888888888888889,0.8650793650793651,0.0,0.0,0.0,0.0,0.0,0.0,0.0,0.0238095238095238,0.8650793650793651,0.5634920634920635,0.6111111111111112,0.8333333333333334,0.2619047619047619,0.3412698412698413,0.0,0.0,0.753968253968254,0.6587301587301587,0.0,0.0,0.4841269841269841,0.9285714285714286,0.4365079365079365,0.0,0.0,0.0,0.0,0.0,0.0,0.0,0.0,0.0,0.0,0.246031746031746,0.4841269841269841,0.7222222222222222,0.873015873015873,0.4206349206349206,0.0,0.0
406,1.49067276199728,0.1454153783631663,0.9093542603065076,0.5539428845385502,14.331452605816835,6.671822693505248,1.0,1.0,0.24,0.9774991434288344,4.0,0.0026,1.0198802377393337,0.0,0.0,0.0,0.1984126984126984,0.0,0.0,0.0,0.0,0.0,0.0,0.0,0.0,0.0,0.0,0.0,0.0,0.0,0.0,0.0,0.0555555555555555,0.119047619047619,0.0,0.2301587301587301,0.0,0.0,0.0,0.0,0.0,0.0,0.0873015873015873,0.1349206349206349,0.1507936507936507,0.0,0.0,0.0,0.0,0.0,0.0,0.2301587301587301,0.0,0.0,0.0,0.0,0.0,0.0,0.0,0.0,0.0555555555555555,0.246031746031746,0.246031746031746,0.2619047619047619,0.0158730158730158,0.1825396825396825,0.0,0.0,0.1666666666666666,0.2619047619047619,0.0,0.0,0.0,0.246031746031746,0.2777777777777778,0.0,0.0,0.0,0.0,0.0,0.0,0.0,0.0,0.0,0.0,0.0,0.0,0.0,0.2142857142857142,0.2777777777777778,0.0,0.0
407,1.3436213489520874,0.1983352206534369,0.9025427005230536,0.521142100723072,2.5804374992661674,12.275100822034306,1.0,1.0,0.24,2.030736398685225,4.0,0.0026,-1.3294033722423726,0.0,0.0,0.0,0.4523809523809524,0.0,0.0,0.0,0.0,0.1507936507936507,0.0,0.0,0.0,0.0,0.0,0.2619047619047619,0.0,0.0,0.0,0.0,0.3888888888888889,0.4365079365079365,0.119047619047619,0.4206349206349206,0.0,0.0,0.0,0.0,0.0,0.0079365079365079,0.4365079365079365,0.5158730158730159,0.4523809523809524,0.0,0.0,0.0,0.0,0.0,0.0,0.5317460317460317,0.0,0.0,0.0,0.0,0.0,0.0,0.0,0.0,0.4841269841269841,0.4523809523809524,0.4841269841269841,0.5793650793650794,0.1666666666666666,0.2619047619047619,0.0,0.0,0.4523809523809524,0.5,0.0,0.0,0.0,0.5793650793650794,0.3888888888888889,0.0,0.0,0.0,0.0,0.0,0.0,0.0,0.0,0.0,0.0,0.0,0.1349206349206349,0.3888888888888889,0.5158730158730159,0.3888888888888889,0.0,0.0
408,0.5883951752295755,0.1663815443529699,0.8894808845155059,0.5600187889324244,18.19487898616442,5.049795779167923,1.0,1.0,0.24,12.31648441143364,4.0,0.0026,-2.75615022224343,0.0,0.0,0.119047619047619,0.5793650793650794,0.0,0.0,0.0,0.0317460317460317,0.373015873015873,0.0,0.0,0.0,0.0,0.246031746031746,0.4047619047619047,0.0,0.0,0.0,0.0,0.5158730158730159,0.5793650793650794,0.2936507936507936,0.626984126984127,0.0,0.0,0.0,0.0,0.0,0.3412698412698413,0.6111111111111112,0.6428571428571429,0.6428571428571429,0.0,0.0,0.0,0.0,0.0,0.2142857142857142,0.6587301587301587,0.0,0.0,0.0,0.0,0.0,0.0,0.0,0.0,0.6587301587301587,0.5634920634920635,0.5793650793650794,0.6746031746031746,0.2619047619047619,0.373015873015873,0.0,0.0,0.5634920634920635,0.6746031746031746,0.0,0.0,0.3412698412698413,0.6904761904761905,0.4682539682539682,0.0,0.0,0.0,0.0,0.0,0.0,0.0,0.0,0.0,0.0,0.0714285714285714,0.3412698412698413,0.5476190476190477,0.6904761904761905,0.4365079365079365,0.0,0.0
409,0.7146527989075644,0.1923916725491074,0.9130437751717102,0.6618121024224004,9.465608801850411,6.401459592153826,1.0,1.0,0.24,1.029018806865294,4.0,0.0026,-1.475258624438597,0.0,0.0,0.0,0.4682539682539682,0.0,0.0,0.0,0.0,0.2936507936507936,0.0,0.0,0.0,0.0,0.1349206349206349,0.3253968253968254,0.0,0.0,0.0,0.0,0.4047619047619047,0.4682539682539682,0.2619047619047619,0.5317460317460317,0.0,0.0,0.0,0.0,0.0,0.1825396825396825,0.4682539682539682,0.5317460317460317,0.5,0.0,0.0,0.0,0.0,0.0,0.0873015873015873,0.5317460317460317,0.0,0.0,0.0,0.0,0.0,0.0,0.0,0.0,0.5317460317460317,0.5,0.5317460317460317,0.5634920634920635,0.2619047619047619,0.3412698412698413,0.0,0.0,0.4682539682539682,0.5634920634920635,0.0,0.0,0.2142857142857142,0.5793650793650794,0.4523809523809524,0.0,0.0,0.0,0.0,0.0,0.0,0.0,0.0,0.0,0.0,0.0,0.2301587301587301,0.4365079365079365,0.5793650793650794,0.4206349206349206,0.0,0.0
410,1.2220814583018809,0.2229750267558274,0.8990808742845166,0.6891861309830893,11.406014648790531,14.788657257170742,1.0,1.0,0.24,2.155773914283241,4.0,0.0026,0.5073616120156126,0.0,0.0,0.0,0.2619047619047619,0.0,0.0,0.0,0.0,0.0,0.0,0.0,0.0,0.0,0.0,0.0,0.0,0.0,0.0,0.0,0.119047619047619,0.1825396825396825,0.1507936507936507,0.2619047619047619,0.0,0.0,0.0,0.0,0.0,0.0,0.1507936507936507,0.246031746031746,0.2619047619047619,0.0,0.0,0.0,0.0,0.0,0.0,0.2777777777777778,0.0,0.0,0.0,0.0,0.0,0.0,0.0,0.0,0.119047619047619,0.2936507936507936,0.2936507936507936,0.2936507936507936,0.1984126984126984,0.2936507936507936,0.0,0.0,0.2301587301587301,0.2936507936507936,0.0,0.0,0.0,0.2936507936507936,0.3253968253968254,0.0,0.0,0.0,0.0,0.0,0.0,0.0,0.0,0.0,0.0,0.0,0.0,0.0873015873015873,0.2777777777777778,0.3253968253968254,0.0,0.0
411,1.329685670255336,0.1860133271428881,0.9220463288728528,0.5491038329079793,2.130536796810973,14.43465071245674,1.0,1.0,0.24,15.9092636660248,4.0,0.0026,-1.521924053368902,0.0,0.0,0.0,0.4523809523809524,0.0,0.0,0.0,0.0,0.119047619047619,0.0,0.0,0.0,0.0,0.0,0.246031746031746,0.0,0.0,0.0,0.0,0.373015873015873,0.4206349206349206,0.1349206349206349,0.4365079365079365,0.0,0.0,0.0,0.0,0.0,0.0,0.4206349206349206,0.5,0.4523809523809524,0.0,0.0,0.0,0.0,0.0,0.0,0.5158730158730159,0.0,0.0,0.0,0.0,0.0,0.0,0.0,0.0,0.4523809523809524,0.4523809523809524,0.4841269841269841,0.5317460317460317,0.1825396825396825,0.2777777777777778,0.0,0.0,0.4523809523809524,0.5,0.0,0.0,0.0,0.5793650793650794,0.3888888888888889,0.0,0.0,0.0,0.0,0.0,0.0,0.0,0.0,0.0,0.0,0.0,0.119047619047619,0.373015873015873,0.5,0.3888888888888889,0.0,0.0
412,1.949652031101597,0.156558875672158,0.9003493239709848,0.6849341933430932,2.8241842073233894,13.862132252666877,1.0,1.0,0.24,10.027197080988328,4.0,0.0026,1.770290142290083,0.0,0.0,0.0,0.119047619047619,0.0,0.0,0.0,0.0,0.0,0.0,0.0,0.0,0.0,0.0,0.0,0.0,0.0,0.0,0.0,0.0,0.0,0.0,0.0873015873015873,0.0,0.0,0.0,0.0,0.0,0.0,0.0,0.0,0.0396825396825396,0.0,0.0,0.0,0.0,0.0,0.0,0.119047619047619,0.0,0.0,0.0,0.0,0.0,0.0,0.0,0.0,0.0,0.1349206349206349,0.1349206349206349,0.1507936507936507,0.0238095238095238,0.1666666666666666,0.0,0.0,0.119047619047619,0.1666666666666666,0.0,0.0,0.0,0.0476190476190476,0.1984126984126984,0.0,0.0,0.0,0.0,0.0,0.0,0.0,0.0,0.0,0.0,0.0,0.0,0.0,0.0,0.1984126984126984,0.0,0.0
413,0.5674033943712744,0.168454672690369,0.9148538017936012,0.5674063589341586,15.236671864634312,9.26506999157924,1.0,1.0,0.24,15.789721071620912,4.0,0.0026,-2.9155937380111423,0.0,0.0,0.119047619047619,0.5793650793650794,0.0,0.0,0.0,0.0714285714285714,0.373015873015873,0.0,0.0,0.0,0.0,0.246031746031746,0.4047619047619047,0.0,0.0,0.0,0.0,0.5317460317460317,0.5952380952380952,0.4365079365079365,0.6587301587301587,0.0,0.0,0.0,0.0,0.0,0.3412698412698413,0.626984126984127,0.6587301587301587,0.6587301587301587,0.0,0.0,0.0,0.0,0.0,0.2142857142857142,0.6587301587301587,0.1031746031746031,0.0,0.0,0.0,0.0,0.0,0.0,0.0,0.6587301587301587,0.6111111111111112,0.6428571428571429,0.6746031746031746,0.6746031746031746,0.4206349206349206,0.0,0.0,0.5476190476190477,0.6746031746031746,0.0,0.0,0.3412698412698413,0.6746031746031746,0.4682539682539682,0.0,0.0,0.0,0.0,0.0,0.0,0.0,0.0,0.0,0.0,0.0873015873015873,0.3412698412698413,0.5476190476190477,0.6904761904761905,0.4365079365079365,0.0,0.0
414,0.6727800359343641,0.1238779706615579,0.9064792451329312,0.5367214659883631,23.71499977732111,8.063947093918058,1.0,1.0,0.24,4.10360437603461,4.0,0.0026,-1.793086757501681,0.0,0.0,0.0,0.4841269841269841,0.0,0.0,0.0,0.0,0.3253968253968254,0.0,0.0,0.0,0.0,0.1349206349206349,0.3253968253968254,0.0,0.0,0.0,0.0,0.4047619047619047,0.4682539682539682,0.2936507936507936,0.5317460317460317,0.0,0.0,0.0,0.0,0.0,0.1984126984126984,0.4682539682539682,0.5317460317460317,0.5317460317460317,0.0,0.0,0.0,0.0,0.0,0.1031746031746031,0.5317460317460317,0.0,0.0,0.0,0.0,0.0,0.0,0.0,0.0,0.5317460317460317,0.5317460317460317,0.5634920634920635,0.5634920634920635,0.3174603174603174,0.373015873015873,0.0,0.0,0.4682539682539682,0.5634920634920635,0.0,0.0,0.2301587301587301,0.5793650793650794,0.4523809523809524,0.0,0.0,0.0,0.0,0.0,0.0,0.0,0.0,0.0,0.0,0.0,0.2301587301587301,0.4365079365079365,0.5793650793650794,0.4206349206349206,0.0,0.0
415,1.3778858035334909,0.1340124828796625,0.907676053342719,0.5373965769879122,19.30716345598341,10.083252530951436,1.0,1.0,0.24,14.188032388209225,4.0,0.0026,0.7645006085161713,0.0,0.0,0.0,0.2142857142857142,0.0,0.0,0.0,0.0,0.0,0.0,0.0,0.0,0.0,0.0,0.0,0.0,0.0,0.0,0.0,0.0873015873015873,0.1349206349206349,0.0396825396825396,0.246031746031746,0.0,0.0,0.0,0.0,0.0,0.0,0.1349206349206349,0.1825396825396825,0.1984126984126984,0.0,0.0,0.0,0.0,0.0,0.0,0.246031746031746,0.0,0.0,0.0,0.0,0.0,0.0,0.0,0.0,0.1031746031746031,0.2619047619047619,0.2619047619047619,0.2777777777777778,0.1349206349206349,0.2301587301587301,0.0,0.0,0.1825396825396825,0.2777777777777778,0.0,0.0,0.0,0.2619047619047619,0.2777777777777778,0.0,0.0,0.0,0.0,0.0,0.0,0.0,0.0,0.0,0.0,0.0,0.0,0.0,0.246031746031746,0.2936507936507936,0.0,0.0
416,0.8856625261848288,0.1809867398391791,0.8899565539564399,0.5637435874093757,1.0691595158204792,12.911316925241822,1.0,1.0,0.24,11.494509592684754,4.0,0.0026,-3.9798081404635615,0.0,0.0,0.2619047619047619,0.8015873015873016,0.0,0.0,0.0,0.1031746031746031,0.5158730158730159,0.0,0.0,0.0,0.0,0.4206349206349206,0.6428571428571429,0.0,0.0,0.0,0.0,0.7857142857142857,0.8492063492063492,0.3253968253968254,0.7222222222222222,0.0,0.0,0.0,0.0,0.0,0.5634920634920635,0.8492063492063492,0.8492063492063492,0.9285714285714286,0.0,0.0,0.0,0.0,0.0,0.373015873015873,0.9285714285714286,0.0,0.0,0.0,0.0,0.0,0.0,0.0,0.0,0.9285714285714286,0.6111111111111112,0.6746031746031746,0.8650793650793651,0.6031746031746031,0.3412698412698413,0.0,0.0,0.8650793650793651,0.7857142857142857,0.0,0.0,0.5,0.9603174603174603,0.4206349206349206,0.0,0.0,0.0,0.0,0.0,0.0,0.0,0.0,0.0,0.0,0.246031746031746,0.5158730158730159,0.7698412698412699,0.9603174603174603,0.4047619047619047,0.0,0.0
417,0.8598450980312118,0.1968841858285554,0.9064002392731236,0.5351145354219373,7.269548377454312,11.55399880091642,1.0,1.0,0.24,7.930300145238651,4.0,0.0026,-2.1434070219048884,0.0,0.0,0.0,0.5317460317460317,0.0,0.0,0.0,0.0,0.3095238095238095,0.0,0.0,0.0,0.0,0.1666666666666666,0.3412698412698413,0.0,0.0,0.0,0.0,0.4523809523809524,0.5158730158730159,0.2777777777777778,0.5793650793650794,0.0,0.0,0.0,0.0,0.0,0.246031746031746,0.5317460317460317,0.5952380952380952,0.6111111111111112,0.0,0.0,0.0,0.0,0.0,0.0714285714285714,0.6111111111111112,0.0,0.0,0.0,0.0,0.0,0.0,0.0,0.0,0.626984126984127,0.5158730158730159,0.5476190476190477,0.626984126984127,0.2619047619047619,0.3412698412698413,0.0,0.0,0.5,0.6428571428571429,0.0,0.0,0.2301587301587301,0.6428571428571429,0.4365079365079365,0.0,0.0,0.0,0.0,0.0,0.0,0.0,0.0,0.0,0.0,0.0,0.2619047619047619,0.4682539682539682,0.6111111111111112,0.4047619047619047,0.0,0.0
418,1.3077136008590458,0.2264901227192483,0.8936614612593226,0.6048417168521325,10.748623447422512,14.679978936733963,1.0,1.0,0.24,9.039695352432902,4.0,0.0026,0.2523875148734126,0.0,0.0,0.0,0.2777777777777778,0.0,0.0,0.0,0.0,0.0,0.0,0.0,0.0,0.0,0.0,0.0396825396825396,0.0,0.0,0.0,0.0,0.1666666666666666,0.2142857142857142,0.1349206349206349,0.2936507936507936,0.0,0.0,0.0,0.0,0.0,0.0,0.1825396825396825,0.2777777777777778,0.2936507936507936,0.0,0.0,0.0,0.0,0.0,0.0,0.2936507936507936,0.0,0.0,0.0,0.0,0.0,0.0,0.0,0.0,0.1825396825396825,0.3095238095238095,0.3253968253968254,0.3412698412698413,0.1666666666666666,0.2619047619047619,0.0,0.0,0.2619047619047619,0.3412698412698413,0.0,0.0,0.0,0.3571428571428571,0.3571428571428571,0.0,0.0,0.0,0.0,0.0,0.0,0.0,0.0,0.0,0.0,0.0,0.0,0.119047619047619,0.3174603174603174,0.3571428571428571,0.0,0.0
419,1.13513176392782,0.1713083065202339,0.9009002748543252,0.5296906765013683,1.571796839617437,5.609517435163392,1.0,1.0,0.24,11.964031033054772,4.0,0.0026,-2.7894991266752287,0.0,0.0,0.0,0.626984126984127,0.0,0.0,0.0,0.0,0.2936507936507936,0.0,0.0,0.0,0.0,0.2301587301587301,0.4206349206349206,0.0,0.0,0.0,0.0,0.5634920634920635,0.6587301587301587,0.1349206349206349,0.4047619047619047,0.0,0.0,0.0,0.0,0.0,0.2777777777777778,0.626984126984127,0.4841269841269841,0.6746031746031746,0.0,0.0,0.0,0.0,0.0,0.1349206349206349,0.753968253968254,0.0,0.0,0.0,0.0,0.0,0.0,0.0,0.0,0.7222222222222222,0.4841269841269841,0.5317460317460317,0.7380952380952381,0.1666666666666666,0.2619047619047619,0.0,0.0,0.6428571428571429,0.4682539682539682,0.0,0.0,0.246031746031746,0.7857142857142857,0.4047619047619047,0.0,0.0,0.0,0.0,0.0,0.0,0.0,0.0,0.0,0.0,0.0,0.3412698412698413,0.5158730158730159,0.7380952380952381,0.3888888888888889,0.0,0.0
420,1.6134580973329835,0.2121732686004596,0.924368544366538,0.5167312679042813,18.79102415778057,6.7064667324302745,1.0,1.0,0.24,8.383780309020985,4.0,0.0026,1.5643891639528544,0.0,0.0,0.0,0.119047619047619,0.0,0.0,0.0,0.0,0.0,0.0,0.0,0.0,0.0,0.0,0.0,0.0,0.0,0.0,0.0,0.0,0.0555555555555555,0.0,0.1507936507936507,0.0,0.0,0.0,0.0,0.0,0.0,0.0,0.0714285714285714,0.1031746031746031,0.0,0.0,0.0,0.0,0.0,0.0,0.1507936507936507,0.0,0.0,0.0,0.0,0.0,0.0,0.0,0.0,0.0,0.1825396825396825,0.1825396825396825,0.1825396825396825,0.0,0.1666666666666666,0.0,0.0,0.119047619047619,0.1984126984126984,0.0,0.0,0.0,0.1507936507936507,0.2142857142857142,0.0,0.0,0.0,0.0,0.0,0.0,0.0,0.0,0.0,0.0,0.0,0.0,0.0,0.0714285714285714,0.2142857142857142,0.0,0.0
421,1.93325407553273,0.1161178072065427,0.9011960937320904,0.6016832934041634,8.577935286137208,3.547663596701998,1.0,1.0,0.24,3.290902812612745,4.0,0.0026,1.941400224718272,0.0,0.0,0.0,0.1031746031746031,0.0,0.0,0.0,0.0,0.0,0.0,0.0,0.0,0.0,0.0,0.0,0.0,0.0,0.0,0.0,0.0,0.0,0.0,0.0873015873015873,0.0,0.0,0.0,0.0,0.0,0.0,0.0,0.0,0.0,0.0,0.0,0.0,0.0,0.0,0.0,0.1031746031746031,0.0,0.0,0.0,0.0,0.0,0.0,0.0,0.0,0.0,0.119047619047619,0.1349206349206349,0.1349206349206349,0.0,0.1031746031746031,0.0,0.0,0.1031746031746031,0.1507936507936507,0.0,0.0,0.0,0.0317460317460317,0.1825396825396825,0.0,0.0,0.0,0.0,0.0,0.0,0.0,0.0,0.0,0.0,0.0,0.0,0.0,0.0,0.1666666666666666,0.0,0.0
422,1.1403315250204855,0.1955297125350282,0.9145139697673496,0.5884274550681836,20.838253766341232,5.502383546823093,1.0,1.0,0.24,6.96473932132084,4.0,0.0026,0.3749092545075559,0.0,0.0,0.0,0.2619047619047619,0.0,0.0,0.0,0.0,0.0,0.0,0.0,0.0,0.0,0.0,0.0079365079365079,0.0,0.0,0.0,0.0,0.1349206349206349,0.1984126984126984,0.0396825396825396,0.2777777777777778,0.0,0.0,0.0,0.0,0.0,0.0,0.1507936507936507,0.246031746031746,0.2142857142857142,0.0,0.0,0.0,0.0,0.0,0.0,0.2936507936507936,0.0,0.0,0.0,0.0,0.0,0.0,0.0,0.0,0.1507936507936507,0.2936507936507936,0.2936507936507936,0.2936507936507936,0.1349206349206349,0.2301587301587301,0.0,0.0,0.2301587301587301,0.2936507936507936,0.0,0.0,0.0,0.3253968253968254,0.3412698412698413,0.0,0.0,0.0,0.0,0.0,0.0,0.0,0.0,0.0,0.0,0.0,0.0,0.0873015873015873,0.2777777777777778,0.3412698412698413,0.0,0.0
423,0.5937486157676832,0.2153575803277405,0.915013344544571,0.676197923530372,17.533983443179444,7.895310398914057,1.0,1.0,0.24,7.820465960518891,4.0,0.0026,-1.809759993365176,0.0,0.0,0.0,0.5158730158730159,0.0,0.0,0.0,0.0,0.3253968253968254,0.0,0.0,0.0,0.0,0.1666666666666666,0.3412698412698413,0.0,0.0,0.0,0.0,0.4206349206349206,0.4682539682539682,0.3571428571428571,0.5317460317460317,0.0,0.0,0.0,0.0,0.0,0.2142857142857142,0.5,0.5317460317460317,0.5317460317460317,0.0,0.0,0.0,0.0,0.0,0.119047619047619,0.5476190476190477,0.0,0.0,0.0,0.0,0.0,0.0,0.0,0.0,0.5476190476190477,0.5476190476190477,0.5476190476190477,0.5634920634920635,0.4365079365079365,0.4047619047619047,0.0,0.0,0.4682539682539682,0.5634920634920635,0.0,0.0,0.246031746031746,0.5793650793650794,0.4682539682539682,0.0,0.0,0.0,0.0,0.0,0.0,0.0,0.0,0.0,0.0,0.0,0.246031746031746,0.4523809523809524,0.5793650793650794,0.4365079365079365,0.0,0.0
424,0.7862242586587763,0.1704882932408915,0.9153683095064404,0.6717679066640674,12.381258179585648,3.8989269877106025,1.0,1.0,0.24,0.9699829938768654,4.0,0.0026,-0.8581769585354937,0.0,0.0,0.0,0.4206349206349206,0.0,0.0,0.0,0.0,0.2142857142857142,0.0,0.0,0.0,0.0,0.0079365079365079,0.246031746031746,0.0,0.0,0.0,0.0,0.3253968253968254,0.373015873015873,0.119047619047619,0.4047619047619047,0.0,0.0,0.0,0.0,0.0,0.0555555555555555,0.3888888888888889,0.4206349206349206,0.2936507936507936,0.0,0.0,0.0,0.0,0.0,0.0,0.4365079365079365,0.0,0.0,0.0,0.0,0.0,0.0,0.0,0.0,0.4523809523809524,0.4523809523809524,0.4682539682539682,0.4682539682539682,0.1825396825396825,0.2936507936507936,0.0,0.0,0.3888888888888889,0.4523809523809524,0.0,0.0,0.0714285714285714,0.4841269841269841,0.4365079365079365,0.0,0.0,0.0,0.0,0.0,0.0,0.0,0.0,0.0,0.0,0.0,0.119047619047619,0.3412698412698413,0.5,0.4206349206349206,0.0,0.0
425,0.6410570015850471,0.145752573333595,0.9118777944992617,0.5407530435076495,14.777139134089625,10.953689184783858,1.0,1.0,0.24,11.155373682782376,4.0,0.0026,-2.6065623078376885,0.0,0.0,0.0555555555555555,0.5793650793650794,0.0,0.0,0.0,0.0,0.3571428571428571,0.0,0.0,0.0,0.0,0.2301587301587301,0.373015873015873,0.0,0.0,0.0,0.0,0.4841269841269841,0.5634920634920635,0.4047619047619047,0.626984126984127,0.0,0.0,0.0,0.0,0.0,0.2777777777777778,0.5793650793650794,0.626984126984127,0.626984126984127,0.0,0.0,0.0,0.0,0.0,0.1507936507936507,0.626984126984127,0.0793650793650793,0.0,0.0,0.0,0.0,0.0,0.0,0.0,0.626984126984127,0.5952380952380952,0.626984126984127,0.6587301587301587,0.6587301587301587,0.4206349206349206,0.0,0.0,0.5158730158730159,0.6587301587301587,0.0,0.0,0.3095238095238095,0.6587301587301587,0.4523809523809524,0.0,0.0,0.0,0.0,0.0,0.0,0.0,0.0,0.0,0.0,0.0,0.2777777777777778,0.5158730158730159,0.6587301587301587,0.4365079365079365,0.0,0.0
426,1.5899258254778288,0.1920143957704354,0.9169831674295204,0.6179362614286202,2.439794700464356,9.657763657198572,1.0,1.0,0.24,2.1253203848028512,4.0,0.0026,0.2932890340275926,0.0,0.0,0.0,0.2777777777777778,0.0,0.0,0.0,0.0,0.0,0.0,0.0,0.0,0.0,0.0,0.0,0.0,0.0,0.0,0.0,0.1349206349206349,0.2142857142857142,0.0079365079365079,0.2936507936507936,0.0,0.0,0.0,0.0,0.0,0.0,0.1666666666666666,0.2619047619047619,0.2301587301587301,0.0,0.0,0.0,0.0,0.0,0.0,0.2936507936507936,0.0,0.0,0.0,0.0,0.0,0.0,0.0,0.0,0.1349206349206349,0.3412698412698413,0.3412698412698413,0.3412698412698413,0.0555555555555555,0.2142857142857142,0.0,0.0,0.2777777777777778,0.3571428571428571,0.0,0.0,0.0,0.3571428571428571,0.373015873015873,0.0,0.0,0.0,0.0,0.0,0.0,0.0,0.0,0.0,0.0,0.0,0.0,0.119047619047619,0.2936507936507936,0.373015873015873,0.0,0.0
427,1.5043399825968582,0.1709061078061345,0.9067766269856816,0.62799026350961,23.015738855037647,5.63617821308309,1.0,1.0,0.24,12.44168323537262,4.0,0.0026,1.5400803523361577,0.0,0.0,0.0,0.119047619047619,0.0,0.0,0.0,0.0,0.0,0.0,0.0,0.0,0.0,0.0,0.0,0.0,0.0,0.0,0.0,0.0,0.0,0.0,0.119047619047619,0.0,0.0,0.0,0.0,0.0,0.0,0.0,0.0714285714285714,0.0873015873015873,0.0,0.0,0.0,0.0,0.0,0.0,0.1349206349206349,0.0,0.0,0.0,0.0,0.0,0.0,0.0,0.0,0.0,0.1507936507936507,0.1666666666666666,0.1666666666666666,0.0,0.1666666666666666,0.0,0.0,0.119047619047619,0.1825396825396825,0.0,0.0,0.0,0.119047619047619,0.1984126984126984,0.0,0.0,0.0,0.0,0.0,0.0,0.0,0.0,0.0,0.0,0.0,0.0,0.0,0.0317460317460317,0.1984126984126984,0.0,0.0
428,1.6917900821223149,0.1429917169698994,0.9124927810750324,0.6766091504185572,12.227063194070851,14.50690814094665,1.0,1.0,0.24,13.29781170157899,4.0,0.0026,1.9054470004943045,0.0,0.0,0.0,0.119047619047619,0.0,0.0,0.0,0.0,0.0,0.0,0.0,0.0,0.0,0.0,0.0,0.0,0.0,0.0,0.0,0.0,0.0,0.0079365079365079,0.0714285714285714,0.0,0.0,0.0,0.0,0.0,0.0,0.0,0.0,0.0079365079365079,0.0,0.0,0.0,0.0,0.0,0.0,0.0714285714285714,0.0,0.0,0.0,0.0,0.0,0.0,0.0,0.0,0.0,0.119047619047619,0.119047619047619,0.1349206349206349,0.0634920634920634,0.1349206349206349,0.0,0.0,0.0714285714285714,0.1349206349206349,0.0,0.0,0.0,0.0317460317460317,0.1666666666666666,0.0,0.0,0.0,0.0,0.0,0.0,0.0,0.0,0.0,0.0,0.0,0.0,0.0,0.0,0.1666666666666666,0.0,0.0
429,1.3833260882057987,0.1323022639798684,0.9248974116850024,0.6546009756067719,24.220816666997848,13.511336514478051,1.0,1.0,0.24,10.583401354115624,4.0,0.0026,1.445426885883658,0.0,0.0,0.0,0.1349206349206349,0.0,0.0,0.0,0.0,0.0,0.0,0.0,0.0,0.0,0.0,0.0,0.0,0.0,0.0,0.0,0.0,0.0079365079365079,0.0714285714285714,0.119047619047619,0.0,0.0,0.0,0.0,0.0,0.0,0.0,0.1031746031746031,0.119047619047619,0.0,0.0,0.0,0.0,0.0,0.0,0.1349206349206349,0.0,0.0,0.0,0.0,0.0,0.0,0.0,0.0,0.0,0.1666666666666666,0.1666666666666666,0.1666666666666666,0.1507936507936507,0.1825396825396825,0.0,0.0,0.119047619047619,0.1825396825396825,0.0,0.0,0.0,0.1507936507936507,0.1984126984126984,0.0,0.0,0.0,0.0,0.0,0.0,0.0,0.0,0.0,0.0,0.0,0.0,0.0,0.0873015873015873,0.1984126984126984,0.0,0.0
430,1.4391579152128795,0.1853457575509774,0.9118044275164404,0.6639119083068719,13.603242519175918,13.65171773305394,1.0,1.0,0.24,5.471283408917356,4.0,0.0026,1.2238974288700333,0.0,0.0,0.0,0.1825396825396825,0.0,0.0,0.0,0.0,0.0,0.0,0.0,0.0,0.0,0.0,0.0,0.0,0.0,0.0,0.0,0.0,0.0714285714285714,0.0714285714285714,0.1666666666666666,0.0,0.0,0.0,0.0,0.0,0.0,0.0079365079365079,0.1349206349206349,0.1349206349206349,0.0,0.0,0.0,0.0,0.0,0.0,0.1984126984126984,0.0,0.0,0.0,0.0,0.0,0.0,0.0,0.0,0.0,0.2142857142857142,0.2142857142857142,0.2142857142857142,0.1349206349206349,0.2142857142857142,0.0,0.0,0.1507936507936507,0.2301587301587301,0.0,0.0,0.0,0.2142857142857142,0.246031746031746,0.0,0.0,0.0,0.0,0.0,0.0,0.0,0.0,0.0,0.0,0.0,0.0,0.0,0.1507936507936507,0.246031746031746,0.0,0.0
431,1.6473973071331889,0.1751796352480416,0.9202069467507192,0.5304686719670952,4.234859527697639,10.3370401918017,1.0,1.0,0.24,2.9318824613864995,4.0,0.0026,0.2874151025219447,0.0,0.0,0.0,0.2777777777777778,0.0,0.0,0.0,0.0,0.0,0.0,0.0,0.0,0.0,0.0,0.0,0.0,0.0,0.0,0.0,0.1666666666666666,0.2301587301587301,0.0,0.2936507936507936,0.0,0.0,0.0,0.0,0.0,0.0,0.1666666666666666,0.2777777777777778,0.2142857142857142,0.0,0.0,0.0,0.0,0.0,0.0,0.2936507936507936,0.0,0.0,0.0,0.0,0.0,0.0,0.0,0.0,0.1666666666666666,0.3412698412698413,0.3412698412698413,0.3412698412698413,0.0396825396825396,0.1984126984126984,0.0,0.0,0.2619047619047619,0.3571428571428571,0.0,0.0,0.0,0.3571428571428571,0.373015873015873,0.0,0.0,0.0,0.0,0.0,0.0,0.0,0.0,0.0,0.0,0.0,0.0,0.119047619047619,0.2936507936507936,0.373015873015873,0.0,0.0
432,1.185940446729932,0.144153163466638,0.9074031745199098,0.5715080582628931,24.412370851484187,12.810335644737812,1.0,1.0,0.24,8.308576304813023,4.0,0.0026,0.4487754020286004,0.0,0.0,0.0,0.2619047619047619,0.0,0.0,0.0,0.0,0.0,0.0,0.0,0.0,0.0,0.0,0.0,0.0,0.0,0.0,0.0,0.119047619047619,0.1666666666666666,0.1349206349206349,0.2777777777777778,0.0,0.0,0.0,0.0,0.0,0.0,0.1507936507936507,0.2301587301587301,0.246031746031746,0.0,0.0,0.0,0.0,0.0,0.0,0.2777777777777778,0.0,0.0,0.0,0.0,0.0,0.0,0.0,0.0,0.1349206349206349,0.2936507936507936,0.2936507936507936,0.2936507936507936,0.1825396825396825,0.2936507936507936,0.0,0.0,0.2142857142857142,0.2936507936507936,0.0,0.0,0.0,0.2936507936507936,0.3095238095238095,0.0,0.0,0.0,0.0,0.0,0.0,0.0,0.0,0.0,0.0,0.0,0.0,0.0714285714285714,0.2936507936507936,0.3253968253968254,0.0,0.0
433,0.643356908720844,0.2194525267471588,0.9086782387078464,0.604518153123126,2.4035258298100244,12.694255309457471,1.0,1.0,0.24,10.485462154888896,4.0,0.0026,-3.8888769621696335,0.0,0.0,0.2619047619047619,0.7698412698412699,0.0,0.0,0.0,0.2142857142857142,0.5158730158730159,0.0,0.0,0.0,0.0,0.4365079365079365,0.6111111111111112,0.0,0.0,0.0,0.0,0.7380952380952381,0.8015873015873016,0.4523809523809524,0.8333333333333334,0.0476190476190476,0.0,0.0,0.0,0.0,0.5793650793650794,0.8174603174603174,0.8333333333333334,0.8333333333333334,0.0,0.0,0.0,0.0,0.0,0.4047619047619047,0.8492063492063492,0.1428571428571428,0.0,0.0,0.0,0.0,0.0,0.0,0.119047619047619,0.8492063492063492,0.6746031746031746,0.7063492063492064,0.8492063492063492,0.8650793650793651,0.4206349206349206,0.0,0.0,0.8015873015873016,0.8650793650793651,0.0,0.0,0.5317460317460317,0.9126984126984128,0.4523809523809524,0.0,0.0,0.0,0.0,0.0,0.0,0.0,0.0,0.0,0.0,0.2777777777777778,0.5158730158730159,0.7222222222222222,0.9126984126984128,0.4365079365079365,0.0,0.0
434,0.8504373487692084,0.1899584761163955,0.914689953718832,0.635694631206762,20.884990271573567,7.203865739657239,1.0,1.0,0.24,5.4422727530633095,4.0,0.0026,-0.5492252357137689,0.0,0.0,0.0,0.373015873015873,0.0,0.0,0.0,0.0,0.1031746031746031,0.0,0.0,0.0,0.0,0.0,0.2142857142857142,0.0,0.0,0.0,0.0,0.2619047619047619,0.3095238095238095,0.2142857142857142,0.3888888888888889,0.0,0.0,0.0,0.0,0.0,0.0,0.3412698412698413,0.3888888888888889,0.3888888888888889,0.0,0.0,0.0,0.0,0.0,0.0,0.3888888888888889,0.0,0.0,0.0,0.0,0.0,0.0,0.0,0.0,0.3888888888888889,0.4047619047619047,0.4047619047619047,0.4206349206349206,0.2142857142857142,0.3095238095238095,0.0,0.0,0.3412698412698413,0.4206349206349206,0.0,0.0,0.0,0.4365079365079365,0.4206349206349206,0.0,0.0,0.0,0.0,0.0,0.0,0.0,0.0,0.0,0.0,0.0,0.0,0.2619047619047619,0.4365079365079365,0.4047619047619047,0.0,0.0
435,1.4786589677722142,0.1612232783887238,0.9209946745796508,0.5947571611251145,23.240813270901366,5.823694944027509,1.0,1.0,0.24,16.375624429353298,4.0,0.0026,1.5089610915712277,0.0,0.0,0.0,0.119047619047619,0.0,0.0,0.0,0.0,0.0,0.0,0.0,0.0,0.0,0.0,0.0,0.0,0.0,0.0,0.0,0.0,0.0317460317460317,0.0,0.119047619047619,0.0,0.0,0.0,0.0,0.0,0.0,0.0,0.0714285714285714,0.1031746031746031,0.0,0.0,0.0,0.0,0.0,0.0,0.1349206349206349,0.0,0.0,0.0,0.0,0.0,0.0,0.0,0.0,0.0,0.1666666666666666,0.1666666666666666,0.1666666666666666,0.0,0.1666666666666666,0.0,0.0,0.119047619047619,0.1825396825396825,0.0,0.0,0.0,0.1349206349206349,0.2142857142857142,0.0,0.0,0.0,0.0,0.0,0.0,0.0,0.0,0.0,0.0,0.0,0.0,0.0,0.0714285714285714,0.2142857142857142,0.0,0.0
436,0.7284523799107404,0.1886908890184566,0.8947494298252102,0.5915898014650695,13.579729800829558,7.332821921989185,1.0,1.0,0.24,16.187639164466972,4.0,0.0026,-2.088567789721763,0.0,0.0,0.0,0.5,0.0,0.0,0.0,0.0,0.3253968253968254,0.0,0.0,0.0,0.0,0.1507936507936507,0.3571428571428571,0.0,0.0,0.0,0.0,0.4206349206349206,0.5,0.2777777777777778,0.5634920634920635,0.0,0.0,0.0,0.0,0.0,0.2142857142857142,0.5,0.5634920634920635,0.5634920634920635,0.0,0.0,0.0,0.0,0.0,0.0873015873015873,0.5634920634920635,0.0,0.0,0.0,0.0,0.0,0.0,0.0,0.0,0.5634920634920635,0.5158730158730159,0.5476190476190477,0.5793650793650794,0.2619047619047619,0.3571428571428571,0.0,0.0,0.4682539682539682,0.5952380952380952,0.0,0.0,0.2301587301587301,0.5952380952380952,0.4523809523809524,0.0,0.0,0.0,0.0,0.0,0.0,0.0,0.0,0.0,0.0,0.0,0.246031746031746,0.4523809523809524,0.6111111111111112,0.4206349206349206,0.0,0.0
437,1.3478001851513046,0.1246062789533467,0.8903421067934267,0.6704194959925407,3.2310040285544903,5.72990577639793,1.0,1.0,0.24,1.749716478414757,4.0,0.0026,-0.000326254708389,0.0,0.0,0.0,0.3095238095238095,0.0,0.0,0.0,0.0,0.0,0.0,0.0,0.0,0.0,0.0,0.1031746031746031,0.0,0.0,0.0,0.0,0.1984126984126984,0.246031746031746,0.0079365079365079,0.3253968253968254,0.0,0.0,0.0,0.0,0.0,0.0,0.2301587301587301,0.3095238095238095,0.2301587301587301,0.0,0.0,0.0,0.0,0.0,0.0,0.3412698412698413,0.0,0.0,0.0,0.0,0.0,0.0,0.0,0.0,0.1984126984126984,0.3571428571428571,0.3571428571428571,0.373015873015873,0.0396825396825396,0.2142857142857142,0.0,0.0,0.2936507936507936,0.3888888888888889,0.0,0.0,0.0,0.373015873015873,0.3888888888888889,0.0,0.0,0.0,0.0,0.0,0.0,0.0,0.0,0.0,0.0,0.0,0.0,0.1984126984126984,0.3571428571428571,0.373015873015873,0.0,0.0
438,0.9749112350589746,0.1360151194646002,0.9158838390196152,0.6283144314716846,13.025163858333196,12.534326799562889,1.0,1.0,0.24,18.54399002941252,4.0,0.0026,-0.6364675427414284,0.0,0.0,0.0,0.373015873015873,0.0,0.0,0.0,0.0,0.0714285714285714,0.0,0.0,0.0,0.0,0.0,0.1825396825396825,0.0,0.0,0.0,0.0,0.2619047619047619,0.2936507936507936,0.246031746031746,0.373015873015873,0.0,0.0,0.0,0.0,0.0,0.0,0.2936507936507936,0.373015873015873,0.373015873015873,0.0,0.0,0.0,0.0,0.0,0.0,0.3888888888888889,0.0,0.0,0.0,0.0,0.0,0.0,0.0,0.0,0.3571428571428571,0.4047619047619047,0.4047619047619047,0.4047619047619047,0.2301587301587301,0.2936507936507936,0.0,0.0,0.3253968253968254,0.4206349206349206,0.0,0.0,0.0,0.4206349206349206,0.4206349206349206,0.0,0.0,0.0,0.0,0.0,0.0,0.0,0.0,0.0,0.0,0.0,0.0,0.246031746031746,0.4206349206349206,0.4047619047619047,0.0,0.0
439,0.6904054704340022,0.1356522482053076,0.9204488712756828,0.5663491663435778,15.315688695529138,14.28529880988659,1.0,1.0,0.24,6.556472094000421,4.0,0.0026,-2.009276088741499,0.0,0.0,0.0,0.5158730158730159,0.0,0.0,0.0,0.0,0.3253968253968254,0.0,0.0,0.0,0.0,0.1666666666666666,0.3412698412698413,0.0,0.0,0.0,0.0,0.4206349206349206,0.4841269841269841,0.4206349206349206,0.5476190476190477,0.0,0.0,0.0,0.0,0.0,0.2301587301587301,0.5,0.5634920634920635,0.5634920634920635,0.0,0.0,0.0,0.0,0.0,0.0873015873015873,0.5634920634920635,0.0793650793650793,0.0,0.0,0.0,0.0,0.0,0.0,0.0,0.5634920634920635,0.5793650793650794,0.5793650793650794,0.5793650793650794,0.5793650793650794,0.4047619047619047,0.0,0.0,0.4682539682539682,0.5793650793650794,0.0,0.0,0.246031746031746,0.5793650793650794,0.4523809523809524,0.0,0.0,0.0,0.0,0.0,0.0,0.0,0.0,0.0,0.0,0.0,0.2301587301587301,0.4523809523809524,0.5952380952380952,0.4206349206349206,0.0,0.0
440,1.9427580860431448,0.1368989307299896,0.9205122493432936,0.5301215409143106,18.65531334221269,9.90432128259361,1.0,1.0,0.24,8.459795503561134,4.0,0.0026,2.416767607848621,0.0,0.0,0.0,0.0714285714285714,0.0,0.0,0.0,0.0,0.0,0.0,0.0,0.0,0.0,0.0,0.0,0.0,0.0,0.0,0.0,0.0,0.0,0.0,0.0555555555555555,0.0,0.0,0.0,0.0,0.0,0.0,0.0,0.0,0.0,0.0,0.0,0.0,0.0,0.0,0.0,0.0079365079365079,0.0,0.0,0.0,0.0,0.0,0.0,0.0,0.0,0.0,0.0714285714285714,0.0714285714285714,0.0714285714285714,0.0,0.0873015873015873,0.0,0.0,0.0,0.1031746031746031,0.0,0.0,0.0,0.0,0.1031746031746031,0.0,0.0,0.0,0.0,0.0,0.0,0.0,0.0,0.0,0.0,0.0,0.0,0.0,0.0,0.0396825396825396,0.0,0.0
441,0.5978728463025447,0.2106200471695027,0.8937307796943188,0.5199940893478795,6.086540527859887,13.047178049065986,1.0,1.0,0.24,15.458079913683957,4.0,0.0026,-4.071829238900191,0.0,0.0,0.2619047619047619,0.7698412698412699,0.0,0.0,0.0,0.2619047619047619,0.5,0.0,0.0,0.0,0.0,0.4206349206349206,0.5793650793650794,0.0,0.0,0.0,0.0,0.7380952380952381,0.8015873015873016,0.5158730158730159,0.8492063492063492,0.0555555555555555,0.0,0.0,0.0,0.0,0.5793650793650794,0.8333333333333334,0.8492063492063492,0.8492063492063492,0.0,0.0,0.0,0.0,0.0,0.4047619047619047,0.8492063492063492,0.1587301587301587,0.0,0.0,0.0,0.0,0.0,0.0,0.1031746031746031,0.8492063492063492,0.6904761904761905,0.7222222222222222,0.9126984126984128,0.8650793650793651,0.4365079365079365,0.0,0.0,0.753968253968254,0.9126984126984128,0.0,0.0,0.5476190476190477,0.9126984126984128,0.4682539682539682,0.0,0.0,0.0,0.0,0.0,0.0,0.0,0.0,0.0,0.0,0.2777777777777778,0.4841269841269841,0.7063492063492064,0.9126984126984128,0.4365079365079365,0.0,0.0
442,1.2903121045447872,0.197458324098709,0.9135564665182204,0.6156437378979054,23.58074846576921,5.8059382678818245,1.0,1.0,0.24,4.447274316306226,4.0,0.0026,0.9948879247967608,0.0,0.0,0.0,0.1984126984126984,0.0,0.0,0.0,0.0,0.0,0.0,0.0,0.0,0.0,0.0,0.0,0.0,0.0,0.0,0.0,0.0555555555555555,0.1031746031746031,0.0079365079365079,0.2142857142857142,0.0,0.0,0.0,0.0,0.0,0.0,0.0873015873015873,0.1507936507936507,0.1507936507936507,0.0,0.0,0.0,0.0,0.0,0.0,0.2142857142857142,0.0,0.0,0.0,0.0,0.0,0.0,0.0,0.0,0.0396825396825396,0.2301587301587301,0.2301587301587301,0.246031746031746,0.0396825396825396,0.2142857142857142,0.0,0.0,0.1666666666666666,0.246031746031746,0.0,0.0,0.0,0.246031746031746,0.2619047619047619,0.0,0.0,0.0,0.0,0.0,0.0,0.0,0.0,0.0,0.0,0.0,0.0,0.0,0.1825396825396825,0.2619047619047619,0.0,0.0
443,0.9853451837536352,0.1832692965328574,0.894575818209447,0.6628462727216344,3.867838682986697,6.697592558819537,1.0,1.0,0.24,10.771914310190908,4.0,0.0026,-1.366307993536966,0.0,0.0,0.0,0.4523809523809524,0.0,0.0,0.0,0.0,0.1984126984126984,0.0,0.0,0.0,0.0,0.0079365079365079,0.2619047619047619,0.0,0.0,0.0,0.0,0.3571428571428571,0.4206349206349206,0.1666666666666666,0.4365079365079365,0.0,0.0,0.0,0.0,0.0,0.1031746031746031,0.4206349206349206,0.4682539682539682,0.4206349206349206,0.0,0.0,0.0,0.0,0.0,0.0,0.5,0.0,0.0,0.0,0.0,0.0,0.0,0.0,0.0,0.5,0.4523809523809524,0.4841269841269841,0.5158730158730159,0.1825396825396825,0.2936507936507936,0.0,0.0,0.4523809523809524,0.5,0.0,0.0,0.0873015873015873,0.5317460317460317,0.4206349206349206,0.0,0.0,0.0,0.0,0.0,0.0,0.0,0.0,0.0,0.0,0.0,0.1507936507936507,0.3888888888888889,0.5317460317460317,0.4047619047619047,0.0,0.0
444,0.6087936692059595,0.1646225879217286,0.895747982076465,0.5841145348898861,11.88307670436482,1.1200565080238782,1.0,1.0,0.24,12.702211299572827,4.0,0.0026,-2.633315774056734,0.0,0.0,0.119047619047619,0.5793650793650794,0.0,0.0,0.0,0.0079365079365079,0.373015873015873,0.0,0.0,0.0,0.0,0.246031746031746,0.4047619047619047,0.0,0.0,0.0,0.0,0.5317460317460317,0.6111111111111112,0.1349206349206349,0.373015873015873,0.0,0.0,0.0,0.0,0.0,0.3571428571428571,0.5793650793650794,0.4047619047619047,0.3888888888888889,0.0,0.0,0.0,0.0,0.0,0.2142857142857142,0.6746031746031746,0.0,0.0,0.0,0.0,0.0,0.0,0.0,0.0,0.6746031746031746,0.5,0.5317460317460317,0.6904761904761905,0.1349206349206349,0.2936507936507936,0.0,0.0,0.5476190476190477,0.4365079365079365,0.0,0.0,0.3253968253968254,0.7063492063492064,0.4682539682539682,0.0,0.0,0.0,0.0,0.0,0.0,0.0,0.0,0.0,0.0,0.0873015873015873,0.3412698412698413,0.5476190476190477,0.6904761904761905,0.4365079365079365,0.0,0.0
445,0.7122901601811928,0.1790266533855192,0.8982709815643185,0.6523998326432865,13.806696065644218,5.366978043596663,1.0,1.0,0.24,10.958031012788972,4.0,0.0026,-1.6961049575508895,0.0,0.0,0.0,0.4682539682539682,0.0,0.0,0.0,0.0,0.2777777777777778,0.0,0.0,0.0,0.0,0.119047619047619,0.2936507936507936,0.0,0.0,0.0,0.0,0.3888888888888889,0.4523809523809524,0.246031746031746,0.5,0.0,0.0,0.0,0.0,0.0,0.1825396825396825,0.4523809523809524,0.5158730158730159,0.4523809523809524,0.0,0.0,0.0,0.0,0.0,0.0714285714285714,0.5158730158730159,0.0,0.0,0.0,0.0,0.0,0.0,0.0,0.0,0.5317460317460317,0.5,0.5317460317460317,0.5476190476190477,0.2301587301587301,0.3412698412698413,0.0,0.0,0.4523809523809524,0.5476190476190477,0.0,0.0,0.1984126984126984,0.5476190476190477,0.4523809523809524,0.0,0.0,0.0,0.0,0.0,0.0,0.0,0.0,0.0,0.0,0.0,0.2142857142857142,0.4206349206349206,0.5634920634920635,0.4206349206349206,0.0,0.0
446,0.6313454040088534,0.1445765008294531,0.8934203677252154,0.5842186555376401,22.019206211218982,2.9653406800747613,1.0,1.0,0.24,4.780895997730791,4.0,0.0026,-1.941836003609603,0.0,0.0,0.0,0.5158730158730159,0.0,0.0,0.0,0.0,0.3412698412698413,0.0,0.0,0.0,0.0,0.1825396825396825,0.3571428571428571,0.0,0.0,0.0,0.0,0.4365079365079365,0.5,0.2142857142857142,0.4682539682539682,0.0,0.0,0.0,0.0,0.0,0.2301587301587301,0.5,0.5476190476190477,0.4206349206349206,0.0,0.0,0.0,0.0,0.0,0.119047619047619,0.5793650793650794,0.0,0.0,0.0,0.0,0.0,0.0,0.0,0.0,0.5793650793650794,0.5,0.5317460317460317,0.5952380952380952,0.1984126984126984,0.3412698412698413,0.0,0.0,0.4682539682539682,0.5,0.0,0.0,0.2619047619047619,0.6111111111111112,0.4523809523809524,0.0,0.0,0.0,0.0,0.0,0.0,0.0,0.0,0.0,0.0,0.0,0.2619047619047619,0.4682539682539682,0.6111111111111112,0.4365079365079365,0.0,0.0
447,1.975133263626451,0.1326186835250096,0.8914949600926962,0.6060709101958606,9.06140417424709,2.5568661086637903,1.0,1.0,0.24,6.651837793926948,4.0,0.0026,2.025439288519256,0.0,0.0,0.0,0.1031746031746031,0.0,0.0,0.0,0.0,0.0,0.0,0.0,0.0,0.0,0.0,0.0,0.0,0.0,0.0,0.0,0.0,0.0,0.0,0.0714285714285714,0.0,0.0,0.0,0.0,0.0,0.0,0.0,0.0,0.0,0.0,0.0,0.0,0.0,0.0,0.0,0.1031746031746031,0.0,0.0,0.0,0.0,0.0,0.0,0.0,0.0,0.0,0.119047619047619,0.119047619047619,0.1349206349206349,0.0,0.0714285714285714,0.0,0.0,0.0714285714285714,0.1507936507936507,0.0,0.0,0.0,0.0,0.1666666666666666,0.0,0.0,0.0,0.0,0.0,0.0,0.0,0.0,0.0,0.0,0.0,0.0,0.0,0.0,0.1349206349206349,0.0,0.0
448,0.5250260014275303,0.1671486154101327,0.8973855759288065,0.5974064233498937,5.067795248226533,7.5745315968263265,1.0,1.0,0.24,13.741017710283195,4.0,0.0026,-4.234508915330732,0.0,0.0,0.2936507936507936,0.7698412698412699,0.0,0.0,0.0,0.2777777777777778,0.5317460317460317,0.0,0.0,0.0,0.0,0.4206349206349206,0.5952380952380952,0.0,0.0,0.0,0.0,0.7380952380952381,0.8015873015873016,0.4523809523809524,0.8333333333333334,0.0555555555555555,0.0,0.0,0.0,0.0,0.5793650793650794,0.8174603174603174,0.8333333333333334,0.8333333333333334,0.0,0.0,0.0,0.0,0.0,0.4206349206349206,0.8333333333333334,0.1825396825396825,0.0,0.0,0.0,0.0,0.0,0.0,0.1349206349206349,0.8492063492063492,0.6587301587301587,0.6904761904761905,0.8809523809523809,0.8492063492063492,0.4365079365079365,0.0,0.0,0.8174603174603174,0.8968253968253969,0.0,0.0079365079365079,0.5793650793650794,0.9126984126984128,0.4841269841269841,0.0,0.0,0.0,0.0,0.0,0.0,0.0,0.0,0.0,0.0,0.2936507936507936,0.5158730158730159,0.753968253968254,0.9126984126984128,0.4523809523809524,0.0,0.0
449,1.636691498415252,0.1601417366541414,0.8934840243434913,0.6428966291554973,4.708821702403957,3.8243207797530814,1.0,1.0,0.24,17.451305825503653,4.0,0.0026,0.8606074147722239,0.0,0.0,0.0,0.2142857142857142,0.0,0.0,0.0,0.0,0.0,0.0,0.0,0.0,0.0,0.0,0.0,0.0,0.0,0.0,0.0,0.0079365079365079,0.119047619047619,0.0,0.2301587301587301,0.0,0.0,0.0,0.0,0.0,0.0,0.0873015873015873,0.1666666666666666,0.1349206349206349,0.0,0.0,0.0,0.0,0.0,0.0,0.2301587301587301,0.0,0.0,0.0,0.0,0.0,0.0,0.0,0.0,0.0,0.246031746031746,0.2619047619047619,0.2619047619047619,0.0,0.1507936507936507,0.0,0.0,0.2142857142857142,0.2619047619047619,0.0,0.0,0.0,0.246031746031746,0.2777777777777778,0.0,0.0,0.0,0.0,0.0,0.0,0.0,0.0,0.0,0.0,0.0,0.0,0.0,0.2142857142857142,0.2777777777777778,0.0,0.0
450,0.6745344263025198,0.1582112266175918,0.9229028617256028,0.6427876681255863,14.167480601846307,9.85580272355854,1.0,1.0,0.24,17.472917025505122,4.0,0.0026,-1.859861631646106,0.0,0.0,0.0,0.4841269841269841,0.0,0.0,0.0,0.0,0.2936507936507936,0.0,0.0,0.0,0.0,0.119047619047619,0.2936507936507936,0.0,0.0,0.0,0.0,0.3888888888888889,0.4523809523809524,0.3571428571428571,0.5158730158730159,0.0,0.0,0.0,0.0,0.0,0.1666666666666666,0.4523809523809524,0.5158730158730159,0.5158730158730159,0.0,0.0,0.0,0.0,0.0,0.0873015873015873,0.5158730158730159,0.0,0.0,0.0,0.0,0.0,0.0,0.0,0.0,0.5158730158730159,0.5317460317460317,0.5317460317460317,0.5317460317460317,0.3571428571428571,0.3888888888888889,0.0,0.0,0.4523809523809524,0.5317460317460317,0.0,0.0,0.2142857142857142,0.5476190476190477,0.4523809523809524,0.0,0.0,0.0,0.0,0.0,0.0,0.0,0.0,0.0,0.0,0.0,0.2142857142857142,0.4206349206349206,0.5476190476190477,0.4206349206349206,0.0,0.0
451,0.7185735461438517,0.1506348552481719,0.9154497244412254,0.5815778677331447,15.084843374386349,9.527897740368754,1.0,1.0,0.24,1.213369542615299,4.0,0.0026,-1.5522633806357944,0.0,0.0,0.0,0.4841269841269841,0.0,0.0,0.0,0.0,0.2936507936507936,0.0,0.0,0.0,0.0,0.119047619047619,0.2936507936507936,0.0,0.0,0.0,0.0,0.4047619047619047,0.4523809523809524,0.2936507936507936,0.5317460317460317,0.0,0.0,0.0,0.0,0.0,0.1825396825396825,0.4523809523809524,0.5317460317460317,0.5317460317460317,0.0,0.0,0.0,0.0,0.0,0.0873015873015873,0.5317460317460317,0.0,0.0,0.0,0.0,0.0,0.0,0.0,0.0,0.5317460317460317,0.5317460317460317,0.5476190476190477,0.5476190476190477,0.3492063492063492,0.373015873015873,0.0,0.0,0.4523809523809524,0.5634920634920635,0.0,0.0,0.2142857142857142,0.5634920634920635,0.4523809523809524,0.0,0.0,0.0,0.0,0.0,0.0,0.0,0.0,0.0,0.0,0.0,0.2142857142857142,0.4206349206349206,0.5793650793650794,0.4206349206349206,0.0,0.0
452,0.5326593333547683,0.121808008670458,0.92304026322771,0.5648616026805259,5.9856330970464064,8.111624497501962,1.0,1.0,0.24,14.331427268887447,4.0,0.0026,-4.188108079496208,0.0,0.0,0.2619047619047619,0.753968253968254,0.0,0.0,0.0,0.246031746031746,0.4682539682539682,0.0,0.0,0.0,0.0,0.3888888888888889,0.5476190476190477,0.0,0.0,0.0,0.0,0.7222222222222222,0.7698412698412699,0.4523809523809524,0.8174603174603174,0.0555555555555555,0.0,0.0,0.0,0.0,0.5158730158730159,0.7698412698412699,0.8174603174603174,0.8174603174603174,0.0,0.0,0.0,0.0,0.0,0.4047619047619047,0.8174603174603174,0.1428571428571428,0.0,0.0,0.0,0.0,0.0,0.0,0.0714285714285714,0.8333333333333334,0.6428571428571429,0.6746031746031746,0.8333333333333334,0.8492063492063492,0.4365079365079365,0.0,0.0,0.7698412698412699,0.8492063492063492,0.0,0.0,0.5,0.8492063492063492,0.4841269841269841,0.0,0.0,0.0,0.0,0.0,0.0,0.0,0.0,0.0,0.0,0.2619047619047619,0.4682539682539682,0.7380952380952381,0.8492063492063492,0.4523809523809524,0.0,0.0
453,1.4541258794269385,0.21117364667434,0.9190558077066944,0.6883620403942884,13.40639901189143,9.994957083152386,1.0,1.0,0.24,16.08888239942995,4.0,0.0026,1.3992163295622764,0.0,0.0,0.0,0.1507936507936507,0.0,0.0,0.0,0.0,0.0,0.0,0.0,0.0,0.0,0.0,0.0,0.0,0.0,0.0,0.0,0.0,0.0317460317460317,0.0079365079365079,0.1349206349206349,0.0,0.0,0.0,0.0,0.0,0.0,0.0,0.1031746031746031,0.119047619047619,0.0,0.0,0.0,0.0,0.0,0.0,0.1507936507936507,0.0,0.0,0.0,0.0,0.0,0.0,0.0,0.0,0.0,0.1666666666666666,0.1825396825396825,0.1825396825396825,0.119047619047619,0.1984126984126984,0.0,0.0,0.1349206349206349,0.1984126984126984,0.0,0.0,0.0,0.1666666666666666,0.2142857142857142,0.0,0.0,0.0,0.0,0.0,0.0,0.0,0.0,0.0,0.0,0.0,0.0,0.0,0.1031746031746031,0.2142857142857142,0.0,0.0
454,0.540307838893831,0.1542321690937111,0.9024341641214512,0.6916754775405886,14.483216680495175,11.365720570124044,1.0,1.0,0.24,6.30801371634442,4.0,0.0026,-2.571044307763119,0.0,0.0,0.119047619047619,0.5952380952380952,0.0,0.0,0.0,0.0079365079365079,0.3571428571428571,0.0,0.0,0.0,0.0,0.246031746031746,0.3888888888888889,0.0,0.0,0.0,0.0,0.4841269841269841,0.5634920634920635,0.5158730158730159,0.6111111111111112,0.0555555555555555,0.0,0.0,0.0,0.0,0.3412698412698413,0.5952380952380952,0.6111111111111112,0.6111111111111112,0.0,0.0,0.0,0.0,0.0,0.2142857142857142,0.6111111111111112,0.1111111111111111,0.0,0.0,0.0,0.0,0.0,0.0,0.0,0.626984126984127,0.626984126984127,0.626984126984127,0.6428571428571429,0.6428571428571429,0.4523809523809524,0.0,0.0,0.5476190476190477,0.6428571428571429,0.0,0.0,0.3412698412698413,0.6428571428571429,0.4682539682539682,0.0,0.0,0.0,0.0,0.0,0.0,0.0,0.0,0.0,0.0,0.0873015873015873,0.3412698412698413,0.5317460317460317,0.6428571428571429,0.4365079365079365,0.0,0.0
455,1.2595102301250285,0.1204646931619555,0.9023444277615796,0.6743205788904981,21.378750329025745,4.550984180182261,1.0,1.0,0.24,12.714219273767608,4.0,0.0026,0.8630790142482683,0.0,0.0,0.0,0.2142857142857142,0.0,0.0,0.0,0.0,0.0,0.0,0.0,0.0,0.0,0.0,0.0,0.0,0.0,0.0,0.0,0.0555555555555555,0.1031746031746031,0.0,0.2142857142857142,0.0,0.0,0.0,0.0,0.0,0.0,0.1031746031746031,0.1507936507936507,0.1507936507936507,0.0,0.0,0.0,0.0,0.0,0.0,0.2142857142857142,0.0,0.0,0.0,0.0,0.0,0.0,0.0,0.0,0.0396825396825396,0.2301587301587301,0.246031746031746,0.246031746031746,0.0317460317460317,0.1984126984126984,0.0,0.0,0.1825396825396825,0.246031746031746,0.0,0.0,0.0,0.246031746031746,0.2619047619047619,0.0,0.0,0.0,0.0,0.0,0.0,0.0,0.0,0.0,0.0,0.0,0.0,0.0,0.1984126984126984,0.2619047619047619,0.0,0.0
456,1.5076469407382929,0.1184573727273159,0.9211918786911828,0.6224742392272619,2.5417579364898355,4.630871489266379,1.0,1.0,0.24,19.622591029291343,4.0,0.0026,-0.0146755330822703,0.0,0.0,0.0,0.2936507936507936,0.0,0.0,0.0,0.0,0.0,0.0,0.0,0.0,0.0,0.0,0.0317460317460317,0.0,0.0,0.0,0.0,0.1666666666666666,0.2301587301587301,0.0,0.2936507936507936,0.0,0.0,0.0,0.0,0.0,0.0,0.1984126984126984,0.2936507936507936,0.2142857142857142,0.0,0.0,0.0,0.0,0.0,0.0,0.3412698412698413,0.0,0.0,0.0,0.0,0.0,0.0,0.0,0.0,0.1666666666666666,0.3571428571428571,0.3571428571428571,0.3571428571428571,0.0,0.1666666666666666,0.0,0.0,0.2936507936507936,0.3412698412698413,0.0,0.0,0.0,0.3571428571428571,0.3888888888888889,0.0,0.0,0.0,0.0,0.0,0.0,0.0,0.0,0.0,0.0,0.0,0.0,0.1507936507936507,0.2936507936507936,0.373015873015873,0.0,0.0
457,0.5623369970678529,0.1512301478984844,0.8955880270543922,0.5306372058827706,3.788688921229699,6.182209238621938,1.0,1.0,0.24,18.40332347568,4.0,0.0026,-4.855973669870044,0.0,0.119047619047619,0.3888888888888889,0.8174603174603174,0.0,0.0,0.0,0.3412698412698413,0.6428571428571429,0.0,0.0,0.0,0.0,0.5,0.7222222222222222,0.0,0.0,0.0,0.0,0.8650793650793651,0.9285714285714286,0.4047619047619047,0.8650793650793651,0.0555555555555555,0.0,0.0,0.0,0.0317460317460317,0.6746031746031746,0.9285714285714286,0.8650793650793651,0.9603174603174603,0.0,0.0,0.0,0.0,0.0,0.5,0.9761904761904762,0.1428571428571428,0.0,0.0,0.0,0.0,0.0,0.0,0.1825396825396825,0.9761904761904762,0.6428571428571429,0.6904761904761905,0.9603174603174603,0.6825396825396826,0.4206349206349206,0.0,0.0,0.9285714285714286,0.8650793650793651,0.0,0.119047619047619,0.7063492063492064,0.992063492063492,0.4682539682539682,0.0,0.0,0.0,0.0,0.0,0.0,0.0,0.0,0.0,0.1349206349206349,0.373015873015873,0.5793650793650794,0.8333333333333334,0.992063492063492,0.4365079365079365,0.0,0.0
458,1.2584159970810869,0.1988221420046167,0.9267553674992092,0.6111399365207052,14.85279469405216,2.135791218938474,1.0,1.0,0.24,12.586437493613554,4.0,0.0026,0.6918649927100018,0.0,0.0,0.0,0.2301587301587301,0.0,0.0,0.0,0.0,0.0,0.0,0.0,0.0,0.0,0.0,0.0,0.0,0.0,0.0,0.0,0.0873015873015873,0.1507936507936507,0.0,0.246031746031746,0.0,0.0,0.0,0.0,0.0,0.0,0.1349206349206349,0.1984126984126984,0.119047619047619,0.0,0.0,0.0,0.0,0.0,0.0,0.246031746031746,0.0,0.0,0.0,0.0,0.0,0.0,0.0,0.0,0.119047619047619,0.2619047619047619,0.2777777777777778,0.2777777777777778,0.0,0.1666666666666666,0.0,0.0,0.1825396825396825,0.2777777777777778,0.0,0.0,0.0,0.2619047619047619,0.2936507936507936,0.0,0.0,0.0,0.0,0.0,0.0,0.0,0.0,0.0,0.0,0.0,0.0,0.0,0.2301587301587301,0.2936507936507936,0.0,0.0
459,0.697267064648955,0.1351117596991611,0.9103317465726892,0.6591714233871652,2.918129808886514,12.218353944792575,1.0,1.0,0.24,11.635723666731725,4.0,0.0026,-3.260345660663833,0.0,0.0,0.1666666666666666,0.6428571428571429,0.0,0.0,0.0,0.0,0.3888888888888889,0.0,0.0,0.0,0.0,0.2936507936507936,0.4523809523809524,0.0,0.0,0.0,0.0,0.5793650793650794,0.6428571428571429,0.4047619047619047,0.6904761904761905,0.0,0.0,0.0,0.0,0.0,0.3888888888888889,0.6587301587301587,0.6904761904761905,0.6904761904761905,0.0,0.0,0.0,0.0,0.0,0.2301587301587301,0.7063492063492064,0.1269841269841269,0.0,0.0,0.0,0.0,0.0,0.0,0.0,0.7063492063492064,0.6111111111111112,0.6428571428571429,0.7222222222222222,0.7222222222222222,0.4047619047619047,0.0,0.0,0.6428571428571429,0.7222222222222222,0.0,0.0,0.3571428571428571,0.7222222222222222,0.4523809523809524,0.0,0.0,0.0,0.0,0.0,0.0,0.0,0.0,0.0,0.0,0.1349206349206349,0.4047619047619047,0.5952380952380952,0.7222222222222222,0.4206349206349206,0.0,0.0
460,0.8305689233799232,0.1687732418945234,0.9296284062021124,0.5951384099218435,9.908872952954743,7.942238256559349,1.0,1.0,0.24,5.641039773798884,4.0,0.0026,-1.3016897605188007,0.0,0.0,0.0,0.4365079365079365,0.0,0.0,0.0,0.0,0.2619047619047619,0.0,0.0,0.0,0.0,0.0714285714285714,0.2619047619047619,0.0,0.0,0.0,0.0,0.3571428571428571,0.4206349206349206,0.246031746031746,0.4841269841269841,0.0,0.0,0.0,0.0,0.0,0.1031746031746031,0.4047619047619047,0.4682539682539682,0.4523809523809524,0.0,0.0,0.0,0.0,0.0,0.0,0.4841269841269841,0.0,0.0,0.0,0.0,0.0,0.0,0.0,0.0,0.5,0.4682539682539682,0.5,0.5158730158730159,0.2301587301587301,0.3253968253968254,0.0,0.0,0.4206349206349206,0.5158730158730159,0.0,0.0,0.119047619047619,0.5158730158730159,0.4365079365079365,0.0,0.0,0.0,0.0,0.0,0.0,0.0,0.0,0.0,0.0,0.0,0.1349206349206349,0.3888888888888889,0.5317460317460317,0.4047619047619047,0.0,0.0
461,0.5481048606631325,0.127085443659262,0.9148661316271232,0.5760067577139399,18.320541021108905,5.319281068998535,1.0,1.0,0.24,2.3746240602913327,4.0,0.0026,-2.396149860674341,0.0,0.0,0.1031746031746031,0.5634920634920635,0.0,0.0,0.0,0.0079365079365079,0.3571428571428571,0.0,0.0,0.0,0.0,0.2301587301587301,0.3888888888888889,0.0,0.0,0.0,0.0,0.5,0.5793650793650794,0.2936507936507936,0.6111111111111112,0.0,0.0,0.0,0.0,0.0,0.2936507936507936,0.5793650793650794,0.626984126984127,0.626984126984127,0.0,0.0,0.0,0.0,0.0,0.1825396825396825,0.626984126984127,0.0,0.0,0.0,0.0,0.0,0.0,0.0,0.0,0.6428571428571429,0.5634920634920635,0.5793650793650794,0.6587301587301587,0.2936507936507936,0.4047619047619047,0.0,0.0,0.5476190476190477,0.6587301587301587,0.0,0.0,0.3412698412698413,0.6587301587301587,0.4682539682539682,0.0,0.0,0.0,0.0,0.0,0.0,0.0,0.0,0.0,0.0,0.0555555555555555,0.3095238095238095,0.5317460317460317,0.6746031746031746,0.4365079365079365,0.0,0.0
462,1.07923242136896,0.2283697699228269,0.9095216172408536,0.6150934473576255,14.00838831432014,7.0649121099444265,1.0,1.0,0.24,13.47064843762524,4.0,0.0026,-0.1337606835445955,0.0,0.0,0.0,0.2936507936507936,0.0,0.0,0.0,0.0,0.0,0.0,0.0,0.0,0.0,0.0,0.119047619047619,0.0,0.0,0.0,0.0,0.2142857142857142,0.2619047619047619,0.0873015873015873,0.3412698412698413,0.0,0.0,0.0,0.0,0.0,0.0,0.246031746031746,0.3412698412698413,0.2619047619047619,0.0,0.0,0.0,0.0,0.0,0.0,0.3412698412698413,0.0,0.0,0.0,0.0,0.0,0.0,0.0,0.0,0.246031746031746,0.3571428571428571,0.3571428571428571,0.373015873015873,0.1666666666666666,0.2619047619047619,0.0,0.0,0.2777777777777778,0.373015873015873,0.0,0.0,0.0,0.3888888888888889,0.3888888888888889,0.0,0.0,0.0,0.0,0.0,0.0,0.0,0.0,0.0,0.0,0.0,0.0,0.1984126984126984,0.373015873015873,0.3888888888888889,0.0,0.0
463,1.4434509574320065,0.200131936634314,0.8904036522844921,0.6113742020114065,11.962430473631978,4.984901512402249,1.0,1.0,0.24,6.166690020280156,4.0,0.0026,0.7877143745841599,0.0,0.0,0.0,0.2301587301587301,0.0,0.0,0.0,0.0,0.0,0.0,0.0,0.0,0.0,0.0,0.0,0.0,0.0,0.0,0.0,0.0873015873015873,0.1349206349206349,0.0,0.2301587301587301,0.0,0.0,0.0,0.0,0.0,0.0,0.119047619047619,0.1825396825396825,0.1507936507936507,0.0,0.0,0.0,0.0,0.0,0.0,0.246031746031746,0.0,0.0,0.0,0.0,0.0,0.0,0.0,0.0,0.1031746031746031,0.2619047619047619,0.2619047619047619,0.2777777777777778,0.0,0.1825396825396825,0.0,0.0,0.1984126984126984,0.2777777777777778,0.0,0.0,0.0,0.2619047619047619,0.2936507936507936,0.0,0.0,0.0,0.0,0.0,0.0,0.0,0.0,0.0,0.0,0.0,0.0,0.0,0.2301587301587301,0.2936507936507936,0.0,0.0
464,0.5233372163620507,0.191469849581408,0.8944817882341586,0.574597775116942,13.921615196219015,7.247828933926398,1.0,1.0,0.24,5.567343646442154,4.0,0.0026,-3.079276157868654,0.0,0.0,0.2301587301587301,0.6587301587301587,0.0,0.0,0.0,0.1666666666666666,0.4206349206349206,0.0,0.0,0.0,0.0,0.3253968253968254,0.4523809523809524,0.0,0.0,0.0,0.0,0.5952380952380952,0.6746031746031746,0.4365079365079365,0.7222222222222222,0.0,0.0,0.0,0.0,0.0,0.4206349206349206,0.6904761904761905,0.7222222222222222,0.7222222222222222,0.0,0.0,0.0,0.0,0.0,0.2619047619047619,0.7222222222222222,0.1111111111111111,0.0,0.0,0.0,0.0,0.0,0.0,0.0,0.7222222222222222,0.6428571428571429,0.6587301587301587,0.7380952380952381,0.7380952380952381,0.4365079365079365,0.0,0.0,0.6587301587301587,0.7380952380952381,0.0,0.0,0.4047619047619047,0.7380952380952381,0.4841269841269841,0.0,0.0,0.0,0.0,0.0,0.0,0.0,0.0,0.0,0.0,0.1825396825396825,0.4206349206349206,0.6428571428571429,0.753968253968254,0.4523809523809524,0.0,0.0
465,0.979744064127123,0.2069638470350844,0.9212843046836384,0.5109099676060554,2.988557737440126,3.4110278220108547,1.0,1.0,0.24,19.070119526556105,4.0,0.0026,-2.7632198339321072,0.0,0.0,0.0079365079365079,0.6111111111111112,0.0,0.0,0.0,0.0,0.3412698412698413,0.0,0.0,0.0,0.0,0.2301587301587301,0.4206349206349206,0.0,0.0,0.0,0.0,0.5317460317460317,0.6428571428571429,0.119047619047619,0.3571428571428571,0.0,0.0,0.0,0.0,0.0,0.3174603174603174,0.5952380952380952,0.4365079365079365,0.4523809523809524,0.0,0.0,0.0,0.0,0.0,0.1507936507936507,0.7222222222222222,0.0,0.0,0.0,0.0,0.0,0.0,0.0,0.0,0.7222222222222222,0.4523809523809524,0.5,0.7380952380952381,0.1507936507936507,0.2619047619047619,0.0,0.0,0.6111111111111112,0.4206349206349206,0.0,0.0,0.2619047619047619,0.753968253968254,0.4206349206349206,0.0,0.0,0.0,0.0,0.0,0.0,0.0,0.0,0.0,0.0,0.0,0.3571428571428571,0.5317460317460317,0.7063492063492064,0.4047619047619047,0.0,0.0
466,0.570771790310793,0.1268873627082395,0.90170045422469,0.5997709860385915,20.39110063240672,1.9390622128752444,1.0,1.0,0.24,16.340308730362075,4.0,0.0026,-2.4579006043744984,0.0,0.0,0.0714285714285714,0.5317460317460317,0.0,0.0,0.0,0.0,0.3571428571428571,0.0,0.0,0.0,0.0,0.2142857142857142,0.373015873015873,0.0,0.0,0.0,0.0,0.4682539682539682,0.5476190476190477,0.1666666666666666,0.4523809523809524,0.0,0.0,0.0,0.0,0.0,0.2619047619047619,0.5317460317460317,0.5158730158730159,0.4047619047619047,0.0,0.0,0.0,0.0,0.0,0.1507936507936507,0.5952380952380952,0.0,0.0,0.0,0.0,0.0,0.0,0.0,0.0,0.6111111111111112,0.5158730158730159,0.5317460317460317,0.626984126984127,0.1825396825396825,0.3253968253968254,0.0,0.0,0.5,0.4682539682539682,0.0,0.0,0.2936507936507936,0.6428571428571429,0.4682539682539682,0.0,0.0,0.0,0.0,0.0,0.0,0.0,0.0,0.0,0.0,0.0,0.2936507936507936,0.5,0.6428571428571429,0.4365079365079365,0.0,0.0
467,1.6244755519952736,0.1675199580675243,0.8967333640617257,0.6565841212107671,22.48232916078498,3.1158729563083387,1.0,1.0,0.24,6.941667525326967,4.0,0.0026,1.8449387850127068,0.0,0.0,0.0,0.119047619047619,0.0,0.0,0.0,0.0,0.0,0.0,0.0,0.0,0.0,0.0,0.0,0.0,0.0,0.0,0.0,0.0,0.0,0.0,0.0714285714285714,0.0,0.0,0.0,0.0,0.0,0.0,0.0,0.0,0.0079365079365079,0.0,0.0,0.0,0.0,0.0,0.0,0.0714285714285714,0.0,0.0,0.0,0.0,0.0,0.0,0.0,0.0,0.0,0.119047619047619,0.119047619047619,0.1349206349206349,0.0,0.1349206349206349,0.0,0.0,0.0714285714285714,0.1349206349206349,0.0,0.0,0.0,0.0079365079365079,0.1666666666666666,0.0,0.0,0.0,0.0,0.0,0.0,0.0,0.0,0.0,0.0,0.0,0.0,0.0,0.0,0.1349206349206349,0.0,0.0
468,0.7260356313149715,0.1258798363373407,0.901945477270489,0.5512126489992045,15.65391228710477,8.072906854618939,1.0,1.0,0.24,9.167098548401489,4.0,0.0026,-2.0393818153233285,0.0,0.0,0.0,0.5,0.0,0.0,0.0,0.0,0.3253968253968254,0.0,0.0,0.0,0.0,0.1507936507936507,0.3412698412698413,0.0,0.0,0.0,0.0,0.4206349206349206,0.5,0.2777777777777778,0.5476190476190477,0.0,0.0,0.0,0.0,0.0,0.2142857142857142,0.5,0.5476190476190477,0.5476190476190477,0.0,0.0,0.0,0.0,0.0,0.0873015873015873,0.5476190476190477,0.0,0.0,0.0,0.0,0.0,0.0,0.0,0.0,0.5634920634920635,0.5317460317460317,0.5476190476190477,0.5793650793650794,0.2777777777777778,0.3571428571428571,0.0,0.0,0.4682539682539682,0.5793650793650794,0.0,0.0,0.2301587301587301,0.5952380952380952,0.4523809523809524,0.0,0.0,0.0,0.0,0.0,0.0,0.0,0.0,0.0,0.0,0.0,0.2301587301587301,0.4523809523809524,0.5952380952380952,0.4206349206349206,0.0,0.0
469,0.9169957838401116,0.2052249911802812,0.9197918277150662,0.5327627624137327,19.53866472284288,14.20490055526568,1.0,1.0,0.24,19.661139919723308,4.0,0.0026,-0.8287680808538045,0.0,0.0,0.0,0.3888888888888889,0.0,0.0,0.0,0.0,0.1349206349206349,0.0,0.0,0.0,0.0,0.0079365079365079,0.1984126984126984,0.0,0.0,0.0,0.0,0.2936507936507936,0.3412698412698413,0.2777777777777778,0.4206349206349206,0.0,0.0,0.0,0.0,0.0,0.0,0.373015873015873,0.3888888888888889,0.4047619047619047,0.0,0.0,0.0,0.0,0.0,0.0,0.4206349206349206,0.0,0.0,0.0,0.0,0.0,0.0,0.0,0.0,0.4206349206349206,0.4365079365079365,0.4365079365079365,0.4365079365079365,0.2619047619047619,0.3412698412698413,0.0,0.0,0.3412698412698413,0.4365079365079365,0.0,0.0,0.0,0.4523809523809524,0.4206349206349206,0.0,0.0,0.0,0.0,0.0,0.0,0.0,0.0,0.0,0.0,0.0,0.0,0.2777777777777778,0.4523809523809524,0.4047619047619047,0.0,0.0
470,1.6167390651268392,0.1424464329707818,0.9006077898670033,0.6567231251993857,17.74084546418362,5.33614085723256,1.0,1.0,0.24,8.289270154458066,4.0,0.0026,1.7424620742068888,0.0,0.0,0.0,0.119047619047619,0.0,0.0,0.0,0.0,0.0,0.0,0.0,0.0,0.0,0.0,0.0,0.0,0.0,0.0,0.0,0.0,0.0,0.0,0.0873015873015873,0.0,0.0,0.0,0.0,0.0,0.0,0.0,0.0079365079365079,0.0317460317460317,0.0,0.0,0.0,0.0,0.0,0.0,0.1031746031746031,0.0,0.0,0.0,0.0,0.0,0.0,0.0,0.0,0.0,0.1349206349206349,0.1349206349206349,0.1349206349206349,0.0,0.1507936507936507,0.0,0.0,0.0873015873015873,0.1666666666666666,0.0,0.0,0.0,0.0714285714285714,0.1825396825396825,0.0,0.0,0.0,0.0,0.0,0.0,0.0,0.0,0.0,0.0,0.0,0.0,0.0,0.0,0.1666666666666666,0.0,0.0
471,1.4508523707226906,0.1498642637323052,0.9253226880997576,0.5441975962572779,7.063894104564826,4.879031224497288,1.0,1.0,0.24,15.124696895243078,4.0,0.0026,0.2593799938290534,0.0,0.0,0.0,0.2777777777777778,0.0,0.0,0.0,0.0,0.0,0.0,0.0,0.0,0.0,0.0,0.0317460317460317,0.0,0.0,0.0,0.0,0.1666666666666666,0.2301587301587301,0.0,0.2936507936507936,0.0,0.0,0.0,0.0,0.0,0.0,0.1507936507936507,0.2619047619047619,0.1666666666666666,0.0,0.0,0.0,0.0,0.0,0.0,0.2936507936507936,0.0,0.0,0.0,0.0,0.0,0.0,0.0,0.0,0.1666666666666666,0.3095238095238095,0.3253968253968254,0.3253968253968254,0.0,0.1666666666666666,0.0,0.0,0.246031746031746,0.3412698412698413,0.0,0.0,0.0,0.3571428571428571,0.3571428571428571,0.0,0.0,0.0,0.0,0.0,0.0,0.0,0.0,0.0,0.0,0.0,0.0,0.119047619047619,0.2936507936507936,0.3571428571428571,0.0,0.0
472,0.7509158406584329,0.2262840562291589,0.9044449878331596,0.5292711853046842,19.767698553973336,3.040084897418522,1.0,1.0,0.24,12.34124742044102,4.0,0.0026,-1.4907994445127664,0.0,0.0,0.0,0.4523809523809524,0.0,0.0,0.0,0.0,0.2777777777777778,0.0,0.0,0.0,0.0,0.0873015873015873,0.2777777777777778,0.0,0.0,0.0,0.0,0.373015873015873,0.4523809523809524,0.119047619047619,0.4206349206349206,0.0,0.0,0.0,0.0,0.0,0.1349206349206349,0.4206349206349206,0.4682539682539682,0.2936507936507936,0.0,0.0,0.0,0.0,0.0,0.0714285714285714,0.5158730158730159,0.0,0.0,0.0,0.0,0.0,0.0,0.0,0.0,0.5158730158730159,0.4682539682539682,0.4841269841269841,0.5317460317460317,0.1825396825396825,0.2936507936507936,0.0,0.0,0.4365079365079365,0.4365079365079365,0.0,0.0,0.1666666666666666,0.5476190476190477,0.4365079365079365,0.0,0.0,0.0,0.0,0.0,0.0,0.0,0.0,0.0,0.0,0.0,0.1666666666666666,0.4047619047619047,0.5634920634920635,0.4206349206349206,0.0,0.0
473,1.8804779596504173,0.1978315513261788,0.8905005931779145,0.5487474975562363,6.356192138874022,14.345759178832868,1.0,1.0,0.24,3.1617166331742013,4.0,0.0026,1.2192317634264145,0.0,0.0,0.0,0.1825396825396825,0.0,0.0,0.0,0.0,0.0,0.0,0.0,0.0,0.0,0.0,0.0,0.0,0.0,0.0,0.0,0.0,0.0714285714285714,0.0,0.2142857142857142,0.0,0.0,0.0,0.0,0.0,0.0,0.0,0.1349206349206349,0.1507936507936507,0.0,0.0,0.0,0.0,0.0,0.0,0.2142857142857142,0.0,0.0,0.0,0.0,0.0,0.0,0.0,0.0,0.0,0.2301587301587301,0.2301587301587301,0.246031746031746,0.0317460317460317,0.1825396825396825,0.0,0.0,0.1666666666666666,0.246031746031746,0.0,0.0,0.0,0.2301587301587301,0.2619047619047619,0.0,0.0,0.0,0.0,0.0,0.0,0.0,0.0,0.0,0.0,0.0,0.0,0.0,0.1666666666666666,0.2619047619047619,0.0,0.0
474,1.7331341796454092,0.1914360142243005,0.9101042419633232,0.6030476814726113,21.26844511395404,6.462741073016794,1.0,1.0,0.24,15.573329925575882,4.0,0.0026,2.069893851664177,0.0,0.0,0.0,0.119047619047619,0.0,0.0,0.0,0.0,0.0,0.0,0.0,0.0,0.0,0.0,0.0,0.0,0.0,0.0,0.0,0.0,0.0,0.0,0.0714285714285714,0.0,0.0,0.0,0.0,0.0,0.0,0.0,0.0,0.0,0.0,0.0,0.0,0.0,0.0,0.0,0.0714285714285714,0.0,0.0,0.0,0.0,0.0,0.0,0.0,0.0,0.0,0.0873015873015873,0.1031746031746031,0.119047619047619,0.0,0.119047619047619,0.0,0.0,0.0555555555555555,0.119047619047619,0.0,0.0,0.0,0.0,0.1349206349206349,0.0,0.0,0.0,0.0,0.0,0.0,0.0,0.0,0.0,0.0,0.0,0.0,0.0,0.0,0.119047619047619,0.0,0.0
475,1.468182926309192,0.1434999525488177,0.9046483822677313,0.5749462205692069,17.364544770139375,10.83641332226032,1.0,1.0,0.24,3.480420771695619,4.0,0.0026,1.0932867873875642,0.0,0.0,0.0,0.1984126984126984,0.0,0.0,0.0,0.0,0.0,0.0,0.0,0.0,0.0,0.0,0.0,0.0,0.0,0.0,0.0,0.0079365079365079,0.0873015873015873,0.0396825396825396,0.2142857142857142,0.0,0.0,0.0,0.0,0.0,0.0,0.0714285714285714,0.1349206349206349,0.1507936507936507,0.0,0.0,0.0,0.0,0.0,0.0,0.2142857142857142,0.0,0.0,0.0,0.0,0.0,0.0,0.0,0.0,0.0317460317460317,0.2301587301587301,0.2301587301587301,0.2301587301587301,0.1349206349206349,0.2301587301587301,0.0,0.0,0.1666666666666666,0.246031746031746,0.0,0.0,0.0,0.2301587301587301,0.2619047619047619,0.0,0.0,0.0,0.0,0.0,0.0,0.0,0.0,0.0,0.0,0.0,0.0,0.0,0.1825396825396825,0.2619047619047619,0.0,0.0
476,0.814974005355964,0.1233902815889805,0.9129329207648718,0.6570635439396617,20.72285158935918,3.460711200725473,1.0,1.0,0.24,2.680277295331533,4.0,0.0026,-0.5936030148809264,0.0,0.0,0.0,0.373015873015873,0.0,0.0,0.0,0.0,0.119047619047619,0.0,0.0,0.0,0.0,0.0079365079365079,0.2142857142857142,0.0,0.0,0.0,0.0,0.2777777777777778,0.3253968253968254,0.0873015873015873,0.3888888888888889,0.0,0.0,0.0,0.0,0.0,0.0,0.3412698412698413,0.3888888888888889,0.2619047619047619,0.0,0.0,0.0,0.0,0.0,0.0,0.3888888888888889,0.0,0.0,0.0,0.0,0.0,0.0,0.0,0.0,0.4047619047619047,0.4206349206349206,0.4206349206349206,0.4206349206349206,0.1666666666666666,0.2936507936507936,0.0,0.0,0.3412698412698413,0.4206349206349206,0.0,0.0,0.0,0.4365079365079365,0.4365079365079365,0.0,0.0,0.0,0.0,0.0,0.0,0.0,0.0,0.0,0.0,0.0,0.0079365079365079,0.2777777777777778,0.4365079365079365,0.4047619047619047,0.0,0.0
477,1.8772929756074968,0.1896719050640004,0.9283665070631882,0.539125527291658,14.2145359590333,8.479130276774384,1.0,1.0,0.24,18.428325264671443,4.0,0.0026,2.137577687117763,0.0,0.0,0.0,0.1031746031746031,0.0,0.0,0.0,0.0,0.0,0.0,0.0,0.0,0.0,0.0,0.0,0.0,0.0,0.0,0.0,0.0,0.0,0.0,0.0714285714285714,0.0,0.0,0.0,0.0,0.0,0.0,0.0,0.0,0.0,0.0,0.0,0.0,0.0,0.0,0.0,0.0714285714285714,0.0,0.0,0.0,0.0,0.0,0.0,0.0,0.0,0.0,0.119047619047619,0.119047619047619,0.119047619047619,0.0,0.119047619047619,0.0,0.0,0.0714285714285714,0.119047619047619,0.0,0.0,0.0,0.0,0.1507936507936507,0.0,0.0,0.0,0.0,0.0,0.0,0.0,0.0,0.0,0.0,0.0,0.0,0.0,0.0,0.1349206349206349,0.0,0.0
478,0.9591887010812422,0.1194390255877759,0.897664049183067,0.6273955729940761,19.60068460616775,9.2062809477618,1.0,1.0,0.24,2.4051273319734365,4.0,0.0026,-0.3868855430602356,0.0,0.0,0.0,0.3571428571428571,0.0,0.0,0.0,0.0,0.0079365079365079,0.0,0.0,0.0,0.0,0.0,0.1666666666666666,0.0,0.0,0.0,0.0,0.246031746031746,0.2777777777777778,0.2142857142857142,0.373015873015873,0.0,0.0,0.0,0.0,0.0,0.0,0.2936507936507936,0.373015873015873,0.373015873015873,0.0,0.0,0.0,0.0,0.0,0.0,0.373015873015873,0.0,0.0,0.0,0.0,0.0,0.0,0.0,0.0,0.2936507936507936,0.3888888888888889,0.3888888888888889,0.4047619047619047,0.2142857142857142,0.2936507936507936,0.0,0.0,0.3253968253968254,0.4047619047619047,0.0,0.0,0.0,0.4206349206349206,0.4206349206349206,0.0,0.0,0.0,0.0,0.0,0.0,0.0,0.0,0.0,0.0,0.0,0.0,0.246031746031746,0.4206349206349206,0.4047619047619047,0.0,0.0
479,0.6851685526292007,0.1805025607792488,0.8916997310431313,0.6392163257475638,12.606352922994407,4.494575978777815,1.0,1.0,0.24,4.997876710246586,4.0,0.0026,-1.89156446825182,0.0,0.0,0.0,0.5,0.0,0.0,0.0,0.0,0.3253968253968254,0.0,0.0,0.0,0.0,0.1666666666666666,0.3571428571428571,0.0,0.0,0.0,0.0,0.4365079365079365,0.5,0.246031746031746,0.5,0.0,0.0,0.0,0.0,0.0,0.2301587301587301,0.5,0.5634920634920635,0.4523809523809524,0.0,0.0,0.0,0.0,0.0,0.1031746031746031,0.5793650793650794,0.0,0.0,0.0,0.0,0.0,0.0,0.0,0.0,0.5793650793650794,0.5158730158730159,0.5317460317460317,0.5952380952380952,0.2142857142857142,0.3412698412698413,0.0,0.0,0.4841269841269841,0.5634920634920635,0.0,0.0,0.246031746031746,0.6111111111111112,0.4523809523809524,0.0,0.0,0.0,0.0,0.0,0.0,0.0,0.0,0.0,0.0,0.0,0.2619047619047619,0.4682539682539682,0.6111111111111112,0.4206349206349206,0.0,0.0
480,0.8044334242084523,0.2204257486548611,0.9241671262546268,0.6824842933886117,23.45060183299786,13.97515268534162,1.0,1.0,0.24,17.710243159855974,4.0,0.0026,-0.5793652969348644,0.0,0.0,0.0,0.373015873015873,0.0,0.0,0.0,0.0,0.0873015873015873,0.0,0.0,0.0,0.0,0.0,0.1825396825396825,0.0,0.0,0.0,0.0,0.246031746031746,0.2936507936507936,0.2936507936507936,0.373015873015873,0.0,0.0,0.0,0.0,0.0,0.0,0.3412698412698413,0.373015873015873,0.373015873015873,0.0,0.0,0.0,0.0,0.0,0.0,0.373015873015873,0.0,0.0,0.0,0.0,0.0,0.0,0.0,0.0,0.373015873015873,0.3888888888888889,0.3888888888888889,0.4047619047619047,0.3492063492063492,0.3571428571428571,0.0,0.0,0.3253968253968254,0.4047619047619047,0.0,0.0,0.0,0.4047619047619047,0.4206349206349206,0.0,0.0,0.0,0.0,0.0,0.0,0.0,0.0,0.0,0.0,0.0,0.0,0.2619047619047619,0.4206349206349206,0.4047619047619047,0.0,0.0
481,0.8649711582403371,0.1738347993108325,0.9062423258981926,0.6887336248480791,14.506524527099224,9.044480137749458,1.0,1.0,0.24,9.44519800197763,4.0,0.0026,-0.6973785975704201,0.0,0.0,0.0,0.3888888888888889,0.0,0.0,0.0,0.0,0.1031746031746031,0.0,0.0,0.0,0.0,0.0,0.2142857142857142,0.0,0.0,0.0,0.0,0.2619047619047619,0.3253968253968254,0.246031746031746,0.3888888888888889,0.0,0.0,0.0,0.0,0.0,0.0,0.3571428571428571,0.3888888888888889,0.3888888888888889,0.0,0.0,0.0,0.0,0.0,0.0,0.4047619047619047,0.0,0.0,0.0,0.0,0.0,0.0,0.0,0.0,0.3888888888888889,0.4206349206349206,0.4206349206349206,0.4206349206349206,0.2301587301587301,0.3253968253968254,0.0,0.0,0.3571428571428571,0.4365079365079365,0.0,0.0,0.0,0.4365079365079365,0.4206349206349206,0.0,0.0,0.0,0.0,0.0,0.0,0.0,0.0,0.0,0.0,0.0,0.0079365079365079,0.2777777777777778,0.4365079365079365,0.4047619047619047,0.0,0.0
482,0.7341780043701313,0.2067899258262923,0.8908900200162271,0.6415512927012041,18.25848167786076,13.918323244535117,1.0,1.0,0.24,14.27048563754782,4.0,0.0026,-1.6678867412419738,0.0,0.0,0.0,0.4841269841269841,0.0,0.0,0.0,0.0,0.2777777777777778,0.0,0.0,0.0,0.0,0.1349206349206349,0.2936507936507936,0.0,0.0,0.0,0.0,0.373015873015873,0.4206349206349206,0.4047619047619047,0.5158730158730159,0.0,0.0,0.0,0.0,0.0,0.1666666666666666,0.4523809523809524,0.5158730158730159,0.5158730158730159,0.0,0.0,0.0,0.0,0.0,0.0714285714285714,0.5158730158730159,0.0555555555555555,0.0,0.0,0.0,0.0,0.0,0.0,0.0,0.5158730158730159,0.5317460317460317,0.5317460317460317,0.5317460317460317,0.5317460317460317,0.4047619047619047,0.0,0.0,0.4523809523809524,0.5317460317460317,0.0,0.0,0.1825396825396825,0.5317460317460317,0.4365079365079365,0.0,0.0,0.0,0.0,0.0,0.0,0.0,0.0,0.0,0.0,0.0,0.2142857142857142,0.4206349206349206,0.5317460317460317,0.4206349206349206,0.0,0.0
483,0.5469828506030812,0.2222023485780523,0.902939180024064,0.5359688289459087,11.209342201297584,11.415840874176109,1.0,1.0,0.24,12.894600526398396,4.0,0.0026,-3.457184931164452,0.0,0.0,0.2301587301587301,0.6904761904761905,0.0,0.0,0.0,0.1984126984126984,0.4365079365079365,0.0,0.0,0.0,0.0,0.373015873015873,0.4682539682539682,0.0,0.0,0.0,0.0,0.6428571428571429,0.7222222222222222,0.5158730158730159,0.7380952380952381,0.0555555555555555,0.0,0.0,0.0,0.0,0.4523809523809524,0.7222222222222222,0.7380952380952381,0.7380952380952381,0.0,0.0,0.0,0.0,0.0,0.2936507936507936,0.753968253968254,0.1428571428571428,0.0,0.0,0.0,0.0,0.0,0.0,0.0,0.753968253968254,0.6746031746031746,0.7063492063492064,0.7698412698412699,0.7698412698412699,0.4523809523809524,0.0,0.0,0.7063492063492064,0.7698412698412699,0.0,0.0,0.4365079365079365,0.7698412698412699,0.4682539682539682,0.0,0.0,0.0,0.0,0.0,0.0,0.0,0.0,0.0,0.0,0.2142857142857142,0.4365079365079365,0.6904761904761905,0.7698412698412699,0.4365079365079365,0.0,0.0
484,0.6578186809545916,0.2017792733269848,0.9274550535457914,0.6678386812392723,10.193719025138224,2.239505499703043,1.0,1.0,0.24,8.81855471642098,4.0,0.0026,-1.6422507001036792,0.0,0.0,0.0,0.4682539682539682,0.0,0.0,0.0,0.0,0.2936507936507936,0.0,0.0,0.0,0.0,0.1349206349206349,0.2936507936507936,0.0,0.0,0.0,0.0,0.4047619047619047,0.4682539682539682,0.119047619047619,0.4047619047619047,0.0,0.0,0.0,0.0,0.0,0.1825396825396825,0.4523809523809524,0.4523809523809524,0.3571428571428571,0.0,0.0,0.0,0.0,0.0,0.1031746031746031,0.5317460317460317,0.0,0.0,0.0,0.0,0.0,0.0,0.0,0.0,0.5317460317460317,0.4682539682539682,0.4841269841269841,0.5634920634920635,0.1666666666666666,0.2936507936507936,0.0,0.0,0.4523809523809524,0.4365079365079365,0.0,0.0,0.2142857142857142,0.5793650793650794,0.4523809523809524,0.0,0.0,0.0,0.0,0.0,0.0,0.0,0.0,0.0,0.0,0.0,0.2301587301587301,0.4206349206349206,0.5793650793650794,0.4206349206349206,0.0,0.0
485,0.9704190200007644,0.1907240469443079,0.9173679193906592,0.5631085382128652,15.930712425567808,12.168412475126264,1.0,1.0,0.24,18.85797007487417,4.0,0.0026,-0.6983030490085953,0.0,0.0,0.0,0.373015873015873,0.0,0.0,0.0,0.0,0.1031746031746031,0.0,0.0,0.0,0.0,0.0,0.1984126984126984,0.0,0.0,0.0,0.0,0.2619047619047619,0.3253968253968254,0.246031746031746,0.3888888888888889,0.0,0.0,0.0,0.0,0.0,0.0,0.3412698412698413,0.3888888888888889,0.3888888888888889,0.0,0.0,0.0,0.0,0.0,0.0,0.3888888888888889,0.0,0.0,0.0,0.0,0.0,0.0,0.0,0.0,0.4047619047619047,0.4206349206349206,0.4206349206349206,0.4206349206349206,0.2301587301587301,0.2936507936507936,0.0,0.0,0.3253968253968254,0.4206349206349206,0.0,0.0,0.0,0.4365079365079365,0.4206349206349206,0.0,0.0,0.0,0.0,0.0,0.0,0.0,0.0,0.0,0.0,0.0,0.0,0.2619047619047619,0.4365079365079365,0.4047619047619047,0.0,0.0
486,1.7008099985790446,0.1532860302609794,0.9235709826618038,0.6759168826905585,19.355553292399527,6.590039952167452,1.0,1.0,0.24,3.693292010695053,4.0,0.0026,2.249663470369596,0.0,0.0,0.0,0.0714285714285714,0.0,0.0,0.0,0.0,0.0,0.0,0.0,0.0,0.0,0.0,0.0,0.0,0.0,0.0,0.0,0.0,0.0,0.0,0.0079365079365079,0.0,0.0,0.0,0.0,0.0,0.0,0.0,0.0,0.0,0.0,0.0,0.0,0.0,0.0,0.0,0.0079365079365079,0.0,0.0,0.0,0.0,0.0,0.0,0.0,0.0,0.0,0.0714285714285714,0.0714285714285714,0.0714285714285714,0.0,0.0714285714285714,0.0,0.0,0.0,0.0873015873015873,0.0,0.0,0.0,0.0,0.1031746031746031,0.0,0.0,0.0,0.0,0.0,0.0,0.0,0.0,0.0,0.0,0.0,0.0,0.0,0.0,0.0317460317460317,0.0,0.0
487,0.6161379336656972,0.1608885788558326,0.9072203102487996,0.5611308281955809,12.175257883705344,6.947246932618444,1.0,1.0,0.24,15.500496699129434,4.0,0.0026,-2.898482172287035,0.0,0.0,0.119047619047619,0.5793650793650794,0.0,0.0,0.0,0.0317460317460317,0.373015873015873,0.0,0.0,0.0,0.0,0.246031746031746,0.4047619047619047,0.0,0.0,0.0,0.0,0.5317460317460317,0.5952380952380952,0.3095238095238095,0.6587301587301587,0.0,0.0,0.0,0.0,0.0,0.3412698412698413,0.626984126984127,0.6587301587301587,0.6587301587301587,0.0,0.0,0.0,0.0,0.0,0.2142857142857142,0.6587301587301587,0.0634920634920634,0.0,0.0,0.0,0.0,0.0,0.0,0.0,0.6746031746031746,0.5634920634920635,0.5952380952380952,0.6904761904761905,0.3492063492063492,0.4047619047619047,0.0,0.0,0.5634920634920635,0.6904761904761905,0.0,0.0,0.3253968253968254,0.6904761904761905,0.4682539682539682,0.0,0.0,0.0,0.0,0.0,0.0,0.0,0.0,0.0,0.0,0.0714285714285714,0.3412698412698413,0.5476190476190477,0.6904761904761905,0.4365079365079365,0.0,0.0
488,0.9252364784240236,0.1796495874809268,0.9142109484555256,0.6092497991944091,4.773583652785247,5.201769353178947,1.0,1.0,0.24,13.129705743222871,4.0,0.0026,-1.744851934574688,0.0,0.0,0.0,0.4682539682539682,0.0,0.0,0.0,0.0,0.2619047619047619,0.0,0.0,0.0,0.0,0.119047619047619,0.2936507936507936,0.0,0.0,0.0,0.0,0.4047619047619047,0.4523809523809524,0.1349206349206349,0.4206349206349206,0.0,0.0,0.0,0.0,0.0,0.1666666666666666,0.4523809523809524,0.5158730158730159,0.4047619047619047,0.0,0.0,0.0,0.0,0.0,0.0079365079365079,0.5317460317460317,0.0,0.0,0.0,0.0,0.0,0.0,0.0,0.0,0.5317460317460317,0.4523809523809524,0.4841269841269841,0.5793650793650794,0.1666666666666666,0.2936507936507936,0.0,0.0,0.4523809523809524,0.4523809523809524,0.0,0.0,0.1666666666666666,0.5793650793650794,0.4206349206349206,0.0,0.0,0.0,0.0,0.0,0.0,0.0,0.0,0.0,0.0,0.0,0.2142857142857142,0.4206349206349206,0.5793650793650794,0.4047619047619047,0.0,0.0
489,1.2484859953783856,0.2187931343180064,0.9287919950091084,0.6106077382001858,12.732036271204352,1.2225674971216731,1.0,1.0,0.24,4.947337664274893,4.0,0.0026,0.6214741592063007,0.0,0.0,0.0,0.246031746031746,0.0,0.0,0.0,0.0,0.0,0.0,0.0,0.0,0.0,0.0,0.0,0.0,0.0,0.0,0.0,0.1031746031746031,0.1666666666666666,0.0,0.2619047619047619,0.0,0.0,0.0,0.0,0.0,0.0,0.1507936507936507,0.2142857142857142,0.119047619047619,0.0,0.0,0.0,0.0,0.0,0.0,0.2619047619047619,0.0,0.0,0.0,0.0,0.0,0.0,0.0,0.0,0.119047619047619,0.2777777777777778,0.2777777777777778,0.2936507936507936,0.0,0.1507936507936507,0.0,0.0,0.1984126984126984,0.2936507936507936,0.0,0.0,0.0,0.2777777777777778,0.2936507936507936,0.0,0.0,0.0,0.0,0.0,0.0,0.0,0.0,0.0,0.0,0.0,0.0,0.0317460317460317,0.2619047619047619,0.2936507936507936,0.0,0.0
490,0.5726031439520372,0.1966239872943191,0.9223303844179502,0.5186379990642003,4.296409128184914,6.535593437926925,1.0,1.0,0.24,14.98016779678694,4.0,0.0026,-4.23848473223307,0.0,0.0,0.2936507936507936,0.8015873015873016,0.0,0.0,0.0,0.2936507936507936,0.5793650793650794,0.0,0.0,0.0,0.0,0.4523809523809524,0.6428571428571429,0.0,0.0,0.0,0.0,0.8015873015873016,0.8492063492063492,0.373015873015873,0.8650793650793651,0.0,0.0,0.0,0.0,0.0,0.626984126984127,0.8492063492063492,0.8492063492063492,0.9285714285714286,0.0,0.0,0.0,0.0,0.0,0.4365079365079365,0.9285714285714286,0.1269841269841269,0.0,0.0,0.0,0.0,0.0,0.0,0.1349206349206349,0.9603174603174603,0.6111111111111112,0.6587301587301587,0.9285714285714286,0.5793650793650794,0.4206349206349206,0.0,0.0,0.8333333333333334,0.8333333333333334,0.0,0.0079365079365079,0.6111111111111112,0.9603174603174603,0.4682539682539682,0.0,0.0,0.0,0.0,0.0,0.0,0.0,0.0,0.0,0.0079365079365079,0.2936507936507936,0.5158730158730159,0.7380952380952381,0.9603174603174603,0.4365079365079365,0.0,0.0
491,1.9646562059725643,0.2313548498575074,0.8945258192612562,0.641226249378197,24.53097703577977,13.396116937778036,1.0,1.0,0.24,7.62999141598887,4.0,0.0026,2.6538504608437616,0.0,0.0,0.0,0.0,0.0,0.0,0.0,0.0,0.0,0.0,0.0,0.0,0.0,0.0,0.0,0.0,0.0,0.0,0.0,0.0,0.0,0.0,0.0,0.0,0.0,0.0,0.0,0.0,0.0,0.0,0.0,0.0,0.0,0.0,0.0,0.0,0.0,0.0,0.0,0.0,0.0,0.0,0.0,0.0,0.0,0.0,0.0,0.0,0.0,0.0,0.0079365079365079,0.0,0.0079365079365079,0.0,0.0,0.0,0.0555555555555555,0.0,0.0,0.0,0.0,0.0396825396825396,0.0,0.0,0.0,0.0,0.0,0.0,0.0,0.0,0.0,0.0,0.0,0.0,0.0,0.0,0.0,0.0,0.0
492,1.2808412226351558,0.1546985598865394,0.9012964683985556,0.5720043510398551,6.415528109981892,5.67468984948427,1.0,1.0,0.24,9.40974458172536,4.0,0.0026,-0.3899237533250398,0.0,0.0,0.0,0.3412698412698413,0.0,0.0,0.0,0.0,0.0,0.0,0.0,0.0,0.0,0.0,0.1507936507936507,0.0,0.0,0.0,0.0,0.246031746031746,0.2936507936507936,0.0079365079365079,0.3571428571428571,0.0,0.0,0.0,0.0,0.0,0.0,0.2619047619047619,0.373015873015873,0.2301587301587301,0.0,0.0,0.0,0.0,0.0,0.0,0.373015873015873,0.0,0.0,0.0,0.0,0.0,0.0,0.0,0.0,0.2619047619047619,0.4047619047619047,0.4047619047619047,0.4047619047619047,0.0873015873015873,0.2142857142857142,0.0,0.0,0.3253968253968254,0.3888888888888889,0.0,0.0,0.0,0.4206349206349206,0.3888888888888889,0.0,0.0,0.0,0.0,0.0,0.0,0.0,0.0,0.0,0.0,0.0,0.0,0.2301587301587301,0.4047619047619047,0.3888888888888889,0.0,0.0
493,1.1158627698831487,0.2179548107939997,0.8878788028658331,0.6329366655213157,6.448048144190226,12.239910817143636,1.0,1.0,0.24,3.961141664294378,4.0,0.0026,-0.6308437725513317,0.0,0.0,0.0,0.4047619047619047,0.0,0.0,0.0,0.0,0.0396825396825396,0.0,0.0,0.0,0.0,0.0,0.2142857142857142,0.0,0.0,0.0,0.0,0.2777777777777778,0.3412698412698413,0.2142857142857142,0.4206349206349206,0.0,0.0,0.0,0.0,0.0,0.0,0.373015873015873,0.4047619047619047,0.4206349206349206,0.0,0.0,0.0,0.0,0.0,0.0,0.4206349206349206,0.0,0.0,0.0,0.0,0.0,0.0,0.0,0.0,0.373015873015873,0.4365079365079365,0.4365079365079365,0.4365079365079365,0.2142857142857142,0.2936507936507936,0.0,0.0,0.3888888888888889,0.4523809523809524,0.0,0.0,0.0,0.4523809523809524,0.4047619047619047,0.0,0.0,0.0,0.0,0.0,0.0,0.0,0.0,0.0,0.0,0.0,0.0,0.2777777777777778,0.4523809523809524,0.3888888888888889,0.0,0.0
494,1.1626578113038617,0.1246868145545427,0.9048070426443976,0.5669728162448383,16.116854374960155,9.588252738297047,1.0,1.0,0.24,13.546930357056556,4.0,0.0026,-0.0251938306104362,0.0,0.0,0.0,0.2936507936507936,0.0,0.0,0.0,0.0,0.0,0.0,0.0,0.0,0.0,0.0,0.119047619047619,0.0,0.0,0.0,0.0,0.1825396825396825,0.246031746031746,0.1031746031746031,0.2936507936507936,0.0,0.0,0.0,0.0,0.0,0.0,0.2301587301587301,0.2936507936507936,0.2777777777777778,0.0,0.0,0.0,0.0,0.0,0.0,0.3253968253968254,0.0,0.0,0.0,0.0,0.0,0.0,0.0,0.0,0.2301587301587301,0.3412698412698413,0.3412698412698413,0.3571428571428571,0.1666666666666666,0.2777777777777778,0.0,0.0,0.2619047619047619,0.3571428571428571,0.0,0.0,0.0,0.373015873015873,0.373015873015873,0.0,0.0,0.0,0.0,0.0,0.0,0.0,0.0,0.0,0.0,0.0,0.0,0.1507936507936507,0.3571428571428571,0.373015873015873,0.0,0.0
495,0.8826914744654815,0.1935378203841559,0.8920020526144635,0.6667694298455948,10.04560241924882,9.55526082780874,1.0,1.0,0.24,12.754333851696092,4.0,0.0026,-1.1548317583744914,0.0,0.0,0.0,0.4365079365079365,0.0,0.0,0.0,0.0,0.1825396825396825,0.0,0.0,0.0,0.0,0.0079365079365079,0.246031746031746,0.0,0.0,0.0,0.0,0.3253968253968254,0.373015873015873,0.2619047619047619,0.4523809523809524,0.0,0.0,0.0,0.0,0.0,0.0079365079365079,0.3888888888888889,0.4523809523809524,0.4523809523809524,0.0,0.0,0.0,0.0,0.0,0.0,0.4523809523809524,0.0,0.0,0.0,0.0,0.0,0.0,0.0,0.0,0.4523809523809524,0.4682539682539682,0.4682539682539682,0.4682539682539682,0.246031746031746,0.3253968253968254,0.0,0.0,0.4206349206349206,0.4841269841269841,0.0,0.0,0.0555555555555555,0.5,0.4206349206349206,0.0,0.0,0.0,0.0,0.0,0.0,0.0,0.0,0.0,0.0,0.0,0.119047619047619,0.3571428571428571,0.5,0.4047619047619047,0.0,0.0
496,1.7984115669967315,0.1629472494221025,0.8997452989914515,0.6903926407812304,8.293128151644387,2.350946582470896,1.0,1.0,0.24,0.8867898970970175,4.0,0.0026,1.9810359978141263,0.0,0.0,0.0,0.119047619047619,0.0,0.0,0.0,0.0,0.0,0.0,0.0,0.0,0.0,0.0,0.0,0.0,0.0,0.0,0.0,0.0,0.0,0.0,0.0714285714285714,0.0,0.0,0.0,0.0,0.0,0.0,0.0,0.0,0.0,0.0,0.0,0.0,0.0,0.0,0.0,0.0714285714285714,0.0,0.0,0.0,0.0,0.0,0.0,0.0,0.0,0.0,0.119047619047619,0.119047619047619,0.119047619047619,0.0,0.1031746031746031,0.0,0.0,0.0714285714285714,0.1349206349206349,0.0,0.0,0.0,0.0,0.1507936507936507,0.0,0.0,0.0,0.0,0.0,0.0,0.0,0.0,0.0,0.0,0.0,0.0,0.0,0.0,0.119047619047619,0.0,0.0
497,0.5292834597136606,0.1987730145442012,0.9053543786437952,0.6359766803589819,24.08904277616869,8.944395710211554,1.0,1.0,0.24,11.834842636214782,4.0,0.0026,-2.457726584642966,0.0,0.0,0.1031746031746031,0.5793650793650794,0.0,0.0,0.0,0.0079365079365079,0.3571428571428571,0.0,0.0,0.0,0.0,0.2301587301587301,0.373015873015873,0.0,0.0,0.0,0.0,0.4682539682539682,0.5476190476190477,0.4523809523809524,0.5952380952380952,0.0,0.0,0.0,0.0,0.0,0.2936507936507936,0.5793650793650794,0.5952380952380952,0.5952380952380952,0.0,0.0,0.0,0.0,0.0,0.1825396825396825,0.5952380952380952,0.0793650793650793,0.0,0.0,0.0,0.0,0.0,0.0,0.0,0.5952380952380952,0.6111111111111112,0.6111111111111112,0.6111111111111112,0.626984126984127,0.4365079365079365,0.0,0.0,0.5317460317460317,0.626984126984127,0.0,0.0,0.3412698412698413,0.626984126984127,0.4841269841269841,0.0,0.0,0.0,0.0,0.0,0.0,0.0,0.0,0.0,0.0,0.0555555555555555,0.2936507936507936,0.5158730158730159,0.626984126984127,0.4365079365079365,0.0,0.0
498,1.0729099111205471,0.1905034519197037,0.9152020501662002,0.6600820763349743,23.51632041568024,6.105953805451375,1.0,1.0,0.24,11.173985624804905,4.0,0.0026,0.3998209253441523,0.0,0.0,0.0,0.2619047619047619,0.0,0.0,0.0,0.0,0.0,0.0,0.0,0.0,0.0,0.0,0.0079365079365079,0.0,0.0,0.0,0.0,0.119047619047619,0.1666666666666666,0.0714285714285714,0.2619047619047619,0.0,0.0,0.0,0.0,0.0,0.0,0.1507936507936507,0.246031746031746,0.2301587301587301,0.0,0.0,0.0,0.0,0.0,0.0,0.2777777777777778,0.0,0.0,0.0,0.0,0.0,0.0,0.0,0.0,0.119047619047619,0.2936507936507936,0.2936507936507936,0.2936507936507936,0.1507936507936507,0.2619047619047619,0.0,0.0,0.2142857142857142,0.2936507936507936,0.0,0.0,0.0,0.2936507936507936,0.3095238095238095,0.0,0.0,0.0,0.0,0.0,0.0,0.0,0.0,0.0,0.0,0.0,0.0,0.0873015873015873,0.2619047619047619,0.3253968253968254,0.0,0.0
499,1.2094900682060499,0.15601317018413263,0.9182619823831316,0.5223976826154156,16.74756192989488,2.293804177364927,1.0,1.0,0.24,2.0760243520420962,4.0,0.0026,0.31745174017581956,0.0,0.0,0.0,0.2777777777777778,0.0,0.0,0.0,0.0,0.0,0.0,0.0,0.0,0.0,0.0,0.07142857142857142,0.0,0.0,0.0,0.0,0.16666666666666666,0.23015873015873015,0.0,0.29365079365079366,0.0,0.0,0.0,0.0,0.0,0.0,0.16666666666666666,0.2619047619047619,0.15079365079365079,0.0,0.0,0.0,0.0,0.0,0.0,0.29365079365079366,0.0,0.0,0.0,0.0,0.0,0.0,0.0,0.0,0.1984126984126984,0.3253968253968254,0.3253968253968254,0.3412698412698413,0.0,0.16666666666666666,0.0,0.0,0.23015873015873015,0.3253968253968254,0.0,0.0,0.0,0.35714285714285715,0.35714285714285715,0.0,0.0,0.0,0.0,0.0,0.0,0.0,0.0,0.0,0.0,0.0,0.0,0.11904761904761904,0.29365079365079366,0.35714285714285715,0.0,0.0
